{
"type": "FeatureCollection",
"name": "WpgNeighbourhoodClusters",
"crs": { "type": "name", "properties": { "name": "urn:ogc:def:crs:OGC:1.3:CRS84" } },
"features": [
{ "type": "Feature", "properties": { "cluster": "Assiniboine South", "neighbourhood_count": 20, "neighbourhoods": "Assiniboine Park; Betsworth; Edgeland; Elmhurst; Eric Coy; Marlton; Old Tuxedo; Ridgedale; Ridgewood South; River West Park; Roblin Park; South Tuxedo; Southboine; Tuxedo; Tuxedo Industrial; Varsity View; Vialoux; West Perimeter South; Westdale; Wilkes South" }, "geometry": { "type": "Polygon", "coordinates": [ [ [ -97.23437005304686, 49.814397344465227 ], [ -97.23441521532915, 49.814397437612669 ], [ -97.234503030422943, 49.814397691724707 ], [ -97.253699819962463, 49.814441632950732 ], [ -97.253695815857981, 49.812401091804681 ], [ -97.276534933675876, 49.812464379471763 ], [ -97.276532855162557, 49.810654107158797 ], [ -97.299376964835574, 49.810705819085584 ], [ -97.299362694046707, 49.808902861420457 ], [ -97.304370077123608, 49.808912777641503 ], [ -97.313181642053138, 49.808928796655955 ], [ -97.316106782506324, 49.808934268182071 ], [ -97.326282688025969, 49.808957807137531 ], [ -97.328389344731463, 49.808964465484657 ], [ -97.343191578603836, 49.809010169645902 ], [ -97.349150636840548, 49.809020171925575 ], [ -97.34912671606503, 49.809291409980034 ], [ -97.3489163851699, 49.811676205995163 ], [ -97.348123843931845, 49.820659872187022 ], [ -97.347330968683423, 49.829643516545637 ], [ -97.346666461750118, 49.837169756216682 ], [ -97.345834224142578, 49.837206304151444 ], [ -97.345086082105482, 49.837239153632446 ], [ -97.344151016117905, 49.837280203724013 ], [ -97.342607568251154, 49.837347946335399 ], [ -97.34246695805966, 49.837354117072316 ], [ -97.342326347867271, 49.837360286739205 ], [ -97.340782895491685, 49.83742800499396 ], [ -97.339096080286012, 49.837501989111878 ], [ -97.337409048806506, 49.837575958177133 ], [ -97.33572222447026, 49.837649893974685 ], [ -97.334035185315429, 49.837723812934954 ], [ -97.332353001278506, 49.837797495670614 ], [ -97.331157564341339, 49.837849842293828 ], [ -97.330670053645861, 49.837871186174397 ], [ -97.328988580703864, 49.837944788059744 ], [ -97.328124442263956, 49.837982603630401 ], [ -97.327388189512234, 49.838014817996793 ], [ -97.325378778036026, 49.838102711818152 ], [ -97.325671410836051, 49.835274800430689 ], [ -97.325378778036026, 49.83810271181806 ], [ -97.325285704199075, 49.838994947419664 ], [ -97.325271486029692, 49.839131246571419 ], [ -97.325271486029678, 49.839131246571419 ], [ -97.325257267770908, 49.839267545717412 ], [ -97.324409645366813, 49.847391470035959 ], [ -97.324395332844404, 49.847528163352905 ], [ -97.324395332839785, 49.847528163352727 ], [ -97.324381020231741, 49.847664856664281 ], [ -97.323633897871133, 49.854799078988847 ], [ -97.323608376284199, 49.855315311643309 ], [ -97.323639360247199, 49.855831419286119 ], [ -97.323726696549016, 49.8563448198299 ], [ -97.325898499375469, 49.865969141767017 ], [ -97.325898499375498, 49.865969141767025 ], [ -97.325905840333292, 49.866001907445273 ], [ -97.326417519202977, 49.868268665882084 ], [ -97.326507743705093, 49.868668343030087 ], [ -97.32615284701707, 49.868759683857533 ], [ -97.325537901625111, 49.868971567826875 ], [ -97.324805160697707, 49.869366492486364 ], [ -97.324023439322161, 49.869825772212756 ], [ -97.323314074025689, 49.870375561725751 ], [ -97.322949248244726, 49.870787415439757 ], [ -97.322494316114046, 49.87141292038482 ], [ -97.322130924238095, 49.871782962915759 ], [ -97.321629325558462, 49.872146355477305 ], [ -97.321076202957315, 49.872388159239115 ], [ -97.320372833847529, 49.872555743866215 ], [ -97.319510154727396, 49.872651299071471 ], [ -97.318634002148471, 49.872668803341831 ], [ -97.317705049748511, 49.872601875958814 ], [ -97.316844887504985, 49.872469710213132 ], [ -97.315959231887078, 49.872191926802657 ], [ -97.315250714374002, 49.871835376486615 ], [ -97.31350262131437, 49.870821154722371 ], [ -97.312922793971183, 49.870383965456242 ], [ -97.312793610369567, 49.870186873396285 ], [ -97.31266674493196, 49.869993316425628 ], [ -97.312554582138432, 49.869652400666226 ], [ -97.312489364496642, 49.869254071861256 ], [ -97.312346115428312, 49.867948302975506 ], [ -97.312178310088385, 49.867502002983279 ], [ -97.311916552318991, 49.867069439477163 ], [ -97.311512525553255, 49.866747509956198 ], [ -97.310994774528567, 49.866542438551676 ], [ -97.310464884110402, 49.866427818288869 ], [ -97.309723946035888, 49.866385643419143 ], [ -97.308799637988258, 49.866395399038488 ], [ -97.307786712902697, 49.866368995660387 ], [ -97.307263745419291, 49.866313720163873 ], [ -97.305056713782946, 49.865942183575442 ], [ -97.304049657633215, 49.86574851546893 ], [ -97.303099770849769, 49.865513846099688 ], [ -97.302197089424979, 49.865214792315498 ], [ -97.300273334222936, 49.864405779921682 ], [ -97.299343334579959, 49.864117922369083 ], [ -97.298529759506778, 49.863944473694765 ], [ -97.297830968640227, 49.863880764578681 ], [ -97.296311385015727, 49.863951392469502 ], [ -97.295344822947726, 49.863937180847657 ], [ -97.294039242944365, 49.863851741695242 ], [ -97.291736558001773, 49.863853846089391 ], [ -97.290746733523804, 49.863785804403662 ], [ -97.290561385640629, 49.863744178512761 ], [ -97.290387630891288, 49.863705155904142 ], [ -97.289639264760041, 49.863537080854684 ], [ -97.288726902200054, 49.863261017280443 ], [ -97.288029251350594, 49.862911430621722 ], [ -97.287528786856711, 49.862526409559671 ], [ -97.287195744719554, 49.862083440107703 ], [ -97.287079385682787, 49.861663425046032 ], [ -97.286945053032468, 49.861294269184178 ], [ -97.286703696064095, 49.860800366322692 ], [ -97.286296779503076, 49.860343520767074 ], [ -97.285693367277716, 49.859923282089255 ], [ -97.285058840455747, 49.859619917186542 ], [ -97.284359445091738, 49.859372532144071 ], [ -97.283453745358131, 49.859165079055074 ], [ -97.282603463845376, 49.85906766172269 ], [ -97.281872539078876, 49.859051018998287 ], [ -97.281154568058071, 49.859125194538805 ], [ -97.28033778141311, 49.859350112731512 ], [ -97.279639366688471, 49.859632555078427 ], [ -97.279148131932288, 49.859951765610461 ], [ -97.278735914256913, 49.860323272643456 ], [ -97.278344856214957, 49.86075667497736 ], [ -97.278069136447257, 49.861181332214329 ], [ -97.277974691114039, 49.861613329964925 ], [ -97.278021361677517, 49.862019537899556 ], [ -97.278263441097906, 49.862541356220305 ], [ -97.278537016100955, 49.863036917319349 ], [ -97.278751599276674, 49.863523468126559 ], [ -97.279027286887171, 49.864617454398356 ], [ -97.27928223891783, 49.865283540977089 ], [ -97.279492191761875, 49.865749106649943 ], [ -97.279954083417223, 49.866460092761713 ], [ -97.280144361577911, 49.86682195322895 ], [ -97.280293612660159, 49.867276159158074 ], [ -97.280276001899466, 49.867772042604649 ], [ -97.280201673927564, 49.868143919743659 ], [ -97.280044181495796, 49.868579630914248 ], [ -97.279555273240419, 49.869292992621027 ], [ -97.279218888210977, 49.869595690553929 ], [ -97.278795039586555, 49.869836888611871 ], [ -97.278566389110253, 49.869900987597063 ], [ -97.278184918527757, 49.870007926184712 ], [ -97.277528407612735, 49.870067887710832 ], [ -97.277022083815012, 49.8700499048987 ], [ -97.276430713296435, 49.869996959232772 ], [ -97.275099948065829, 49.869706432814056 ], [ -97.274259270631248, 49.869587021343698 ], [ -97.273389218802407, 49.869585683226795 ], [ -97.272822629906628, 49.869644633713648 ], [ -97.271752488505044, 49.869859906667557 ], [ -97.270791001335766, 49.870153478328561 ], [ -97.27005269199843, 49.870489878922093 ], [ -97.269082742834826, 49.870969219300022 ], [ -97.268033069611562, 49.871364863177774 ], [ -97.26691275262715, 49.871724583375155 ], [ -97.266208964637585, 49.871898805277908 ], [ -97.265795446684606, 49.871958846691868 ], [ -97.265548950818896, 49.871994636285642 ], [ -97.265225473519052, 49.872001579619742 ], [ -97.264847262389452, 49.872009696649542 ], [ -97.263715036834398, 49.871998551370794 ], [ -97.263499827417647, 49.871983852478905 ], [ -97.262560073294338, 49.871919662106059 ], [ -97.261370845038456, 49.871793770038487 ], [ -97.26023344187783, 49.87172674027201 ], [ -97.259666187332144, 49.871763570150577 ], [ -97.25906959696114, 49.871895174550964 ], [ -97.256938781536704, 49.872516187014618 ], [ -97.255761695893895, 49.872791256606284 ], [ -97.254746533235391, 49.872973504263804 ], [ -97.253870598771783, 49.873183403090877 ], [ -97.252916002323417, 49.873480416611564 ], [ -97.252567602938271, 49.873569281306416 ], [ -97.250876517238893, 49.873798237809581 ], [ -97.249955553147231, 49.873959788351897 ], [ -97.249500925845808, 49.87400288646856 ], [ -97.249201457578735, 49.873990443507097 ], [ -97.248666159781664, 49.873968199843638 ], [ -97.24770348881502, 49.873890905948038 ], [ -97.246885318978883, 49.873844838036916 ], [ -97.24630169172957, 49.873875515022306 ], [ -97.245802043019054, 49.873970204480806 ], [ -97.245475093496012, 49.874111659561919 ], [ -97.244831044205768, 49.874579493900306 ], [ -97.244451964532956, 49.874908359709501 ], [ -97.244301625029109, 49.874988579904134 ], [ -97.244099931745467, 49.875047107157876 ], [ -97.24386347858001, 49.875072573277173 ], [ -97.243385701386813, 49.875059523887906 ], [ -97.241518803490138, 49.874879005617913 ], [ -97.241249481108312, 49.874869106757444 ], [ -97.240375458302495, 49.874974358819522 ], [ -97.239429323848526, 49.875134281859353 ], [ -97.237541811676607, 49.875530895122935 ], [ -97.236639972244717, 49.875648447103579 ], [ -97.23561263777114, 49.875667671578789 ], [ -97.234417560437606, 49.875633206822812 ], [ -97.233146797642164, 49.875573175425252 ], [ -97.232023192023775, 49.875569985707841 ], [ -97.231274297188861, 49.875606230004166 ], [ -97.230526240656332, 49.875559954572779 ], [ -97.22995457169533, 49.875460195295609 ], [ -97.2299205983023, 49.875454266656391 ], [ -97.228839686194718, 49.875168212235778 ], [ -97.227717214380519, 49.874839622278664 ], [ -97.227040487589619, 49.874663123507801 ], [ -97.226311060610797, 49.874403309537989 ], [ -97.225277641654472, 49.874000566402934 ], [ -97.224138267107833, 49.873595028685138 ], [ -97.223409639203339, 49.873314293652811 ], [ -97.223072291323348, 49.873247539799976 ], [ -97.22218669002487, 49.873178186736467 ], [ -97.221298787494405, 49.873171536153414 ], [ -97.220613720676042, 49.873222603848227 ], [ -97.219665036707653, 49.873402079445576 ], [ -97.219583387277481, 49.873420465485786 ], [ -97.21891631089315, 49.87357067686149 ], [ -97.216481472807487, 49.874072375419949 ], [ -97.215276059390277, 49.87424089290888 ], [ -97.214470835339995, 49.874331903891445 ], [ -97.213926120340332, 49.874330483077344 ], [ -97.213106445205398, 49.874228380325398 ], [ -97.212468301602144, 49.874127909537592 ], [ -97.210757674513815, 49.873712266556403 ], [ -97.210230046678191, 49.873637890027865 ], [ -97.209780101394202, 49.873650694333151 ], [ -97.209327535752521, 49.873734334614021 ], [ -97.208861910247947, 49.873879354021085 ], [ -97.208556238780602, 49.87407448333758 ], [ -97.2083560222339, 49.874286347157714 ], [ -97.208240042907889, 49.874505322528741 ], [ -97.208253948240085, 49.875004008755802 ], [ -97.208367806141041, 49.875959719479745 ], [ -97.208293359209904, 49.87622232851588 ], [ -97.208027444407719, 49.876508702103976 ], [ -97.207590306733422, 49.876757569324205 ], [ -97.207095981239476, 49.876899814027759 ], [ -97.206607914331272, 49.876970113343909 ], [ -97.206127862164266, 49.876969656460773 ], [ -97.205412158543822, 49.87692371957057 ], [ -97.204465390941877, 49.876805644788952 ], [ -97.203792043255291, 49.876781268872172 ], [ -97.203246267835823, 49.876807668041295 ], [ -97.203050603138919, 49.876838937237892 ], [ -97.20286075004897, 49.876550689285175 ], [ -97.202381506840979, 49.875823053098529 ], [ -97.205170645165722, 49.872843237929402 ], [ -97.205480933712195, 49.869561126691309 ], [ -97.205991979810008, 49.864154368574901 ], [ -97.206647466643275, 49.857229046390394 ], [ -97.206968350305118, 49.853814410750061 ], [ -97.207555393714443, 49.847602213399398 ], [ -97.199412079915788, 49.848363470330561 ], [ -97.196720729684102, 49.848615737846373 ], [ -97.196768663974481, 49.848010696902037 ], [ -97.196836843449077, 49.847522108257969 ], [ -97.196951394811961, 49.8470398460369 ], [ -97.196996539395073, 49.846906198214739 ], [ -97.196996539397873, 49.846906198214739 ], [ -97.196997489964303, 49.846903384111734 ], [ -97.197042611276274, 49.846769804386632 ], [ -97.197293891349162, 49.846143383364613 ], [ -97.199119769544126, 49.842588374405842 ], [ -97.206746492827662, 49.827733083049623 ], [ -97.207003136983062, 49.827232838539004 ], [ -97.204917097474407, 49.825774120108427 ], [ -97.204109000209471, 49.824920177692178 ], [ -97.201136825298192, 49.821236313992763 ], [ -97.207059582046369, 49.819219702399643 ], [ -97.209579977781004, 49.818381292330777 ], [ -97.2108988272483, 49.817934888628173 ], [ -97.219528702806841, 49.815013273013001 ], [ -97.221079689051848, 49.81436916780779 ], [ -97.222013666344765, 49.814371197771926 ], [ -97.222916713326512, 49.814373153351141 ], [ -97.224233706104968, 49.814375992552478 ], [ -97.224618996290118, 49.814376820338978 ], [ -97.22524894921338, 49.814378171017161 ], [ -97.226772947792028, 49.81438142444717 ], [ -97.226896525079368, 49.81438168738115 ], [ -97.227159855908113, 49.814382247227364 ], [ -97.227411244968224, 49.814382781126803 ], [ -97.228312692533081, 49.81438469113403 ], [ -97.230121949138848, 49.814388503462538 ], [ -97.230862581271126, 49.814390055916498 ], [ -97.23437005304686, 49.814397344465227 ] ], [ [ -97.229901081619019, 49.826092733788599 ], [ -97.229972794243821, 49.825270522455469 ], [ -97.230043534041428, 49.82445943337256 ], [ -97.229972794243793, 49.825270522455561 ], [ -97.229901081619005, 49.826092733788698 ], [ -97.229829366200008, 49.826914944939126 ], [ -97.229901081619019, 49.826092733788599 ] ], [ [ -97.229545369010609, 49.830170630012624 ], [ -97.229581170010775, 49.829760242911298 ], [ -97.229608522183725, 49.829446699363018 ], [ -97.229581170010775, 49.829760242911291 ], [ -97.229545369010609, 49.830170630012624 ] ], [ [ -97.2287060482969, 49.839789472154372 ], [ -97.228793387116141, 49.83878874863062 ], [ -97.228865017675687, 49.837967976293363 ], [ -97.228793387116127, 49.83878874863062 ], [ -97.2287060482969, 49.839789472154372 ] ], [ [ -97.228415463598964, 49.843115653389653 ], [ -97.228482348910532, 49.842350899493653 ], [ -97.2285493413018, 49.841584893320359 ], [ -97.228482348910518, 49.842350899493653 ], [ -97.228415463598964, 49.843115653389653 ] ] ] } },
{ "type": "Feature", "properties": { "cluster": "Downtown East", "neighbourhood_count": 17, "neighbourhoods": "Armstrong Point; Broadway-Assiniboine; Centennial; Central Park; China Town; Civic Centre; Colony; Exchange District; Legislature; Logan-C.P.R.; Portage-Ellice; Portage & Main; South Portage; Spence; The Forks; West Alexander; West Broadway" }, "geometry": { "type": "Polygon", "coordinates": [ [ [ -97.155879603757299, 49.873738976009228 ], [ -97.156859293084196, 49.873983994883019 ], [ -97.157029241698794, 49.874028866529393 ], [ -97.157614105878594, 49.874250800379023 ], [ -97.158114803937565, 49.874558539512186 ], [ -97.158586421068549, 49.874969227361746 ], [ -97.159374440137938, 49.875806723453181 ], [ -97.159713020567736, 49.876217617697151 ], [ -97.160288983609078, 49.877100541766829 ], [ -97.160537051475345, 49.877433308582575 ], [ -97.160849693145465, 49.877722945654874 ], [ -97.161261190330109, 49.877967923961862 ], [ -97.161696524531621, 49.878197670504491 ], [ -97.161696524531607, 49.878197670504498 ], [ -97.161168256873154, 49.878853221062165 ], [ -97.161065783677799, 49.880322288552051 ], [ -97.160675620278724, 49.885832585846849 ], [ -97.160523195411329, 49.887991613787769 ], [ -97.159064407618573, 49.888384119813637 ], [ -97.158742031233956, 49.892939710086893 ], [ -97.158164359381345, 49.901100867312088 ], [ -97.159703819257032, 49.901550113901948 ], [ -97.171435567347928, 49.905306129809681 ], [ -97.170926848600601, 49.9101204982762 ], [ -97.170686774805418, 49.912510234388819 ], [ -97.170221975258713, 49.916779219594005 ], [ -97.170011800306156, 49.916773838007856 ], [ -97.160743425353488, 49.913804765117057 ], [ -97.145042418643641, 49.908793180201812 ], [ -97.141907479039602, 49.907816133011409 ], [ -97.137372702184663, 49.906361951066209 ], [ -97.136868858487034, 49.906200365583487 ], [ -97.136617995059197, 49.906119909285856 ], [ -97.136144041522741, 49.905967901387442 ], [ -97.135868175399295, 49.905937916590993 ], [ -97.135895521189553, 49.905832976835214 ], [ -97.135201435406245, 49.905758983762453 ], [ -97.134507351823345, 49.90568498745597 ], [ -97.134230366480608, 49.905655406382216 ], [ -97.134554797690299, 49.904396843860475 ], [ -97.135029785451536, 49.903601575098058 ], [ -97.135846581246668, 49.90257806858552 ], [ -97.133188984518583, 49.90172582557652 ], [ -97.133578489192502, 49.901217327484019 ], [ -97.129844336362126, 49.90002030946453 ], [ -97.129838178990099, 49.900026252540869 ], [ -97.129802440422068, 49.900042946411844 ], [ -97.129756754614462, 49.900061188842365 ], [ -97.129749192868118, 49.900065835105181 ], [ -97.129373079624216, 49.899945164863198 ], [ -97.128784330615176, 49.899763821277382 ], [ -97.12898596574, 49.899682642736693 ], [ -97.129591661534903, 49.899370559314981 ], [ -97.130116811070039, 49.899047877989872 ], [ -97.130572516024031, 49.898706645288748 ], [ -97.130947898554624, 49.898302532844063 ], [ -97.131110618708718, 49.89804836716926 ], [ -97.131165806506573, 49.897911781779413 ], [ -97.131216035717188, 49.897787467776347 ], [ -97.13124903564885, 49.897305793833596 ], [ -97.131259466642064, 49.896709885689326 ], [ -97.131205275823461, 49.896157089520727 ], [ -97.130944404350529, 49.89555332136311 ], [ -97.130668927351721, 49.895137451187935 ], [ -97.130548407113594, 49.89495550701028 ], [ -97.129914781837911, 49.894316675694647 ], [ -97.129334966948235, 49.893775150426904 ], [ -97.12876221768191, 49.893097788870065 ], [ -97.127391251265053, 49.891313332484515 ], [ -97.12730705746273, 49.891225692997288 ], [ -97.126920361721474, 49.890823166687184 ], [ -97.126490626268918, 49.890419188150304 ], [ -97.126088732798323, 49.889819749287263 ], [ -97.125837542243019, 49.889264115886604 ], [ -97.125679893694553, 49.888691052260391 ], [ -97.12565241098396, 49.887944288530477 ], [ -97.125766070644204, 49.8873314577746 ], [ -97.125933999779193, 49.886849642084002 ], [ -97.126158531597198, 49.886472788933993 ], [ -97.126487479268292, 49.886096508283146 ], [ -97.126814108143748, 49.885780558449568 ], [ -97.127271203365211, 49.885731745120204 ], [ -97.127920015488399, 49.885723250085064 ], [ -97.128977949460548, 49.885756609429528 ], [ -97.130046070235892, 49.885761075376273 ], [ -97.131119243192785, 49.885771458517389 ], [ -97.132204998030943, 49.885735449639526 ], [ -97.133008506972843, 49.885650818125661 ], [ -97.13311134033853, 49.885636556425659 ], [ -97.133896254615934, 49.885527967147318 ], [ -97.134757928610114, 49.885333913281535 ], [ -97.135501224926244, 49.885134351659708 ], [ -97.136246232604506, 49.884934902740319 ], [ -97.136899212798198, 49.884695568910203 ], [ -97.13751771066265, 49.884418445491818 ], [ -97.138068006694965, 49.884183300717162 ], [ -97.138729533112624, 49.88390929020877 ], [ -97.139370297368487, 49.883661562557315 ], [ -97.139941064265571, 49.883407042421076 ], [ -97.140523621395886, 49.883129326300832 ], [ -97.141143955689685, 49.882851133920461 ], [ -97.141784530758599, 49.882604649012102 ], [ -97.142402722858719, 49.882429747505526 ], [ -97.143022924350902, 49.882292106771175 ], [ -97.143194159551086, 49.882262924085957 ], [ -97.143671003756623, 49.882181708948011 ], [ -97.144330910323703, 49.882041189764841 ], [ -97.144929768422173, 49.881945015555289 ], [ -97.145563797985957, 49.881871524244815 ], [ -97.146279533310718, 49.881822538654099 ], [ -97.146994998892978, 49.881780559032421 ], [ -97.147708433021606, 49.881746636414611 ], [ -97.148443994147328, 49.881745659461643 ], [ -97.149219037653125, 49.881695223660557 ], [ -97.149862065043934, 49.881668347376305 ], [ -97.150565591941131, 49.881656282377755 ], [ -97.151221007673627, 49.881680677581883 ], [ -97.151735474943465, 49.881629706964745 ], [ -97.15226506682869, 49.881510267147114 ], [ -97.15286861709393, 49.881338673874424 ], [ -97.153063831433627, 49.881273436319191 ], [ -97.153446004038472, 49.881145706523917 ], [ -97.154015453221675, 49.880971135878909 ], [ -97.154387490232835, 49.880790001854756 ], [ -97.154651336587008, 49.880565325882365 ], [ -97.154860918448691, 49.880303722786842 ], [ -97.15499093188798, 49.879958385185887 ], [ -97.155016412685029, 49.879572982631231 ], [ -97.154919147058337, 49.879200824700362 ], [ -97.154831568999541, 49.87908341831767 ], [ -97.153102017042826, 49.877342937554843 ], [ -97.152357750422098, 49.87559745597936 ], [ -97.15250360806651, 49.875023993480347 ], [ -97.152986019715172, 49.874438848291511 ], [ -97.153882186327834, 49.873944318069782 ], [ -97.15476666307174, 49.873737702441943 ], [ -97.155879603757299, 49.873738976009228 ] ] ] } },
{ "type": "Feature", "properties": { "cluster": "Downtown West", "neighbourhood_count": 7, "neighbourhoods": "Daniel McIntyre; Minto; Polo Park; Sargent Park; St. Matthews; West Wolseley; Wolseley" }, "geometry": { "type": "Polygon", "coordinates": [ [ [ -97.20485229001936, 49.879636697466012 ], [ -97.20632989354057, 49.881930972453027 ], [ -97.206175382248546, 49.883646902491556 ], [ -97.204072415442297, 49.883566675437706 ], [ -97.203995625276178, 49.884423342205594 ], [ -97.203333239845236, 49.884398060919494 ], [ -97.203336501870083, 49.884361593909929 ], [ -97.202335963011393, 49.884321263410413 ], [ -97.202092166427619, 49.887375409468099 ], [ -97.201919259796526, 49.889539459063691 ], [ -97.201694724410146, 49.892350874211367 ], [ -97.201553677698456, 49.894116729159222 ], [ -97.201542803861429, 49.894252859484233 ], [ -97.193107635478327, 49.893994882507371 ], [ -97.19283360279077, 49.89757935381207 ], [ -97.192594419659471, 49.900374169977653 ], [ -97.192557698186107, 49.900781599760514 ], [ -97.192473476414975, 49.901262874505917 ], [ -97.192315366460889, 49.901806292427395 ], [ -97.192064393078581, 49.902413102389588 ], [ -97.191745209134396, 49.902995105970724 ], [ -97.191374378093684, 49.903539251198794 ], [ -97.190982699424268, 49.904097099200847 ], [ -97.190676339591874, 49.904505320749102 ], [ -97.190177366746042, 49.90517018042717 ], [ -97.186398401171417, 49.910096555877296 ], [ -97.183721418092944, 49.909239959599667 ], [ -97.180240478783602, 49.908125595353219 ], [ -97.173269004629404, 49.90589332894713 ], [ -97.171435567347928, 49.905306129809681 ], [ -97.159703819257032, 49.901550113901948 ], [ -97.158164359381345, 49.901100867312088 ], [ -97.158742031233956, 49.892939710086893 ], [ -97.159064407618573, 49.888384119813637 ], [ -97.160523195411329, 49.887991613787769 ], [ -97.160675620278724, 49.885832585846849 ], [ -97.161065783677785, 49.880322288552136 ], [ -97.161168256873154, 49.878853221062165 ], [ -97.161696524531607, 49.878197670504484 ], [ -97.162129079920192, 49.878360230225681 ], [ -97.162620684930729, 49.878483056409621 ], [ -97.163104100742842, 49.878584835759725 ], [ -97.163492595411938, 49.87862933594706 ], [ -97.163740757678653, 49.878628619888524 ], [ -97.164272467119119, 49.878547572613442 ], [ -97.164873437371483, 49.878394417165978 ], [ -97.165504784119747, 49.878198747545504 ], [ -97.166042682900454, 49.878001595967049 ], [ -97.168026595684225, 49.877176618351861 ], [ -97.169284063766625, 49.876684070058801 ], [ -97.169928827377291, 49.876465349541697 ], [ -97.170243119487537, 49.876379680039676 ], [ -97.171325114767171, 49.876208776428044 ], [ -97.172034834015236, 49.87616510499597 ], [ -97.172813600796275, 49.876158793138487 ], [ -97.174104358998889, 49.876211667985224 ], [ -97.174776542434785, 49.876314048274132 ], [ -97.175449168867914, 49.876452451790648 ], [ -97.176107514250234, 49.876635942353182 ], [ -97.176769553359534, 49.876912442505919 ], [ -97.177511116667432, 49.877321488537312 ], [ -97.178085786896929, 49.877674457296379 ], [ -97.179544356716832, 49.878621117045327 ], [ -97.179981021775632, 49.878867334037231 ], [ -97.180481853472642, 49.879080860379446 ], [ -97.18106289412745, 49.879265432810669 ], [ -97.18162473053016, 49.879386956287199 ], [ -97.182313758961115, 49.879473289625039 ], [ -97.182827753096717, 49.879498777931374 ], [ -97.183331973770436, 49.879478795134226 ], [ -97.184019787609145, 49.879405913563318 ], [ -97.18467450086159, 49.879304622973599 ], [ -97.187515045163764, 49.878692579516098 ], [ -97.188294489054172, 49.878477024961406 ], [ -97.188835199726327, 49.87829840294939 ], [ -97.18924493048614, 49.878208363572462 ], [ -97.189740177800473, 49.878139411329826 ], [ -97.190264887427332, 49.878099965458766 ], [ -97.191034787979206, 49.878091068677882 ], [ -97.192816896182777, 49.878229251872014 ], [ -97.193679720691463, 49.878332170439514 ], [ -97.194364483525746, 49.878362466830161 ], [ -97.19559095040762, 49.878431655166814 ], [ -97.196147789189354, 49.878398492511167 ], [ -97.197138744040316, 49.87824775281009 ], [ -97.197964670196782, 49.878086305536385 ], [ -97.198750444504924, 49.87784405470812 ], [ -97.199200846223448, 49.877626799041359 ], [ -97.199693965990051, 49.877469463981434 ], [ -97.200413718948099, 49.877309836014049 ], [ -97.201319117464706, 49.877137979384699 ], [ -97.202298487672394, 49.876959129426382 ], [ -97.203050603138919, 49.876838937237892 ], [ -97.203257156689077, 49.877159702659036 ], [ -97.20485229001936, 49.879636697466012 ] ] ] } },
{ "type": "Feature", "properties": { "cluster": "Fort Garry North", "neighbourhood_count": 14, "neighbourhoods": "Beaumont; Brockville; Buffalo; Chevrier; Crescent Park; Linden Ridge; Linden Woods; Maybank; Parker; Pembina Strip; Point Road; West Fort Garry Industrial; Whyte Ridge; Wildwood" }, "geometry": { "type": "Polygon", "coordinates": [ [ [ -97.219669049351879, 49.805006895926681 ], [ -97.219668115042978, 49.806352297189129 ], [ -97.219667876019471, 49.806977861202618 ], [ -97.219668106816613, 49.812291331986309 ], [ -97.219651976123757, 49.814366050389502 ], [ -97.221079689051848, 49.81436916780779 ], [ -97.219528702806841, 49.815013273013001 ], [ -97.2108988272483, 49.817934888628173 ], [ -97.209579977781019, 49.818381292330777 ], [ -97.207059582046369, 49.819219702399643 ], [ -97.201136825298192, 49.821236313992763 ], [ -97.204109000209471, 49.824920177692178 ], [ -97.204917097474407, 49.825774120108427 ], [ -97.207003136983062, 49.827232838539004 ], [ -97.206746492827662, 49.827733083049623 ], [ -97.199119769544126, 49.842588374405842 ], [ -97.197293891349162, 49.846143383364613 ], [ -97.197042611276274, 49.846769804386632 ], [ -97.196997489964303, 49.846903384111734 ], [ -97.196951394811961, 49.8470398460369 ], [ -97.196836843449077, 49.847522108257969 ], [ -97.196768663974481, 49.848010696901952 ], [ -97.196720729684102, 49.848615737846373 ], [ -97.192436943474675, 49.849016383629781 ], [ -97.178871941684591, 49.850283449119843 ], [ -97.176150356415548, 49.850537882085597 ], [ -97.157048667104604, 49.852318036378293 ], [ -97.15593646627164, 49.852433650149834 ], [ -97.155074391313789, 49.852568951441476 ], [ -97.154244902584438, 49.852804867596248 ], [ -97.153545449006572, 49.853144510219934 ], [ -97.152651371228941, 49.853970587125794 ], [ -97.152431116872421, 49.854180389544162 ], [ -97.152010105425035, 49.852636625817183 ], [ -97.151934610584206, 49.85235979145012 ], [ -97.146647104339451, 49.854144892828948 ], [ -97.146254999936588, 49.853659797041047 ], [ -97.146131120297156, 49.853701654369786 ], [ -97.146033077447186, 49.853734781756771 ], [ -97.146003393949798, 49.85374481133465 ], [ -97.145815563085932, 49.853808276284525 ], [ -97.145798674738757, 49.85381398240532 ], [ -97.145684087313697, 49.85385269915173 ], [ -97.145627730345552, 49.85387174090144 ], [ -97.145571373596425, 49.853890782948234 ], [ -97.145458684096923, 49.853928858804764 ], [ -97.145439898475004, 49.853935206128824 ], [ -97.145345981679426, 49.853966938165371 ], [ -97.145068827398845, 49.853624039430443 ], [ -97.144613638705039, 49.853060862509629 ], [ -97.144689418982011, 49.853008780585412 ], [ -97.145044000739816, 49.852607916871754 ], [ -97.145310267075686, 49.852173930597935 ], [ -97.145428826220311, 49.851755133881788 ], [ -97.14538351761982, 49.851359211317572 ], [ -97.145217727256181, 49.850986007205918 ], [ -97.144915512026429, 49.850674360625923 ], [ -97.144441666364202, 49.850416907721218 ], [ -97.143833004808073, 49.850213386159226 ], [ -97.143443830602337, 49.850147660031894 ], [ -97.143324877210958, 49.850135389371303 ], [ -97.143053680900849, 49.850107413583835 ], [ -97.142730373649641, 49.85010648201844 ], [ -97.141835326309035, 49.85020771886969 ], [ -97.141145435186345, 49.850340286012667 ], [ -97.140619610458927, 49.850478881107172 ], [ -97.14010426843133, 49.850652487455214 ], [ -97.137273052554448, 49.851813855192411 ], [ -97.136338143843702, 49.852164276015692 ], [ -97.135598108189228, 49.852369094217153 ], [ -97.134914013261792, 49.852486419688297 ], [ -97.134298312817151, 49.852534301544097 ], [ -97.133681325450638, 49.852547314004326 ], [ -97.133100919340507, 49.852532016294944 ], [ -97.132526848712359, 49.852488771464017 ], [ -97.131912052398718, 49.852410871786915 ], [ -97.131237580773458, 49.85227846361078 ], [ -97.130473878412474, 49.852074071327053 ], [ -97.129654807134813, 49.851771893111454 ], [ -97.128688680652175, 49.8513296526312 ], [ -97.127785361649259, 49.850861222241619 ], [ -97.125560999167462, 49.849647319501848 ], [ -97.124272063045723, 49.84888791054594 ], [ -97.12207369230984, 49.847652263207145 ], [ -97.121668005718618, 49.84740346982268 ], [ -97.121309086102613, 49.847135035818262 ], [ -97.120952636717519, 49.846836894588044 ], [ -97.120637930829147, 49.846513082628881 ], [ -97.120292168587142, 49.846119497148628 ], [ -97.119939765097513, 49.845673115394284 ], [ -97.119599196249865, 49.845135558505483 ], [ -97.119433442686031, 49.844665429237821 ], [ -97.119410266448071, 49.844178915985182 ], [ -97.119491141158107, 49.843720437841284 ], [ -97.119724801100389, 49.843241491733394 ], [ -97.120044503950552, 49.842825983038637 ], [ -97.120420893985681, 49.842507430531981 ], [ -97.120893158562865, 49.842156435915967 ], [ -97.121334803250377, 49.84191712850037 ], [ -97.121853730596058, 49.841718166949903 ], [ -97.122474236537769, 49.841576941682028 ], [ -97.123082091782393, 49.841524746672505 ], [ -97.12390444524371, 49.841532964003889 ], [ -97.124464619463978, 49.841592175281228 ], [ -97.12516410820831, 49.841685083815761 ], [ -97.125898961063001, 49.841849100909684 ], [ -97.126651845088858, 49.842056749189588 ], [ -97.127253796445018, 49.842259403771955 ], [ -97.128303358520583, 49.842646062795644 ], [ -97.129215227923709, 49.843025390068327 ], [ -97.129902278263884, 49.843237053543319 ], [ -97.130740933306996, 49.843436710362397 ], [ -97.131705937596365, 49.843563607921119 ], [ -97.132706994064719, 49.843641784779848 ], [ -97.133658989659722, 49.843663070160375 ], [ -97.134279504339176, 49.84362376855475 ], [ -97.134698471780524, 49.843562522061482 ], [ -97.135874243687169, 49.84326698289744 ], [ -97.13613146244181, 49.843151248287107 ], [ -97.13645599364682, 49.843005225071529 ], [ -97.13692122270578, 49.84266340128012 ], [ -97.137246330334833, 49.842274279217598 ], [ -97.137516966024805, 49.841763596534847 ], [ -97.137560791850163, 49.841443892749901 ], [ -97.137565583424717, 49.841148208370711 ], [ -97.137422957941908, 49.840584989206157 ], [ -97.137175953243386, 49.84013907640901 ], [ -97.136728415822503, 49.839713735691646 ], [ -97.136012894746699, 49.839217791470681 ], [ -97.13402820524108, 49.837896567108146 ], [ -97.133295563391869, 49.83736888408832 ], [ -97.132808987408552, 49.836969245472616 ], [ -97.132266556027005, 49.836416574152302 ], [ -97.131878001326641, 49.835917500306103 ], [ -97.131714401744759, 49.835707363620187 ], [ -97.131313976975463, 49.835084736411318 ], [ -97.131116097690168, 49.834593708047649 ], [ -97.13108367956707, 49.834105348056198 ], [ -97.131230813706608, 49.833424409017503 ], [ -97.131467195682362, 49.832984578091761 ], [ -97.131763857159768, 49.832651105007251 ], [ -97.132138908160599, 49.83232909348736 ], [ -97.132884686840498, 49.831865173986465 ], [ -97.133772574324709, 49.831497876411262 ], [ -97.134641266273306, 49.831253497199299 ], [ -97.13560474594199, 49.831140669911946 ], [ -97.136486709121002, 49.831165905732007 ], [ -97.137651988327804, 49.831272178796134 ], [ -97.138780124141689, 49.831422037799641 ], [ -97.139519722689442, 49.831562248538781 ], [ -97.140626827204727, 49.831815438397591 ], [ -97.142166617623815, 49.832092553483172 ], [ -97.142930653562701, 49.832212736780257 ], [ -97.143685737264661, 49.832257981306441 ], [ -97.144642320733524, 49.832222308340413 ], [ -97.145603204977775, 49.832108506462539 ], [ -97.146406256365424, 49.831930130038586 ], [ -97.146863047337717, 49.831770007922628 ], [ -97.147286556338955, 49.831552409279077 ], [ -97.147662485484148, 49.831238860881854 ], [ -97.148008567601323, 49.83084664439788 ], [ -97.148248918915101, 49.830401743904098 ], [ -97.14846175870538, 49.829817021394042 ], [ -97.14851344468768, 49.829358056932357 ], [ -97.148526038059302, 49.829028256243944 ], [ -97.148532061192171, 49.828870517664306 ], [ -97.148411513657933, 49.828414750270866 ], [ -97.148172070661033, 49.827872943528412 ], [ -97.147781561782551, 49.82722758461221 ], [ -97.146842993683038, 49.826175711708224 ], [ -97.145517791834095, 49.824826131040126 ], [ -97.144123971084667, 49.82348648412264 ], [ -97.143485594891175, 49.822847292162031 ], [ -97.143091349981063, 49.822355277827114 ], [ -97.142844903302219, 49.821943482046898 ], [ -97.142723495053474, 49.821641656693835 ], [ -97.14384192315282, 49.821450880655043 ], [ -97.146793948530586, 49.820947279134302 ], [ -97.150978973415363, 49.820129565760837 ], [ -97.152755578720942, 49.819872412594904 ], [ -97.156681103073268, 49.818673980401684 ], [ -97.162013047252231, 49.818410526178958 ], [ -97.17697775879715, 49.813324560816454 ], [ -97.191006815562815, 49.808639432539117 ], [ -97.191591789505026, 49.809367059093255 ], [ -97.219672629040389, 49.799787587994985 ], [ -97.219673086007347, 49.802485642829836 ], [ -97.219672500100003, 49.802952359838493 ], [ -97.219669049351879, 49.805006895926681 ] ] ] } },
{ "type": "Feature", "properties": { "cluster": "Fort Garry South", "neighbourhood_count": 22, "neighbourhoods": "Agassiz; Bridgwater Centre; Bridgwater Forest; Bridgwater Lakes; Bridgwater Trails; Cloutier Drive; Fairfield Park; Fort Richmond; La Barriere; Montcalm; Parc La Salle; Perrault; Prairie Pointe; Richmond Lakes; Richmond West; South Pointe; St. Norbert; Trappistes; Turnbull Drive; University; Waverley Heights; Waverley West B" }, "geometry": { "type": "Polygon", "coordinates": [ [ [ -97.214025539486897, 49.790847859335678 ], [ -97.214082184802834, 49.797487264541424 ], [ -97.219682226740105, 49.797519413477055 ], [ -97.219672629040389, 49.799787587994985 ], [ -97.191591789505026, 49.809367059093255 ], [ -97.191006815562815, 49.808639432539117 ], [ -97.17697775879715, 49.813324560816454 ], [ -97.162013047252231, 49.818410526178958 ], [ -97.156681103073268, 49.818673980401684 ], [ -97.152755578720942, 49.819872412594904 ], [ -97.150978973415363, 49.820129565760837 ], [ -97.146793948530586, 49.820947279134302 ], [ -97.14384192315282, 49.821450880655043 ], [ -97.142723495053474, 49.821641656693835 ], [ -97.142316425575075, 49.820548798548977 ], [ -97.142139393433979, 49.819825548136784 ], [ -97.14203185761211, 49.819069715080694 ], [ -97.141976892657709, 49.818394899761095 ], [ -97.141908716531177, 49.816846082089405 ], [ -97.141819865054444, 49.816259031624732 ], [ -97.141600791961764, 49.815602498984219 ], [ -97.141231925856971, 49.81496563999805 ], [ -97.140899167425189, 49.814558264424953 ], [ -97.140285287406329, 49.814130108513112 ], [ -97.139394287471234, 49.813603427008879 ], [ -97.138361552497798, 49.81330211257292 ], [ -97.136917410837242, 49.813005130004576 ], [ -97.136589809228283, 49.812959902854224 ], [ -97.135464802232093, 49.812890677742217 ], [ -97.134247205791993, 49.81284783769339 ], [ -97.133506428561915, 49.812873088992546 ], [ -97.132829009408766, 49.812978369704958 ], [ -97.131857658362705, 49.813209046708323 ], [ -97.130484337079125, 49.813619143366296 ], [ -97.129418226562777, 49.814071366742091 ], [ -97.127519876012613, 49.815056253271514 ], [ -97.125634684325235, 49.815977414109852 ], [ -97.1245009975936, 49.816456386251801 ], [ -97.124016118307537, 49.816618720059736 ], [ -97.12292017925455, 49.816879695281308 ], [ -97.121500058752716, 49.816970192610562 ], [ -97.119942532559293, 49.816754361633244 ], [ -97.118231507114615, 49.816227202093202 ], [ -97.116654420735671, 49.815390832935947 ], [ -97.115894029525364, 49.814739243385716 ], [ -97.115348574349568, 49.813805011738935 ], [ -97.115249116011, 49.812808568558893 ], [ -97.115594446465707, 49.812061128396756 ], [ -97.116910276312524, 49.810992006192542 ], [ -97.117837320992251, 49.81054921946459 ], [ -97.119213070967575, 49.810120631424226 ], [ -97.121471853980267, 49.809514368170014 ], [ -97.123745233437248, 49.808885974213176 ], [ -97.126104812323902, 49.808095694066573 ], [ -97.127429020663982, 49.807703442326932 ], [ -97.12815492842266, 49.80744381038658 ], [ -97.128745146630308, 49.807122415096835 ], [ -97.129225099301721, 49.806742978348744 ], [ -97.12957680924815, 49.806390666138668 ], [ -97.129696730337926, 49.806178450117159 ], [ -97.129696730337969, 49.806178450117137 ], [ -97.129932774611859, 49.805664187887672 ], [ -97.129959203677771, 49.805208517315101 ], [ -97.129895819749692, 49.804756658943212 ], [ -97.129585614033715, 49.804114213047342 ], [ -97.128731014545494, 49.80335273119892 ], [ -97.127728018597892, 49.802814159158103 ], [ -97.125786069853348, 49.80210041861622 ], [ -97.12309721006244, 49.8012378227412 ], [ -97.120693838340387, 49.800256550307857 ], [ -97.118343946816111, 49.798797062653421 ], [ -97.117392107489181, 49.797734461912547 ], [ -97.116554350685846, 49.796820551394319 ], [ -97.116413925315555, 49.795899520060608 ], [ -97.11648826358622, 49.794973679976188 ], [ -97.11695224257258, 49.794185985695989 ], [ -97.117873823799414, 49.793454439639994 ], [ -97.11962009130005, 49.792992270161953 ], [ -97.121165169217193, 49.793165841504717 ], [ -97.122256842750829, 49.793659572038898 ], [ -97.123277453922867, 49.794374997039391 ], [ -97.124170535463094, 49.795184386667252 ], [ -97.124776725436547, 49.796085215530724 ], [ -97.125543764789725, 49.797014849964263 ], [ -97.1266963763658, 49.797570722886078 ], [ -97.128166565299551, 49.797547790307021 ], [ -97.12925185573225, 49.797220610272596 ], [ -97.130381134632316, 49.796453924659751 ], [ -97.131186028783986, 49.795577303252841 ], [ -97.132354961736254, 49.793429765679107 ], [ -97.13346789560228, 49.791683144030813 ], [ -97.134589438091496, 49.790412731700279 ], [ -97.135493746855843, 49.789437946057689 ], [ -97.136121467205371, 49.788351676470519 ], [ -97.136378880278642, 49.786892607083367 ], [ -97.135949436169838, 49.785743174211994 ], [ -97.135171770718472, 49.784555656055616 ], [ -97.134740532411797, 49.784177459091723 ], [ -97.132670520495836, 49.782566164651016 ], [ -97.131868973620797, 49.781757296584296 ], [ -97.131484002363237, 49.780942361373214 ], [ -97.131510155205021, 49.780402470407076 ], [ -97.131850384598167, 49.779721237634455 ], [ -97.132331846541064, 49.779228823739714 ], [ -97.133039333867572, 49.778812148177053 ], [ -97.1341308798781, 49.778485303106521 ], [ -97.136190447182727, 49.778277356884928 ], [ -97.138418623120316, 49.778229538629034 ], [ -97.140417413422341, 49.778020540597105 ], [ -97.142569189809734, 49.777784438573121 ], [ -97.145162611088381, 49.777324107729093 ], [ -97.147806608556635, 49.776731675322587 ], [ -97.149483923403722, 49.776182789331095 ], [ -97.151243826020448, 49.775587866213748 ], [ -97.152774284514848, 49.77483381837704 ], [ -97.1533765163651, 49.77437975371334 ], [ -97.153893842211559, 49.773845401055908 ], [ -97.154373850777674, 49.773266324229361 ], [ -97.154725035632168, 49.772650209167146 ], [ -97.154727470598957, 49.772115683390432 ], [ -97.154419806974047, 49.771522886620595 ], [ -97.153918521987123, 49.770929251621112 ], [ -97.153140029604316, 49.770548474194804 ], [ -97.152017235747181, 49.770398094651711 ], [ -97.150722191036905, 49.770627261766549 ], [ -97.149803938011928, 49.770972214089497 ], [ -97.148223129587734, 49.771942186748483 ], [ -97.146927479957483, 49.772890543594919 ], [ -97.145825813298288, 49.773502702625322 ], [ -97.14452757027648, 49.774000145250419 ], [ -97.14314892754679, 49.774299917340564 ], [ -97.142081400575321, 49.774299067307872 ], [ -97.141022267852122, 49.774128322874169 ], [ -97.140143598473642, 49.773661535536554 ], [ -97.139376400682707, 49.772665121821284 ], [ -97.13922983567646, 49.771334241761558 ], [ -97.139341169706285, 49.77013915233352 ], [ -97.139506042899029, 49.766764281267918 ], [ -97.139642525657095, 49.765316285818137 ], [ -97.13971392722685, 49.76476317530679 ], [ -97.139842457702187, 49.764170313417367 ], [ -97.14055581081729, 49.761700971608391 ], [ -97.140697844796051, 49.760942164273452 ], [ -97.140821880636693, 49.759200044719421 ], [ -97.140821578057825, 49.758316945716032 ], [ -97.140760368575044, 49.757807022021375 ], [ -97.140563105990168, 49.757149668332524 ], [ -97.140393621779495, 49.756797776401719 ], [ -97.140224139959656, 49.756445884230779 ], [ -97.139721390756222, 49.755710419358316 ], [ -97.138576309884442, 49.754232591512725 ], [ -97.13804336939117, 49.753677900541547 ], [ -97.137396310041893, 49.75310626625101 ], [ -97.136667766292547, 49.752555394697829 ], [ -97.136036235289623, 49.752140868027837 ], [ -97.135304247547722, 49.751680565741623 ], [ -97.132104793982151, 49.749908134921938 ], [ -97.131598938366537, 49.749585081940999 ], [ -97.130946951592065, 49.749051676124353 ], [ -97.129826438115472, 49.747925069427453 ], [ -97.129244191051683, 49.747257991376721 ], [ -97.128727145042021, 49.746574534210076 ], [ -97.12815583523134, 49.745637579883876 ], [ -97.12903356064794, 49.745333779656129 ], [ -97.129769497804844, 49.745079047460408 ], [ -97.13026403835039, 49.744907865381045 ], [ -97.13105889949756, 49.744632723408095 ], [ -97.131555746690921, 49.744460734706784 ], [ -97.13331448204535, 49.743851921795155 ], [ -97.136685299977287, 49.742684943701079 ], [ -97.137402670830326, 49.742436507454485 ], [ -97.138324584311661, 49.742117294987089 ], [ -97.138740488797808, 49.741973410948326 ], [ -97.140586465188903, 49.741334191007738 ], [ -97.145261548091341, 49.739715104613609 ], [ -97.149708157706456, 49.738174866707176 ], [ -97.151219017608284, 49.737651466906634 ], [ -97.152071750927973, 49.737356043822771 ], [ -97.168976818878193, 49.731497366149199 ], [ -97.169005925417679, 49.731487275571794 ], [ -97.169168477361765, 49.731430922321152 ], [ -97.169313461370095, 49.731380658846945 ], [ -97.178580781203891, 49.72816724113234 ], [ -97.179262703348741, 49.727930740017428 ], [ -97.179630446287973, 49.727801907803105 ], [ -97.17967985674079, 49.727784524041972 ], [ -97.219670202075875, 49.713704241736828 ], [ -97.220091919758289, 49.713555640212562 ], [ -97.220059443648381, 49.715010287347503 ], [ -97.21990704286398, 49.722040677561061 ], [ -97.219612145333002, 49.738174242050448 ], [ -97.219616660909423, 49.740589944738154 ], [ -97.219618069787941, 49.740898408252754 ], [ -97.219645116496949, 49.753511782909683 ], [ -97.214042024652528, 49.753507733591725 ], [ -97.214039622905091, 49.753954623398592 ], [ -97.213979659922899, 49.767556976334482 ], [ -97.21397775141665, 49.768105484826613 ], [ -97.21397609447024, 49.768653596239595 ], [ -97.213967417106161, 49.777508645519092 ], [ -97.213961650582362, 49.782735138556134 ], [ -97.214005179822763, 49.78846173948488 ], [ -97.214025539486897, 49.790847859335678 ] ] ] } },
{ "type": "Feature", "properties": { "cluster": "Inkster East", "neighbourhood_count": 7, "neighbourhoods": "Brooklands; Burrows-Keewatin; Inkster Industrial Park; Pacific Industrial; Shaughnessy Park; Weston; Weston Shops" }, "geometry": { "type": "Polygon", "coordinates": [ [ [ -97.183721418092944, 49.909239959599667 ], [ -97.186398401171417, 49.910096555877296 ], [ -97.189654763300808, 49.911138403676212 ], [ -97.195104718140257, 49.916365274062194 ], [ -97.195104739124346, 49.916460433834281 ], [ -97.199627681934601, 49.916457394165406 ], [ -97.206760700061579, 49.91645488644695 ], [ -97.20675515744685, 49.926935727995655 ], [ -97.195106935812362, 49.923832069728618 ], [ -97.1951103106868, 49.931206953879425 ], [ -97.1951104733444, 49.931393293248739 ], [ -97.195112066908109, 49.938550465103006 ], [ -97.195127777605137, 49.944323635146709 ], [ -97.195176953770741, 49.944856070970317 ], [ -97.195176667751213, 49.945941619502115 ], [ -97.195174970702325, 49.951803063645443 ], [ -97.1949185947567, 49.95172067895313 ], [ -97.194873274321168, 49.951706119391666 ], [ -97.194587621537053, 49.951614350479126 ], [ -97.194371683611905, 49.95154497740419 ], [ -97.194219286869838, 49.951496017261682 ], [ -97.194066891090046, 49.951447056705973 ], [ -97.193914496938987, 49.951398095516446 ], [ -97.193762105524158, 49.951349133325969 ], [ -97.193609718525224, 49.951300169578182 ], [ -97.19345733820164, 49.95125120352337 ], [ -97.193304967072109, 49.951202234322828 ], [ -97.193152607065016, 49.951153261328066 ], [ -97.193050480501228, 49.951120429881854 ], [ -97.193000258275973, 49.951104284490917 ], [ -97.192847918140458, 49.951055304639965 ], [ -97.192692979485599, 49.951005509024874 ], [ -97.192537717009657, 49.950955609028206 ], [ -97.192291133135313, 49.950876358500132 ], [ -97.192116251663052, 49.950820152206703 ], [ -97.191961345941564, 49.950770365722057 ], [ -97.191710499679488, 49.950689743427375 ], [ -97.191395066509983, 49.95058836167609 ], [ -97.191114771262789, 49.950498272352334 ], [ -97.190757895102095, 49.950383567800209 ], [ -97.190075668172781, 49.950164286811734 ], [ -97.189753646176101, 49.950060780611722 ], [ -97.189272721530926, 49.949906343915437 ], [ -97.189031690833048, 49.949828941434916 ], [ -97.18865151745652, 49.949706854279107 ], [ -97.188415811068424, 49.949631159951785 ], [ -97.188216602490968, 49.949567185471317 ], [ -97.188015112089857, 49.949502477885176 ], [ -97.187813623629069, 49.949437769975965 ], [ -97.187612134288472, 49.949373062599101 ], [ -97.187410646921919, 49.949308354000195 ], [ -97.187209158709322, 49.949243645034677 ], [ -97.187007671010122, 49.949178936623291 ], [ -97.186806185284951, 49.949114226989899 ], [ -97.186604698713737, 49.949049516989867 ], [ -97.186403214049065, 49.948984807565779 ], [ -97.186201728572115, 49.948920096876087 ], [ -97.186182872442615, 49.948914040699705 ], [ -97.186000243642312, 49.948855385841597 ], [ -97.185753141163005, 49.948776023152334 ], [ -97.185525046954879, 49.948702765373177 ], [ -97.185308359317816, 49.948633169373025 ], [ -97.185099273849943, 49.948566015330655 ], [ -97.18489018900506, 49.948498860018013 ], [ -97.184559456993355, 49.948392632958274 ], [ -97.184156497959592, 49.94826320584415 ], [ -97.182712743208029, 49.947799465840653 ], [ -97.182574070370705, 49.947755314933573 ], [ -97.182432681506242, 49.947709480891724 ], [ -97.181653367406639, 49.947459077052415 ], [ -97.18154433948834, 49.94742404479841 ], [ -97.181147197881756, 49.947296434373989 ], [ -97.180938115202309, 49.947229251213898 ], [ -97.18071439836055, 49.947157364908612 ], [ -97.180490873667665, 49.947085538750066 ], [ -97.18026734822152, 49.947013713044257 ], [ -97.180265257574874, 49.947013040697648 ], [ -97.180058268022549, 49.946946528321675 ], [ -97.179980232579268, 49.946921452456849 ], [ -97.179730775913029, 49.946841291670033 ], [ -97.179371922864718, 49.946725975822055 ], [ -97.17911342880916, 49.946642909279902 ], [ -97.178828344775653, 49.946551297166636 ], [ -97.178744694395689, 49.94652441581389 ], [ -97.178714283962478, 49.946514642836121 ], [ -97.178604061057968, 49.946479222208346 ], [ -97.178493804778896, 49.946443790699611 ], [ -97.178383548795495, 49.946408358916969 ], [ -97.178273327643907, 49.946372938172082 ], [ -97.17816307185808, 49.946337506354084 ], [ -97.178098485794848, 49.946316750893502 ], [ -97.178052849771348, 49.94630208520983 ], [ -97.177938790045602, 49.946265430273883 ], [ -97.177653710633095, 49.946173815170582 ], [ -97.177395222566759, 49.946090744856107 ], [ -97.177186144753833, 49.946023553126238 ], [ -97.1771367340084, 49.946007673952266 ], [ -97.176851659094496, 49.945916056914172 ], [ -97.176737601194205, 49.945879400829277 ], [ -97.176627381228911, 49.945843978351398 ], [ -97.176517127887635, 49.945808544991223 ], [ -97.176406874820501, 49.945773111385094 ], [ -97.176296655236598, 49.945737688740351 ], [ -97.176186402802543, 49.945702254536073 ], [ -97.176076184668091, 49.945666831199574 ], [ -97.175962127705489, 49.945630174707816 ], [ -97.175677056135413, 49.945538555358425 ], [ -97.175418573566375, 49.945455480682512 ], [ -97.17494342563657, 49.945302767736663 ], [ -97.174639333173715, 49.945205030418727 ], [ -97.174192967012701, 49.945061560871238 ], [ -97.173985373387822, 49.944994836449155 ], [ -97.17352912618145, 49.944848186428359 ], [ -97.173432555316083, 49.944817145741759 ], [ -97.172814344994805, 49.944618432561079 ], [ -97.172711691000529, 49.944585435263633 ], [ -97.172609987316335, 49.944552744286071 ], [ -97.172507333605012, 49.944519746810478 ], [ -97.172405440174884, 49.944486994194385 ], [ -97.172400268793567, 49.944485331902435 ], [ -97.172289288377712, 49.944449657808732 ], [ -97.172174469796261, 49.944412749791113 ], [ -97.172073451287119, 49.944380277821146 ], [ -97.171975359228441, 49.944348746891919 ], [ -97.171855901713116, 49.944310346924887 ], [ -97.171738611920546, 49.944272643937495 ], [ -97.171628165056063, 49.944237140947237 ], [ -97.171512510244611, 49.944199962727176 ], [ -97.171411454075468, 49.94416747788776 ], [ -97.171308801989611, 49.944134480266179 ], [ -97.171206150079954, 49.944101481656148 ], [ -97.1711034969194, 49.94406848293464 ], [ -97.170771180759218, 49.943961656277722 ], [ -97.170457172501258, 49.943860713593921 ], [ -97.169630646838769, 49.943595007748272 ], [ -97.168870280542237, 49.943350563133514 ], [ -97.168109923437783, 49.943106113630648 ], [ -97.167501641711652, 49.942910550107179 ], [ -97.167216512339138, 49.942818878358032 ], [ -97.16712146850729, 49.942788321539503 ], [ -97.166731413176834, 49.942662913179618 ], [ -97.1662751316711, 49.942516331848566 ], [ -97.165695657370492, 49.942330170573534 ], [ -97.165393223965239, 49.94223174511157 ], [ -97.164728311752071, 49.942018402698878 ], [ -97.164158391366868, 49.94183553400854 ], [ -97.164063386203381, 49.941805013950024 ], [ -97.163778372139362, 49.941713453325576 ], [ -97.170754851167644, 49.932652218020827 ], [ -97.166898611867182, 49.931421491940931 ], [ -97.168914436361078, 49.929124937023857 ], [ -97.16950992749743, 49.923511841674447 ], [ -97.166673799084421, 49.922608096481454 ], [ -97.169761141418718, 49.921152864067807 ], [ -97.169857063968593, 49.920211543584458 ], [ -97.169655041881967, 49.920146332016017 ], [ -97.169469845834598, 49.920086991771946 ], [ -97.168051071158757, 49.919632343095557 ], [ -97.167290530483356, 49.919388519744707 ], [ -97.166641135688138, 49.91918032302619 ], [ -97.165690626595605, 49.918875578981954 ], [ -97.164740129648237, 49.918570827263707 ], [ -97.163157563253648, 49.918063393369565 ], [ -97.162824888044199, 49.917956720352102 ], [ -97.161231069710183, 49.917445639474991 ], [ -97.161106283562702, 49.917405655108652 ], [ -97.161044209671289, 49.917486472415909 ], [ -97.158533236643819, 49.916681480351613 ], [ -97.160743425353488, 49.913804765117057 ], [ -97.17001180030617, 49.916773838007856 ], [ -97.170221975258713, 49.916779219594005 ], [ -97.170686774805418, 49.912510234388819 ], [ -97.170926848600601, 49.9101204982762 ], [ -97.171435567347928, 49.905306129809681 ], [ -97.173269004629404, 49.90589332894713 ], [ -97.180240478783602, 49.908125595353219 ], [ -97.183721418092944, 49.909239959599667 ] ] ] } },
{ "type": "Feature", "properties": { "cluster": "Inkster West", "neighbourhood_count": 4, "neighbourhoods": "Inkster Gardens; North Inkster Industrial; Oak Point Highway; Tyndall Park" }, "geometry": { "type": "Polygon", "coordinates": [ [ [ -97.20675515744685, 49.926935727995655 ], [ -97.229855467614271, 49.933086333563217 ], [ -97.229853825397981, 49.940491609705056 ], [ -97.229992568903782, 49.945842828423054 ], [ -97.229987438131104, 49.953377577964197 ], [ -97.229982496239032, 49.960640991764052 ], [ -97.229982652449806, 49.960776658411774 ], [ -97.218187472545381, 49.960757320183909 ], [ -97.206778845006184, 49.960740541504087 ], [ -97.195133170168006, 49.960727781355011 ], [ -97.195174970702325, 49.951803063645443 ], [ -97.195176667751213, 49.945941619502115 ], [ -97.195176953770741, 49.944856070970317 ], [ -97.195127777605137, 49.944323635146709 ], [ -97.195112066908109, 49.938550465103006 ], [ -97.1951104733444, 49.931393293248739 ], [ -97.1951103106868, 49.931206953879425 ], [ -97.195106935812362, 49.923832069728618 ], [ -97.20675515744685, 49.926935727995655 ] ] ] } },
{ "type": "Feature", "properties": { "cluster": "Point Douglas North", "neighbourhood_count": 7, "neighbourhoods": "Burrows Central; Inkster-Faraday; Luxton; Mynarski; Robertson; St. John's; St. John's Park" }, "geometry": { "type": "Polygon", "coordinates": [ [ [ -97.13097876686345, 49.917356774101407 ], [ -97.131023786950877, 49.917300573137176 ], [ -97.136759649473376, 49.919150970776478 ], [ -97.14514429985779, 49.921856649474002 ], [ -97.152663840830854, 49.924280119503521 ], [ -97.156211910095308, 49.919699024190926 ], [ -97.156473706483439, 49.919356944378848 ], [ -97.166673799084421, 49.922608096481454 ], [ -97.16950992749743, 49.923511841674447 ], [ -97.168914436361078, 49.929124937023857 ], [ -97.166898611867182, 49.931421491940931 ], [ -97.170754851167644, 49.932652218020827 ], [ -97.163778372139362, 49.941713453325576 ], [ -97.16349335917036, 49.941621892011234 ], [ -97.163398354858501, 49.941591371416173 ], [ -97.163454500115023, 49.941518404188322 ], [ -97.16347028215705, 49.941497883013632 ], [ -97.159836016355683, 49.940328446897105 ], [ -97.159818279081136, 49.940351449409185 ], [ -97.159803643485276, 49.940370432128198 ], [ -97.159763371440519, 49.940422663446078 ], [ -97.159353729302723, 49.94029094833769 ], [ -97.159164721341213, 49.940230114728088 ], [ -97.159094577996285, 49.940309932020767 ], [ -97.158908048722296, 49.940248481225034 ], [ -97.158452156014036, 49.940101756264362 ], [ -97.158486542300253, 49.940062339915031 ], [ -97.145127177065646, 49.935761743589765 ], [ -97.144099111555192, 49.935430713127431 ], [ -97.136564722981831, 49.933004030852523 ], [ -97.123359847634902, 49.928748724040545 ], [ -97.122857534827958, 49.929638289388237 ], [ -97.122605005220564, 49.929556864966237 ], [ -97.122415140436786, 49.929495674034314 ], [ -97.122225276449726, 49.929434482895836 ], [ -97.119173739748589, 49.928450937511229 ], [ -97.119464675800273, 49.928049075954377 ], [ -97.117322908765132, 49.927358446282113 ], [ -97.117144837334195, 49.927791453212159 ], [ -97.112968421714456, 49.926448323438528 ], [ -97.112949722481218, 49.926512320245102 ], [ -97.112816315214928, 49.926469479847292 ], [ -97.112282886859077, 49.92629753401247 ], [ -97.112236541376262, 49.926282595203944 ], [ -97.11121286587823, 49.925952611899241 ], [ -97.110218884316751, 49.925633193803435 ], [ -97.110259100576314, 49.925500492247934 ], [ -97.110448333053213, 49.9249864942202 ], [ -97.110873320995552, 49.924245155347705 ], [ -97.112034180248884, 49.922770975612721 ], [ -97.112462442136504, 49.922312012383287 ], [ -97.113042513912532, 49.92179044970343 ], [ -97.113563612574879, 49.921442215381589 ], [ -97.11432263873256, 49.921038550835192 ], [ -97.115503976917381, 49.920511649475401 ], [ -97.116047777971886, 49.920325228661611 ], [ -97.116578327655873, 49.920143346679282 ], [ -97.117021687339161, 49.920034356661674 ], [ -97.11740788958241, 49.919960457797252 ], [ -97.118058627066233, 49.919878289935575 ], [ -97.119129077746649, 49.919754852409788 ], [ -97.120319796330065, 49.919585929498325 ], [ -97.121340013090588, 49.919404936145995 ], [ -97.122339723527631, 49.919195715192387 ], [ -97.123070513529214, 49.91896005547234 ], [ -97.124023244455643, 49.918523481369924 ], [ -97.124691893236147, 49.918126458364711 ], [ -97.125324124796023, 49.917554551808045 ], [ -97.125757342733891, 49.917102590214981 ], [ -97.126158181751833, 49.916650103675138 ], [ -97.126515989524663, 49.916146956995313 ], [ -97.126627608612068, 49.915952486803889 ], [ -97.127592046234909, 49.916263769178713 ], [ -97.13097876686345, 49.917356774101407 ] ] ] } },
{ "type": "Feature", "properties": { "cluster": "Point Douglas South", "neighbourhood_count": 6, "neighbourhoods": "Dufferin; Dufferin Industrial; Lord Selkirk Park; North Point Douglas; South Point Douglas; William Whyte" }, "geometry": { "type": "Polygon", "coordinates": [ [ [ -97.129756754614462, 49.900061188842365 ], [ -97.129802440422068, 49.900042946411844 ], [ -97.129838178990099, 49.900026252540869 ], [ -97.129844336362126, 49.90002030946453 ], [ -97.133578489192502, 49.901217327484019 ], [ -97.133188984518583, 49.90172582557652 ], [ -97.135846581246668, 49.90257806858552 ], [ -97.135029785451536, 49.903601575098058 ], [ -97.134554797690299, 49.904396843860475 ], [ -97.134230366480608, 49.905655406382216 ], [ -97.134507351823345, 49.90568498745597 ], [ -97.135201435406245, 49.905758983762453 ], [ -97.135895521189553, 49.905832976835214 ], [ -97.135868175399295, 49.905937916590993 ], [ -97.136144041522741, 49.905967901387442 ], [ -97.136617995059197, 49.906119909285856 ], [ -97.136868858487034, 49.906200365583487 ], [ -97.137372702184663, 49.906361951066209 ], [ -97.141907479039602, 49.907816133011409 ], [ -97.145042418643641, 49.908793180201812 ], [ -97.160743425353488, 49.913804765117057 ], [ -97.158533236643819, 49.916681480351613 ], [ -97.161044209671289, 49.917486472415909 ], [ -97.161106283562702, 49.917405655108652 ], [ -97.161231069710183, 49.917445639474991 ], [ -97.162824888044199, 49.917956720352016 ], [ -97.163157563253648, 49.918063393369565 ], [ -97.164740129648237, 49.918570827263707 ], [ -97.165690626595605, 49.918875578981954 ], [ -97.166641135688138, 49.91918032302619 ], [ -97.167290530483371, 49.919388519744707 ], [ -97.168051071158757, 49.919632343095557 ], [ -97.169469845834598, 49.920086991771946 ], [ -97.169655041881967, 49.920146332016017 ], [ -97.169857063968593, 49.920211543584458 ], [ -97.169761141418718, 49.921152864067807 ], [ -97.166673799084421, 49.922608096481454 ], [ -97.156473706483439, 49.919356944378848 ], [ -97.156211910095308, 49.919699024190926 ], [ -97.152663840830854, 49.924280119503521 ], [ -97.14514429985779, 49.921856649474002 ], [ -97.136759649473376, 49.919150970776478 ], [ -97.131023786950877, 49.917300573137176 ], [ -97.13097876686345, 49.917356774101407 ], [ -97.127592046234909, 49.916263769178713 ], [ -97.126627608612068, 49.915952486803889 ], [ -97.126685810579986, 49.915851082784869 ], [ -97.126786752802403, 49.915568038696357 ], [ -97.12688680307204, 49.915029353449228 ], [ -97.126947033011035, 49.914032220580751 ], [ -97.126903993447826, 49.913771250749228 ], [ -97.126528420627807, 49.912736865448942 ], [ -97.12626140935221, 49.912151580262801 ], [ -97.125895231685277, 49.91161814057017 ], [ -97.125642375769587, 49.911364235574453 ], [ -97.124119635375735, 49.910311288773009 ], [ -97.121232958738574, 49.908707542122691 ], [ -97.120340073788, 49.90827384493528 ], [ -97.119525422598088, 49.907878135208115 ], [ -97.116825932765778, 49.906510863638118 ], [ -97.116373386387821, 49.906304818594464 ], [ -97.115887982705743, 49.906111018820262 ], [ -97.114577429052972, 49.905670248646857 ], [ -97.114017686664397, 49.905491499653536 ], [ -97.113345800174557, 49.905328349715269 ], [ -97.112192673325566, 49.905094592532869 ], [ -97.111701023022746, 49.904970416535399 ], [ -97.111276134843195, 49.904839137529486 ], [ -97.110227542138063, 49.904464169768126 ], [ -97.109885452653629, 49.904333101459308 ], [ -97.109560232486132, 49.904184878128937 ], [ -97.109316279299108, 49.904028685386891 ], [ -97.10908950695287, 49.903847210463006 ], [ -97.108676948682088, 49.903402435421725 ], [ -97.108576729594418, 49.903159124430715 ], [ -97.108561920623046, 49.902846315693779 ], [ -97.108603352191722, 49.902686423988861 ], [ -97.10876655801917, 49.902215238531497 ], [ -97.108959961826926, 49.901869810540177 ], [ -97.109249009128561, 49.901516646693295 ], [ -97.109562958524464, 49.901262653448121 ], [ -97.109850217288937, 49.901065645089353 ], [ -97.110197525003841, 49.900869436090517 ], [ -97.110603402380136, 49.900725161180638 ], [ -97.111116845746878, 49.900616102402083 ], [ -97.111861170582088, 49.900498223397882 ], [ -97.112691481695876, 49.90042822930701 ], [ -97.113510820622892, 49.900406707589909 ], [ -97.115473940825183, 49.90039332243331 ], [ -97.116151017866343, 49.900421756690776 ], [ -97.119711506578994, 49.900641073247087 ], [ -97.121131831683911, 49.900708256268238 ], [ -97.123613695535667, 49.900909965454865 ], [ -97.123959591393373, 49.900896972690518 ], [ -97.124403918577642, 49.900850713253845 ], [ -97.124851348389953, 49.900770805982035 ], [ -97.125620539267217, 49.900604306614198 ], [ -97.127089557051505, 49.900250418947522 ], [ -97.128536441078268, 49.899863621036396 ], [ -97.128784330615176, 49.899763821277382 ], [ -97.129373079624216, 49.899945164863198 ], [ -97.129749192868118, 49.900065835105181 ], [ -97.129756754614462, 49.900061188842365 ] ] ] } },
{ "type": "Feature", "properties": { "cluster": "River East East", "neighbourhood_count": 10, "neighbourhoods": "Eaglemere; Grassie; Kil-Cona Park; Kildonan Crossing; McLeod Industrial; Munroe East; North Transcona Yards; Springfield North; Springfield South; Valley Gardens" }, "geometry": { "type": "Polygon", "coordinates": [ [ [ -97.059061290579365, 49.907768349793983 ], [ -97.061511097481684, 49.906938551826634 ], [ -97.063225413949269, 49.905955054779092 ], [ -97.066186891822056, 49.902578276145483 ], [ -97.067130642654647, 49.901502061563868 ], [ -97.067574525441955, 49.900911955282943 ], [ -97.068020575100334, 49.900267328446219 ], [ -97.068343792133007, 49.89952583136423 ], [ -97.068952361124786, 49.898344904830417 ], [ -97.072228173303515, 49.898935373799446 ], [ -97.069355419737619, 49.902860665689659 ], [ -97.077489908535782, 49.905562817396564 ], [ -97.077609997367603, 49.905601321414785 ], [ -97.077591318604192, 49.905623404800309 ], [ -97.077719944719405, 49.905669604590713 ], [ -97.080503786536923, 49.906593609870825 ], [ -97.080508351780139, 49.90659512557054 ], [ -97.080791922231825, 49.906689245819116 ], [ -97.081075493801976, 49.9067833653855 ], [ -97.081080060473369, 49.906784881086104 ], [ -97.081369804698923, 49.906884119338855 ], [ -97.093664658140241, 49.910961085747104 ], [ -97.093686602954577, 49.910943716665663 ], [ -97.093697911442632, 49.910947468794404 ], [ -97.093786970232145, 49.910977014822613 ], [ -97.093940217125024, 49.911027855569387 ], [ -97.093918257773154, 49.911045228151785 ], [ -97.094109289128923, 49.911108615638156 ], [ -97.089334555492584, 49.914885671784255 ], [ -97.084342322661399, 49.918833597922799 ], [ -97.082548566221874, 49.92025186277678 ], [ -97.082398341883646, 49.920370640764531 ], [ -97.081389842394898, 49.921168011330565 ], [ -97.076485747084149, 49.925041892005744 ], [ -97.071008132813745, 49.929370604902573 ], [ -97.06308009831838, 49.935638243655092 ], [ -97.062989585603574, 49.935709869483517 ], [ -97.06289907261926, 49.935781495237244 ], [ -97.058222853210466, 49.939470162900299 ], [ -97.043720954741218, 49.950919665259235 ], [ -97.043547374679179, 49.950842409680874 ], [ -97.043314303921804, 49.95073863411092 ], [ -97.042356895724708, 49.950312335240746 ], [ -97.041331226039432, 49.94985562527642 ], [ -97.040305575898216, 49.949398906436869 ], [ -97.04023447980461, 49.949367246876434 ], [ -97.03989234621568, 49.949214891346536 ], [ -97.039669452070356, 49.949115633288557 ], [ -97.039303334721168, 49.94895259379178 ], [ -97.039280265725282, 49.948942320865243 ], [ -97.038953115199334, 49.948796632325241 ], [ -97.038603653767481, 49.94864100643003 ], [ -97.03825419596113, 49.948485380426966 ], [ -97.037228501767373, 49.948028589149267 ], [ -97.036202828513652, 49.947571789019875 ], [ -97.035177173413672, 49.947114979992115 ], [ -97.034151537860254, 49.94665816208996 ], [ -97.033460445925897, 49.94635034005789 ], [ -97.032508733473676, 49.945926421298296 ], [ -97.031837161380508, 49.945627275607741 ], [ -97.030875812984902, 49.945199557958034 ], [ -97.030001874023711, 49.94481071695278 ], [ -97.023592667862857, 49.941958679432346 ], [ -97.023198119231523, 49.941783086496862 ], [ -97.022793305333124, 49.941602966240126 ], [ -97.022391274260315, 49.941424015130153 ], [ -97.021989527519395, 49.941245187885144 ], [ -97.021584006593756, 49.94106467792507 ], [ -97.021178770735347, 49.940884291607389 ], [ -97.020776752085808, 49.940705334685255 ], [ -97.020374736437176, 49.940526376399873 ], [ -97.019971606422956, 49.940346919845425 ], [ -97.019568547705063, 49.940167492315467 ], [ -97.019165492003765, 49.939988063415399 ], [ -97.018816204440881, 49.939832568362235 ], [ -97.018466637858367, 49.939676947055766 ], [ -97.017956274722707, 49.939449738097323 ], [ -97.017553163914741, 49.939270273611641 ], [ -97.01715012344232, 49.939090837726006 ], [ -97.016747085986438, 49.938911400470154 ], [ -97.016345100278457, 49.938732428657076 ], [ -97.015943398217274, 49.938553580432711 ], [ -97.015537923045912, 49.938373049588137 ], [ -97.014328787219739, 49.937834687273508 ], [ -97.008582270514182, 49.935275740685277 ], [ -97.007884448942946, 49.934964960526429 ], [ -97.007124057161008, 49.934626304276996 ], [ -97.006283242489943, 49.93425181967384 ], [ -97.00490374042181, 49.933637386887845 ], [ -97.001536662035164, 49.93213755040307 ], [ -96.998053951848306, 49.930586007414277 ], [ -96.997281500693944, 49.930241853939144 ], [ -96.998209686501923, 49.930248081759451 ], [ -96.999162492013227, 49.930254467938873 ], [ -97.001938152393592, 49.93027302581077 ], [ -97.002358321313892, 49.930275828869831 ], [ -97.005329209574967, 49.930297703318402 ], [ -97.009916269593745, 49.930331328495029 ], [ -97.013557745033594, 49.93035789366305 ], [ -97.013697802810299, 49.930358912509327 ], [ -97.013842825395173, 49.930359968564616 ], [ -97.013948970638069, 49.930360740763327 ], [ -97.014055117279696, 49.930361512888737 ], [ -97.014161263927534, 49.930362284916981 ], [ -97.014267409189102, 49.93036305682427 ], [ -97.014373555849389, 49.930363828658216 ], [ -97.014479702478965, 49.93036460129391 ], [ -97.014585847759207, 49.930365372909705 ], [ -97.014691994438181, 49.930366144452229 ], [ -97.01479814112335, 49.930366915897594 ], [ -97.014904286422251, 49.930367687221946 ], [ -97.015010433119869, 49.930368458473019 ], [ -97.015116579823697, 49.930369229626926 ], [ -97.015222725104337, 49.930370001558721 ], [ -97.015328871820614, 49.930370772518344 ], [ -97.015435018543101, 49.930371543380815 ], [ -97.015715132968268, 49.930373577245135 ], [ -97.015821236509154, 49.930374347914196 ], [ -97.015927340093199, 49.930375117587296 ], [ -97.016033443646506, 49.930375888062215 ], [ -97.016139547206038, 49.930376658440061 ], [ -97.016245652201192, 49.930377427845777 ], [ -97.016351755773144, 49.930378198029473 ], [ -97.016457859351306, 49.930378968116109 ], [ -97.016563962972569, 49.930379737206806 ], [ -97.016670066563137, 49.930380507099272 ], [ -97.016776171589299, 49.93038127601973 ], [ -97.016882275192287, 49.930382045717991 ], [ -97.016988378801472, 49.930382815319255 ], [ -97.017094482453757, 49.930383583924588 ], [ -97.017200586075361, 49.930384353331725 ], [ -97.017306691095641, 49.930385122665598 ], [ -97.017412794766543, 49.930385890979721 ], [ -97.017518898406749, 49.930386660095621 ], [ -97.017625002090043, 49.930387428215596 ], [ -97.017731105742641, 49.930388197137447 ], [ -97.017837210793957, 49.930388965985884 ], [ -97.017943314495838, 49.930389733814629 ], [ -97.018049418167038, 49.930390502445192 ], [ -97.018155521844449, 49.930391270978674 ], [ -97.018261626957411, 49.930392038540106 ], [ -97.018367730647228, 49.930392806879375 ], [ -97.018473834380089, 49.930393574222769 ], [ -97.018579938082283, 49.93039434236799 ], [ -97.018686041790687, 49.930395110416192 ], [ -97.018792146934615, 49.930395877492082 ], [ -97.018898250655411, 49.930396645346072 ], [ -97.018991621839632, 49.930397320579864 ], [ -97.019259043495907, 49.930399180270797 ], [ -97.019399164603882, 49.930400153728002 ], [ -97.01953928429306, 49.930401127891081 ], [ -97.019679405385332, 49.930402101908463 ], [ -97.019819526524998, 49.930403074857765 ], [ -97.019959646245894, 49.930404048512862 ], [ -97.020099767406691, 49.93040502112359 ], [ -97.020239888541212, 49.930405994463882 ], [ -97.020380008293799, 49.930406967611212 ], [ -97.020528618869434, 49.930407999202792 ], [ -97.022780866442332, 49.930423609187912 ], [ -97.023559871574136, 49.930428998428894 ], [ -97.024761151353189, 49.930437299335004 ], [ -97.024790651184858, 49.928442677895028 ], [ -97.024795917981194, 49.928086531490713 ], [ -97.024806616926455, 49.927363053555204 ], [ -97.024809289882498, 49.927182225181063 ], [ -97.024830685262899, 49.925735242004116 ], [ -97.024833359254615, 49.925554413603052 ], [ -97.024854751780722, 49.924107430020143 ], [ -97.024857425415732, 49.923926601568176 ], [ -97.024869108501733, 49.92313624441109 ], [ -97.024874154687595, 49.922794861735021 ], [ -97.024876804884954, 49.922615622279103 ], [ -97.02487824069911, 49.922518484040637 ], [ -97.024886866709124, 49.921934885625973 ], [ -97.024910150422897, 49.920359485430787 ], [ -97.024924864541745, 49.919363832422498 ], [ -97.024937552697224, 49.918505170541231 ], [ -97.024939577459762, 49.918368179243366 ], [ -97.024954418996131, 49.917363757891565 ], [ -97.024975782525658, 49.915917676023327 ], [ -97.024979858726851, 49.915718436941859 ], [ -97.025400389351475, 49.915650451218006 ], [ -97.034452616105213, 49.914186590913346 ], [ -97.035733610522271, 49.913979373237453 ], [ -97.047041734625736, 49.912154855692286 ], [ -97.047464848717325, 49.91208637810135 ], [ -97.056771713431871, 49.910579695567293 ], [ -97.0582062757599, 49.908474935880264 ], [ -97.059061290579365, 49.907768349793983 ] ] ] } },
{ "type": "Feature", "properties": { "cluster": "River East South", "neighbourhood_count": 5, "neighbourhoods": "Chalmers; East Elmwood; Glenelm; Talbot-Grey; Tyne-Tees" }, "geometry": { "type": "Polygon", "coordinates": [ [ [ -97.106143078675544, 49.902586550036567 ], [ -97.106624721403108, 49.902571646415218 ], [ -97.107552077190689, 49.902625445279483 ], [ -97.108603352191722, 49.902686423988861 ], [ -97.108561920623046, 49.902846315693779 ], [ -97.108576729594418, 49.903159124430715 ], [ -97.108676948682088, 49.903402435421725 ], [ -97.10908950695287, 49.903847210463006 ], [ -97.109316279299108, 49.904028685386891 ], [ -97.109560232486132, 49.904184878128937 ], [ -97.109885452653629, 49.904333101459308 ], [ -97.110227542138063, 49.904464169768126 ], [ -97.111276134843195, 49.904839137529486 ], [ -97.111701023022746, 49.904970416535399 ], [ -97.112192673325566, 49.905094592532869 ], [ -97.113345800174557, 49.905328349715269 ], [ -97.114017686664397, 49.905491499653536 ], [ -97.114577429052972, 49.905670248646857 ], [ -97.115887982705743, 49.906111018820262 ], [ -97.116373386387821, 49.906304818594464 ], [ -97.116825932765778, 49.906510863638118 ], [ -97.119525422598088, 49.907878135208115 ], [ -97.120340073788, 49.90827384493528 ], [ -97.121232958738574, 49.908707542122691 ], [ -97.124119635375735, 49.910311288773009 ], [ -97.125642375769587, 49.911364235574453 ], [ -97.125895231685277, 49.91161814057017 ], [ -97.12626140935221, 49.912151580262801 ], [ -97.126528420627807, 49.912736865448942 ], [ -97.126903993447826, 49.913771250749228 ], [ -97.126947033011035, 49.914032220580751 ], [ -97.12688680307204, 49.915029353449228 ], [ -97.126786752802403, 49.915568038696357 ], [ -97.126685810579986, 49.915851082784869 ], [ -97.126627608612068, 49.915952486803889 ], [ -97.126515989524663, 49.916146956995313 ], [ -97.126158181751833, 49.916650103675138 ], [ -97.125757342733891, 49.917102590214981 ], [ -97.125324124796023, 49.917554551808045 ], [ -97.124691893236147, 49.918126458364711 ], [ -97.124023244455643, 49.918523481369924 ], [ -97.123070513529214, 49.91896005547234 ], [ -97.122339723527631, 49.919195715192387 ], [ -97.121340013090588, 49.919404936145995 ], [ -97.120319796330065, 49.919585929498325 ], [ -97.119129077746649, 49.919754852409788 ], [ -97.118058627066233, 49.919878289935575 ], [ -97.1165592624168, 49.919380286181458 ], [ -97.114974584251058, 49.918853914315363 ], [ -97.114936843041349, 49.91884137778333 ], [ -97.114710034951543, 49.918766037129231 ], [ -97.114672286602044, 49.918753497893114 ], [ -97.114483559550848, 49.918690807074313 ], [ -97.114294834387763, 49.918628115975864 ], [ -97.114200471296073, 49.918596770301981 ], [ -97.114106108328343, 49.91856542455254 ], [ -97.11391738415702, 49.918502732849639 ], [ -97.113728659089361, 49.918440040821849 ], [ -97.113539934552648, 49.918377347592859 ], [ -97.113351211868988, 49.918314654983263 ], [ -97.113162488288964, 49.918251962048764 ], [ -97.112936020939983, 49.918176729773386 ], [ -97.11274922533093, 49.918114675955003 ], [ -97.11164851550835, 49.919462883568841 ], [ -97.10961460766984, 49.921626793492614 ], [ -97.096609113306542, 49.91730584778086 ], [ -97.089778002002305, 49.915035460983276 ], [ -97.089651295642923, 49.914992661850476 ], [ -97.089334555492584, 49.914885671784255 ], [ -97.094109289128923, 49.911108615638156 ], [ -97.093918257773154, 49.911045228151785 ], [ -97.093940217125024, 49.911027855569387 ], [ -97.093786970232145, 49.910977014822613 ], [ -97.093697911442618, 49.910947468794404 ], [ -97.093686602954577, 49.910943716665663 ], [ -97.093664658140241, 49.910961085747104 ], [ -97.081369804698923, 49.906884119338855 ], [ -97.081080060473369, 49.906784881086104 ], [ -97.081075493801976, 49.9067833653855 ], [ -97.080791922231825, 49.906689245819116 ], [ -97.080508351780139, 49.90659512557054 ], [ -97.080503786536923, 49.906593609870825 ], [ -97.077719944719405, 49.905669604590713 ], [ -97.077591318604192, 49.905623404800309 ], [ -97.077609997367603, 49.905601321414785 ], [ -97.077489908535782, 49.905562817396564 ], [ -97.069355419737619, 49.902860665689659 ], [ -97.072228173303515, 49.898935373799446 ], [ -97.068952361124786, 49.898344904830417 ], [ -97.069042445026966, 49.89817009191303 ], [ -97.069338192267153, 49.897484019775725 ], [ -97.069941937701955, 49.896364882035122 ], [ -97.070743525729199, 49.895223478604478 ], [ -97.071165355321085, 49.894173624784678 ], [ -97.099825883962893, 49.899295959337209 ], [ -97.100430243425848, 49.89936416214281 ], [ -97.101199394152715, 49.899425620957011 ], [ -97.101999156525522, 49.899459992532051 ], [ -97.102770137655995, 49.899464942297442 ], [ -97.103210156993242, 49.899455394966054 ], [ -97.107060185068292, 49.899219559342832 ], [ -97.10721055796391, 49.899210345520757 ], [ -97.107404418621911, 49.899594206297024 ], [ -97.106143078675544, 49.902586550036567 ] ] ] } },
{ "type": "Feature", "properties": { "cluster": "River East West", "neighbourhood_count": 6, "neighbourhoods": "Kildonan Drive; Munroe West; River East; Rossmere-A; Rossmere-B; Valhalla" }, "geometry": { "type": "Polygon", "coordinates": [ [ [ -97.084234955581621, 49.918918495222833 ], [ -97.084342322661399, 49.918833597922799 ], [ -97.089334555492584, 49.914885671784255 ], [ -97.089651295642923, 49.914992661850476 ], [ -97.089778002002305, 49.915035460983276 ], [ -97.096609113306542, 49.91730584778086 ], [ -97.10961460766984, 49.921626793492614 ], [ -97.11164851550835, 49.919462883568841 ], [ -97.11274922533093, 49.918114675955003 ], [ -97.112936020939983, 49.918176729773386 ], [ -97.113162488288964, 49.918251962048764 ], [ -97.113351211868988, 49.918314654983263 ], [ -97.113539934552648, 49.918377347592859 ], [ -97.113728659089361, 49.918440040821849 ], [ -97.11391738415702, 49.918502732849639 ], [ -97.114106108328343, 49.91856542455254 ], [ -97.114200471296073, 49.918596770301981 ], [ -97.114294834387763, 49.918628115975864 ], [ -97.114483559550848, 49.918690807074313 ], [ -97.114672286602044, 49.918753497893114 ], [ -97.114710034951543, 49.918766037129231 ], [ -97.114936843041349, 49.91884137778333 ], [ -97.114974584251058, 49.918853914315363 ], [ -97.1165592624168, 49.919380286181458 ], [ -97.118058627066233, 49.919878289935575 ], [ -97.11740788958241, 49.919960457797252 ], [ -97.117021687339161, 49.920034356661674 ], [ -97.116578327655873, 49.920143346679282 ], [ -97.116047777971886, 49.920325228661611 ], [ -97.115503976917381, 49.920511649475401 ], [ -97.11432263873256, 49.921038550835192 ], [ -97.113563612574879, 49.921442215381589 ], [ -97.113042513912532, 49.92179044970343 ], [ -97.112462442136504, 49.922312012383287 ], [ -97.112034180248884, 49.922770975612721 ], [ -97.110873320995552, 49.924245155347705 ], [ -97.110448333053213, 49.9249864942202 ], [ -97.110259100576314, 49.925500492247934 ], [ -97.110218884316751, 49.925633193803435 ], [ -97.110013115235645, 49.926312157644155 ], [ -97.109899223466741, 49.927199184469565 ], [ -97.109891037485482, 49.928006598639172 ], [ -97.109960763005972, 49.928524798104931 ], [ -97.110222083790561, 49.929344738739637 ], [ -97.110623989413853, 49.930298268692376 ], [ -97.111044483470906, 49.93137526532967 ], [ -97.111173124600157, 49.931814249813833 ], [ -97.111431919211313, 49.933252296923271 ], [ -97.11140204766572, 49.934016365410002 ], [ -97.11125949965205, 49.934807646831352 ], [ -97.111058254325371, 49.935350479076874 ], [ -97.1107769821038, 49.935914083849099 ], [ -97.110514492299302, 49.936273493021957 ], [ -97.10997245517234, 49.936875837799931 ], [ -97.109401629662344, 49.937339440105852 ], [ -97.108742518282114, 49.937758607930085 ], [ -97.107984644103524, 49.938125035257606 ], [ -97.107285672508326, 49.938412245502818 ], [ -97.105222325203826, 49.938967648150808 ], [ -97.104209605963803, 49.939220664015082 ], [ -97.102038882800926, 49.939666194385879 ], [ -97.100799200959685, 49.940004983585268 ], [ -97.100683040038248, 49.940036727950215 ], [ -97.099174202890154, 49.940544153590572 ], [ -97.098271065812895, 49.940893030001575 ], [ -97.097151630465405, 49.941521900319763 ], [ -97.096698570535679, 49.941871176162657 ], [ -97.096437645025802, 49.942187582281051 ], [ -97.096178137956372, 49.94278752074834 ], [ -97.096158080775652, 49.943020737527398 ], [ -97.096161208357742, 49.943439092411793 ], [ -97.096260004511805, 49.944084432783413 ], [ -97.096453355608091, 49.944616270665385 ], [ -97.09687107209696, 49.945301694278278 ], [ -97.097376030313981, 49.946058267668668 ], [ -97.097832463336729, 49.946675772086678 ], [ -97.098047472296798, 49.947067411154862 ], [ -97.098193636974898, 49.947426503325985 ], [ -97.098290135317484, 49.948131063769274 ], [ -97.098261639979299, 49.948854492268353 ], [ -97.098156206546562, 49.949289640197271 ], [ -97.097942903541991, 49.949721862366907 ], [ -97.097255166110941, 49.950620190263649 ], [ -97.096679713158053, 49.951068760497627 ], [ -97.096284241861127, 49.951188889220269 ], [ -97.095458125383715, 49.951358931975761 ], [ -97.094671203869694, 49.951449411065333 ], [ -97.093887496757901, 49.951459767691468 ], [ -97.09305420583118, 49.951400743920843 ], [ -97.091690649832813, 49.951183123935692 ], [ -97.090221747327249, 49.950985799563284 ], [ -97.08890939999182, 49.950884007577898 ], [ -97.087806740715578, 49.950854212239285 ], [ -97.086699963786771, 49.950927743362591 ], [ -97.085622752246593, 49.951163258984081 ], [ -97.084758776461456, 49.951424400269509 ], [ -97.084181439326613, 49.951633309459417 ], [ -97.082654507228966, 49.952400475665158 ], [ -97.08188891323762, 49.952859599076248 ], [ -97.081137650928724, 49.953410671219814 ], [ -97.080235561490127, 49.954176562914618 ], [ -97.077534134103502, 49.956303469390058 ], [ -97.076467123557563, 49.957182791044339 ], [ -97.074613696422233, 49.958541709142331 ], [ -97.073419189194141, 49.959499059785806 ], [ -97.073016993353804, 49.959890966703831 ], [ -97.072607772652916, 49.960289655345612 ], [ -97.072167791096419, 49.960798241960845 ], [ -97.071319022893448, 49.961710192723189 ], [ -97.070294088660134, 49.962744935729859 ], [ -97.069199086261108, 49.962257959464132 ], [ -97.068196663927537, 49.961812139140129 ], [ -97.068093144100644, 49.961766098083125 ], [ -97.067831049919945, 49.961649529722116 ], [ -97.066875076824189, 49.961226111872932 ], [ -97.066701108593421, 49.961147528023062 ], [ -97.06652660247039, 49.961068900351592 ], [ -97.066065824958329, 49.960864033118128 ], [ -97.065861663668372, 49.960773258855298 ], [ -97.065616945095869, 49.960664451859692 ], [ -97.065263852072022, 49.960507457178473 ], [ -97.064912160017073, 49.960351083851272 ], [ -97.064422732570804, 49.960133466331826 ], [ -97.043894493008793, 49.950996954001361 ], [ -97.043720954741218, 49.950919665259327 ], [ -97.058222853210466, 49.939470162900299 ], [ -97.06289907261926, 49.935781495237244 ], [ -97.062989585603574, 49.935709869483517 ], [ -97.06308009831838, 49.935638243655092 ], [ -97.071008132813745, 49.929370604902573 ], [ -97.076485747084149, 49.925041892005744 ], [ -97.081389842394884, 49.921168011330565 ], [ -97.082398341883291, 49.92037064077352 ], [ -97.084234955581621, 49.918918495222833 ] ] ] } },
{ "type": "Feature", "properties": { "cluster": "River Heights East", "neighbourhood_count": 5, "neighbourhoods": "Lord Roberts; McMillan; River-Osborne; Riverview; Roslyn" }, "geometry": { "type": "Polygon", "coordinates": [ [ [ -97.152431116872421, 49.854180389544162 ], [ -97.151247859514754, 49.855391867654134 ], [ -97.148535404043329, 49.859985797223906 ], [ -97.14850001394035, 49.860045756788494 ], [ -97.145512945246182, 49.865106008078769 ], [ -97.144980907614197, 49.866000711697318 ], [ -97.140812037028354, 49.873071379458857 ], [ -97.142022501945064, 49.87457754257602 ], [ -97.148459170785102, 49.872425076646394 ], [ -97.161411858496621, 49.868106197744318 ], [ -97.161727642724145, 49.868504838299771 ], [ -97.163307092439254, 49.870498229143948 ], [ -97.161162801924391, 49.871202456905351 ], [ -97.159034159424294, 49.871915253940578 ], [ -97.156875856940189, 49.872625082357544 ], [ -97.156560528759741, 49.872730056898725 ], [ -97.157787951434855, 49.873065387193904 ], [ -97.157653313704245, 49.873199414635558 ], [ -97.157102551660756, 49.873741798945147 ], [ -97.156859293084196, 49.873983994883019 ], [ -97.155879603757299, 49.873738976009228 ], [ -97.15476666307174, 49.873737702441943 ], [ -97.153882186327834, 49.873944318069704 ], [ -97.152986019715172, 49.874438848291511 ], [ -97.15250360806651, 49.875023993480347 ], [ -97.152357750422098, 49.87559745597936 ], [ -97.153102017042826, 49.877342937554843 ], [ -97.154831568999541, 49.87908341831767 ], [ -97.154919147058337, 49.879200824700362 ], [ -97.155016412685029, 49.879572982631231 ], [ -97.15499093188798, 49.879958385185887 ], [ -97.154860918448691, 49.880303722786842 ], [ -97.154651336587008, 49.880565325882365 ], [ -97.154387490232835, 49.880790001854756 ], [ -97.154015453221675, 49.880971135878909 ], [ -97.153446004038472, 49.881145706523917 ], [ -97.153063831433627, 49.881273436319191 ], [ -97.15286861709393, 49.881338673874424 ], [ -97.15226506682869, 49.881510267147114 ], [ -97.151735474943465, 49.881629706964745 ], [ -97.151221007673627, 49.881680677581883 ], [ -97.150565591941131, 49.881656282377755 ], [ -97.149862065043934, 49.881668347376305 ], [ -97.149219037653125, 49.881695223660557 ], [ -97.148443994147328, 49.881745659461643 ], [ -97.147708433021606, 49.881746636414611 ], [ -97.146994998892978, 49.881780559032421 ], [ -97.146279533310718, 49.881822538654099 ], [ -97.145563797985957, 49.881871524244815 ], [ -97.144929768422173, 49.881945015555289 ], [ -97.144330910323703, 49.882041189764841 ], [ -97.143671003756623, 49.882181708948011 ], [ -97.143194159551086, 49.882262924085957 ], [ -97.143022924350902, 49.882292106771175 ], [ -97.142402722858719, 49.882429747505526 ], [ -97.141784530758599, 49.882604649012102 ], [ -97.141143955689685, 49.882851133920461 ], [ -97.140523621395886, 49.883129326300832 ], [ -97.139941064265571, 49.883407042421076 ], [ -97.139370297368487, 49.883661562557315 ], [ -97.138729533112624, 49.88390929020877 ], [ -97.138068006694965, 49.884183300717162 ], [ -97.137517710662664, 49.884418445491818 ], [ -97.136899212798198, 49.884695568910203 ], [ -97.136246232604506, 49.884934902740319 ], [ -97.135501224926244, 49.885134351659708 ], [ -97.134757928610114, 49.885333913281535 ], [ -97.133896254615934, 49.885527967147318 ], [ -97.13311134033853, 49.885636556425659 ], [ -97.133008506972843, 49.885650818125661 ], [ -97.132204998030943, 49.885735449639526 ], [ -97.131119243192785, 49.885771458517389 ], [ -97.130046070235892, 49.885761075376273 ], [ -97.128977949460548, 49.885756609429528 ], [ -97.127920015488399, 49.885723250085064 ], [ -97.127271203365211, 49.885731745120204 ], [ -97.126814108143748, 49.885780558449568 ], [ -97.127117456372176, 49.885487123502699 ], [ -97.128844761897668, 49.883950383468608 ], [ -97.130293335759958, 49.88275055446524 ], [ -97.131740307610045, 49.88155197357888 ], [ -97.132028177661638, 49.881283800342047 ], [ -97.132606103814538, 49.88069054470742 ], [ -97.13317239454102, 49.880193985609729 ], [ -97.134543548736161, 49.879084015480139 ], [ -97.135172317450539, 49.878500914099263 ], [ -97.135684257835734, 49.877911680832376 ], [ -97.135879144141967, 49.877635872338388 ], [ -97.136236467583132, 49.87713016907523 ], [ -97.136616746778131, 49.876509918444931 ], [ -97.136963923244807, 49.875861088284488 ], [ -97.137203992458097, 49.875124697372939 ], [ -97.137360502237513, 49.874235683632101 ], [ -97.137406824118614, 49.87357861723067 ], [ -97.137310686940808, 49.872932859539858 ], [ -97.137013408442357, 49.872251573171681 ], [ -97.136679596445532, 49.871699731025984 ], [ -97.136340697883981, 49.871314383545453 ], [ -97.136109040535601, 49.871115184777615 ], [ -97.135676051909471, 49.87088555090633 ], [ -97.13507465481986, 49.87062430963249 ], [ -97.134416434072165, 49.870404644837421 ], [ -97.133547429793481, 49.870161184803472 ], [ -97.133060799778306, 49.870095554998215 ], [ -97.132304975076124, 49.870054481636735 ], [ -97.131225161019941, 49.870094868199537 ], [ -97.130254092260984, 49.870179493345624 ], [ -97.129101411482239, 49.870369964303144 ], [ -97.127894119256368, 49.870544243780834 ], [ -97.126765996172949, 49.870677295986361 ], [ -97.124298450833649, 49.870932299170114 ], [ -97.12329476442369, 49.871009539137745 ], [ -97.122214100285433, 49.871071075225828 ], [ -97.121378232139975, 49.871093225122323 ], [ -97.120211829582672, 49.871059865290896 ], [ -97.119103323058937, 49.870991738040743 ], [ -97.118006264027272, 49.870865993752183 ], [ -97.116912474175749, 49.870690148835692 ], [ -97.116642187125308, 49.870627558223752 ], [ -97.115811253539448, 49.870435133259427 ], [ -97.11495504164408, 49.870135648731868 ], [ -97.114485964457074, 49.869890050182718 ], [ -97.113890387900199, 49.869482612378597 ], [ -97.113431912632052, 49.868965218058243 ], [ -97.113100117504999, 49.868470281614314 ], [ -97.112833542563294, 49.867854022327329 ], [ -97.112716321134357, 49.867218097409037 ], [ -97.112776383652971, 49.86613419376058 ], [ -97.112835184029706, 49.865806244635557 ], [ -97.1129518983917, 49.865476688775892 ], [ -97.113192438895339, 49.864972372058467 ], [ -97.113957887362503, 49.863683652596258 ], [ -97.114494529041579, 49.862698865277984 ], [ -97.114835565310543, 49.862145186707885 ], [ -97.115205185063814, 49.861667612027276 ], [ -97.11664686245075, 49.860093259218367 ], [ -97.117081762901663, 49.859694079228653 ], [ -97.117535307175174, 49.859322396874951 ], [ -97.118127065381088, 49.858912162516482 ], [ -97.119538563535343, 49.858076686679652 ], [ -97.120287741145006, 49.857708090384001 ], [ -97.121937961720761, 49.857020088325655 ], [ -97.122893726962857, 49.85664547413721 ], [ -97.123874500373148, 49.856337548238095 ], [ -97.12661090355526, 49.855655745059678 ], [ -97.12685973862726, 49.855593741039364 ], [ -97.128021039011955, 49.855341390956745 ], [ -97.129096150082304, 49.855142030725467 ], [ -97.129917709543747, 49.855006560402913 ], [ -97.130695685242486, 49.854910326006859 ], [ -97.131513829501401, 49.854863177637036 ], [ -97.132435002707894, 49.854837231253711 ], [ -97.133744511534999, 49.854831129979729 ], [ -97.134770263081478, 49.854854442766381 ], [ -97.135911093866113, 49.854859200253927 ], [ -97.136947872877826, 49.854835077433648 ], [ -97.137934787275498, 49.854774448892073 ], [ -97.138931776472702, 49.854691026788103 ], [ -97.13981596656734, 49.854566802867538 ], [ -97.140142413477562, 49.85452093697053 ], [ -97.141121829496171, 49.854347126007326 ], [ -97.142050525401345, 49.854158895470704 ], [ -97.142621510654493, 49.853997466347742 ], [ -97.143183801023909, 49.853811607092375 ], [ -97.144216911155439, 49.853333520940055 ], [ -97.144613638705039, 49.853060862509722 ], [ -97.145068827398845, 49.853624039430443 ], [ -97.145345981679426, 49.853966938165371 ], [ -97.145439898475004, 49.853935206128824 ], [ -97.145458684096923, 49.853928858804764 ], [ -97.145571373596425, 49.853890782948234 ], [ -97.145627730345552, 49.85387174090144 ], [ -97.145684087313697, 49.85385269915173 ], [ -97.145798674738757, 49.85381398240532 ], [ -97.145815563085932, 49.853808276284525 ], [ -97.146003393949798, 49.85374481133465 ], [ -97.146033077447186, 49.853734781756771 ], [ -97.146131120297156, 49.853701654369786 ], [ -97.146254999936588, 49.853659797041047 ], [ -97.146647104339451, 49.854144892828948 ], [ -97.151934610584206, 49.85235979145012 ], [ -97.152010105425035, 49.852636625817183 ], [ -97.152431116872421, 49.854180389544162 ] ] ] } },
{ "type": "Feature", "properties": { "cluster": "River Heights West", "neighbourhood_count": 12, "neighbourhoods": "Central River Heights; Crescentwood; Earl Grey; Ebby-Wentworth; Grant Park; J. B. Mitchell; Mathers; North River Heights; Rockwood; Sir John Franklin; South River Heights; Wellington Crescent" }, "geometry": { "type": "Polygon", "coordinates": [ [ [ -97.206647466643275, 49.857229046390394 ], [ -97.205991979810037, 49.864154368574901 ], [ -97.205480933712195, 49.869561126691309 ], [ -97.205170645165722, 49.872843237929402 ], [ -97.202381506840979, 49.875823053098529 ], [ -97.20286075004897, 49.876550689285189 ], [ -97.203050603138919, 49.876838937237892 ], [ -97.202298487672394, 49.876959129426382 ], [ -97.201319117464706, 49.877137979384699 ], [ -97.200413718948099, 49.877309836014049 ], [ -97.199693965990051, 49.877469463981434 ], [ -97.199200846223448, 49.877626799041359 ], [ -97.198750444504924, 49.87784405470812 ], [ -97.197964670196782, 49.878086305536385 ], [ -97.197138744040316, 49.87824775281009 ], [ -97.196147789189354, 49.878398492511167 ], [ -97.19559095040762, 49.878431655166814 ], [ -97.194364483525746, 49.878362466830161 ], [ -97.193679720691463, 49.878332170439514 ], [ -97.192816896182777, 49.878229251872014 ], [ -97.191034787979206, 49.878091068677882 ], [ -97.190264887427318, 49.878099965458837 ], [ -97.189740177800473, 49.878139411329826 ], [ -97.18924493048614, 49.878208363572462 ], [ -97.188835199726327, 49.87829840294939 ], [ -97.188294489054172, 49.878477024961406 ], [ -97.187515045163764, 49.878692579516098 ], [ -97.18467450086159, 49.879304622973599 ], [ -97.184019787609145, 49.879405913563318 ], [ -97.183331973770436, 49.879478795134226 ], [ -97.182827753096717, 49.879498777931289 ], [ -97.182313758961115, 49.879473289625039 ], [ -97.18162473053016, 49.879386956287199 ], [ -97.18106289412745, 49.879265432810669 ], [ -97.180481853472642, 49.879080860379524 ], [ -97.179981021775632, 49.878867334037231 ], [ -97.179544356716832, 49.878621117045327 ], [ -97.178085786896929, 49.877674457296379 ], [ -97.177511116667432, 49.877321488537312 ], [ -97.176769553359534, 49.876912442505919 ], [ -97.176107514250234, 49.876635942353182 ], [ -97.175449168867914, 49.876452451790648 ], [ -97.174776542434785, 49.876314048274132 ], [ -97.174104358998889, 49.876211667985224 ], [ -97.172813600796303, 49.876158793138487 ], [ -97.172034834015236, 49.87616510499597 ], [ -97.171326583915473, 49.876208544365035 ], [ -97.170243119487537, 49.876379680039676 ], [ -97.169928827377291, 49.876465349541697 ], [ -97.169284063766625, 49.876684070058801 ], [ -97.168026595684225, 49.877176618351861 ], [ -97.166042682900454, 49.878001595967049 ], [ -97.165504784119747, 49.878198747545504 ], [ -97.164873437371483, 49.878394417165978 ], [ -97.164272467119119, 49.878547572613442 ], [ -97.163740757678653, 49.878628619888524 ], [ -97.163492595411938, 49.87862933594706 ], [ -97.163104100742856, 49.87858483575971 ], [ -97.162620684930729, 49.878483056409621 ], [ -97.162129079920192, 49.878360230225681 ], [ -97.161696524531607, 49.878197670504484 ], [ -97.161696524531607, 49.878197670504491 ], [ -97.161261190330109, 49.877967923961862 ], [ -97.160849693145465, 49.877722945654874 ], [ -97.160537051475345, 49.877433308582575 ], [ -97.160288983609078, 49.877100541766829 ], [ -97.159713020567736, 49.876217617697151 ], [ -97.159374440137938, 49.875806723453181 ], [ -97.158586421068549, 49.874969227361746 ], [ -97.158114803937565, 49.874558539512186 ], [ -97.157614105878594, 49.874250800379023 ], [ -97.157029241698794, 49.874028866529393 ], [ -97.156859293084196, 49.873983994883019 ], [ -97.157102551660756, 49.873741798945147 ], [ -97.157653313704245, 49.873199414635558 ], [ -97.157787951434855, 49.873065387193904 ], [ -97.156560528759741, 49.872730056898725 ], [ -97.156875856940189, 49.872625082357544 ], [ -97.159034159424294, 49.871915253940578 ], [ -97.161162801924391, 49.871202456905351 ], [ -97.16330709243924, 49.870498229143948 ], [ -97.161727642724145, 49.868504838299884 ], [ -97.161411858496621, 49.868106197744318 ], [ -97.148459170785117, 49.872425076646394 ], [ -97.142022501945064, 49.87457754257602 ], [ -97.140812037028354, 49.873071379458857 ], [ -97.144980907614197, 49.866000711697318 ], [ -97.145512945246182, 49.865106008078769 ], [ -97.148500013926423, 49.860045756788267 ], [ -97.148535404043344, 49.859985797223828 ], [ -97.151247859514754, 49.855391867654134 ], [ -97.152431116872421, 49.854180389544162 ], [ -97.152651371228941, 49.853970587125794 ], [ -97.153545449006572, 49.853144510219934 ], [ -97.154244902584438, 49.852804867596248 ], [ -97.155074391313789, 49.852568951441476 ], [ -97.15593646627164, 49.852433650149834 ], [ -97.157048667104604, 49.852318036378293 ], [ -97.176150356415548, 49.850537882085597 ], [ -97.178871941684591, 49.850283449119843 ], [ -97.192436943474675, 49.849016383629859 ], [ -97.196720729684102, 49.848615737846373 ], [ -97.199412079915788, 49.848363470330561 ], [ -97.207555393714443, 49.847602213399398 ], [ -97.206968350305118, 49.853814410750061 ], [ -97.206647466643275, 49.857229046390394 ] ] ] } },
{ "type": "Feature", "properties": { "cluster": "Seven Oaks East", "neighbourhood_count": 11, "neighbourhoods": "Garden City; Jefferson; Kildonan Park; Leila-McPhillips Triangle; Leila North; Margaret Park; Riverbend; Rivergrove; Seven Oaks; Templeton-Sinclair; West Kildonan Industrial" }, "geometry": { "type": "Polygon", "coordinates": [ [ [ -97.136564722981831, 49.933004030852523 ], [ -97.144099111555192, 49.935430713127431 ], [ -97.145127177065646, 49.935761743589765 ], [ -97.158486542300253, 49.940062339915031 ], [ -97.158452156014036, 49.940101756264362 ], [ -97.158908048722296, 49.940248481225034 ], [ -97.159094577996285, 49.940309932020767 ], [ -97.159164721341213, 49.940230114728088 ], [ -97.159353729302723, 49.94029094833769 ], [ -97.159763371440519, 49.940422663446078 ], [ -97.159803643485276, 49.940370432128198 ], [ -97.159818279081136, 49.940351449409185 ], [ -97.159836016355683, 49.940328446897105 ], [ -97.16347028215705, 49.941497883013632 ], [ -97.163454500115023, 49.941518404188322 ], [ -97.163398354858501, 49.941591371416173 ], [ -97.163357525794126, 49.941644434364441 ], [ -97.163149731219491, 49.941914485380977 ], [ -97.162934190904508, 49.942194598271833 ], [ -97.162850301874059, 49.942303619929426 ], [ -97.162756098688192, 49.942426041563643 ], [ -97.162544181331356, 49.942701441118899 ], [ -97.162331862761178, 49.942977356533156 ], [ -97.162126625605055, 49.943244066846326 ], [ -97.162124226668226, 49.94324718424582 ], [ -97.161980028725509, 49.943434571180291 ], [ -97.161977006613526, 49.94343849723758 ], [ -97.161954418807028, 49.943467851253764 ], [ -97.161729967990638, 49.943759521265882 ], [ -97.161712136623152, 49.943782692865327 ], [ -97.161526612781628, 49.944023776848987 ], [ -97.16138533711451, 49.944207358644533 ], [ -97.161229592692848, 49.944409740507872 ], [ -97.160809288183032, 49.944955895177124 ], [ -97.160522889893628, 49.9453280392759 ], [ -97.16016374586205, 49.945794700451877 ], [ -97.159612462271241, 49.946511001943904 ], [ -97.159550007124523, 49.946591986432267 ], [ -97.160990291071471, 49.94707937091254 ], [ -97.161018624889067, 49.957672232125077 ], [ -97.161018078688741, 49.968095679988487 ], [ -97.160807937708668, 49.968078238740496 ], [ -97.147299964076822, 49.963734934625428 ], [ -97.140277721792458, 49.961626782093894 ], [ -97.138699097465761, 49.963344945781749 ], [ -97.135953209092477, 49.966463005002119 ], [ -97.135232537350149, 49.967146648076557 ], [ -97.134351378946647, 49.967746997402962 ], [ -97.134180421066944, 49.967843338607373 ], [ -97.133721091009178, 49.968076707282393 ], [ -97.133236484444424, 49.968287741402271 ], [ -97.132729206281439, 49.968475306470943 ], [ -97.132201983408279, 49.968638394149096 ], [ -97.131491892290441, 49.968837686747122 ], [ -97.123628371482525, 49.9652593624334 ], [ -97.108584544162326, 49.958410669437285 ], [ -97.092264175161688, 49.968502884052818 ], [ -97.092086072632824, 49.968423222594801 ], [ -97.092077890027213, 49.968428284163807 ], [ -97.09198894928663, 49.968388370911129 ], [ -97.086107237547097, 49.965748584535831 ], [ -97.082320720359391, 49.964054313674495 ], [ -97.08208376286548, 49.963948422567157 ], [ -97.08184680641871, 49.963842530985929 ], [ -97.078715550761899, 49.962441364878842 ], [ -97.074065670679914, 49.960360344816905 ], [ -97.073016993353804, 49.959890966703831 ], [ -97.073419189194141, 49.959499059785806 ], [ -97.074613696422233, 49.958541709142331 ], [ -97.076467123557563, 49.957182791044339 ], [ -97.077534134103502, 49.956303469390058 ], [ -97.080235561490127, 49.954176562914618 ], [ -97.081137650928724, 49.953410671219814 ], [ -97.08188891323762, 49.952859599076248 ], [ -97.082654507228966, 49.952400475665158 ], [ -97.084181439326613, 49.951633309459417 ], [ -97.084758776461456, 49.951424400269509 ], [ -97.085622752246593, 49.951163258984081 ], [ -97.086699963786771, 49.950927743362591 ], [ -97.087806740715578, 49.950854212239285 ], [ -97.08890939999182, 49.950884007577898 ], [ -97.090221747327249, 49.950985799563284 ], [ -97.091690649832813, 49.951183123935692 ], [ -97.09305420583118, 49.951400743920843 ], [ -97.093887496757901, 49.951459767691468 ], [ -97.094671203869694, 49.951449411065333 ], [ -97.095458125383715, 49.951358931975761 ], [ -97.096284241861127, 49.951188889220269 ], [ -97.096679713158053, 49.951068760497627 ], [ -97.097255166110941, 49.950620190263649 ], [ -97.097942903541991, 49.949721862366907 ], [ -97.098156206546562, 49.949289640197271 ], [ -97.098261639979299, 49.948854492268353 ], [ -97.098290135317484, 49.948131063769274 ], [ -97.098193636974898, 49.947426503325985 ], [ -97.098047472296798, 49.947067411154862 ], [ -97.097832463336729, 49.946675772086678 ], [ -97.097376030313981, 49.946058267668668 ], [ -97.09687107209696, 49.945301694278278 ], [ -97.096453355608091, 49.944616270665385 ], [ -97.096260004511805, 49.944084432783413 ], [ -97.096161208357742, 49.943439092411793 ], [ -97.096158080775652, 49.943020737527398 ], [ -97.096178137956372, 49.94278752074834 ], [ -97.096437645025802, 49.942187582281051 ], [ -97.096698570535679, 49.941871176162657 ], [ -97.097151630465405, 49.941521900319763 ], [ -97.098271065812895, 49.940893030001575 ], [ -97.099174202890154, 49.940544153590572 ], [ -97.100683040038248, 49.940036727950215 ], [ -97.100799200959685, 49.940004983585268 ], [ -97.102038882800926, 49.939666194385879 ], [ -97.104209605963803, 49.939220664015082 ], [ -97.105222325203826, 49.938967648150808 ], [ -97.107285672508326, 49.938412245502818 ], [ -97.107984644103524, 49.938125035257606 ], [ -97.108742518282114, 49.937758607930085 ], [ -97.109401629662344, 49.937339440105852 ], [ -97.10997245517234, 49.936875837799931 ], [ -97.110514492299302, 49.936273493021957 ], [ -97.1107769821038, 49.935914083849099 ], [ -97.111058254325371, 49.935350479076874 ], [ -97.11125949965205, 49.934807646831352 ], [ -97.11140204766572, 49.934016365410002 ], [ -97.111431919211313, 49.933252296923271 ], [ -97.111173124600157, 49.931814249813833 ], [ -97.111044483470906, 49.93137526532967 ], [ -97.110623989413853, 49.930298268692376 ], [ -97.110222083790561, 49.929344738739637 ], [ -97.109960763005972, 49.928524798104931 ], [ -97.109891037485482, 49.928006598639172 ], [ -97.109899223466741, 49.927199184469565 ], [ -97.110013115235645, 49.926312157644155 ], [ -97.110218884316751, 49.925633193803435 ], [ -97.11121286587823, 49.925952611899241 ], [ -97.112236541376262, 49.926282595203944 ], [ -97.112282886859077, 49.92629753401247 ], [ -97.112816315214928, 49.926469479847292 ], [ -97.112949722481218, 49.926512320245102 ], [ -97.112968421714456, 49.926448323438528 ], [ -97.117144837334195, 49.927791453212159 ], [ -97.117322908765132, 49.927358446282113 ], [ -97.119464675800273, 49.928049075954377 ], [ -97.119173739748589, 49.928450937511229 ], [ -97.122225276449726, 49.929434482895836 ], [ -97.122415140436786, 49.929495674034314 ], [ -97.122605005220564, 49.929556864966237 ], [ -97.122857534827958, 49.929638289388237 ], [ -97.123359847634902, 49.928748724040545 ], [ -97.136564722981831, 49.933004030852523 ] ] ] } },
{ "type": "Feature", "properties": { "cluster": "Seven Oaks West", "neighbourhood_count": 4, "neighbourhoods": "Amber Trails; Mandalay West; Rosser-Old Kildonan; The Maples" }, "geometry": { "type": "Polygon", "coordinates": [ [ [ -97.164063386203381, 49.941805013950024 ], [ -97.164158391366868, 49.94183553400854 ], [ -97.164728311752071, 49.942018402698878 ], [ -97.165393223965239, 49.942231745111464 ], [ -97.165695657370492, 49.942330170573534 ], [ -97.1662751316711, 49.942516331848566 ], [ -97.166731413176834, 49.942662913179618 ], [ -97.16712146850729, 49.942788321539503 ], [ -97.167216512339138, 49.942818878358032 ], [ -97.167501641711652, 49.942910550107179 ], [ -97.168109923437783, 49.943106113630648 ], [ -97.168870280542237, 49.943350563133514 ], [ -97.16924057827103, 49.943469608599479 ], [ -97.170457172501258, 49.943860713593921 ], [ -97.170771180759218, 49.943961656277722 ], [ -97.1711034969194, 49.94406848293464 ], [ -97.171206150079954, 49.944101481656148 ], [ -97.171308801989611, 49.944134480266179 ], [ -97.171411454075468, 49.94416747788776 ], [ -97.171512510244611, 49.944199962727176 ], [ -97.171628165056063, 49.944237140947237 ], [ -97.171738611920546, 49.944272643937495 ], [ -97.171855901713116, 49.944310346924887 ], [ -97.171975359228441, 49.944348746891919 ], [ -97.172073451287119, 49.944380277821146 ], [ -97.172174469796261, 49.944412749791113 ], [ -97.172289288377712, 49.944449657808732 ], [ -97.172400268793567, 49.944485331902435 ], [ -97.172405440174884, 49.944486994194385 ], [ -97.172507333605012, 49.944519746810478 ], [ -97.172609987316335, 49.944552744286071 ], [ -97.172711691000529, 49.944585435263633 ], [ -97.172814344994805, 49.944618432561079 ], [ -97.17352912618145, 49.944848186428359 ], [ -97.173985373387822, 49.944994836449155 ], [ -97.174639333173715, 49.945205030418727 ], [ -97.17494342563657, 49.945302767736663 ], [ -97.175418573566375, 49.945455480682512 ], [ -97.175677056135413, 49.945538555358425 ], [ -97.175962127705489, 49.945630174707816 ], [ -97.176076184668091, 49.945666831199574 ], [ -97.176186402802543, 49.945702254536073 ], [ -97.176296655236598, 49.945737688740351 ], [ -97.176406874820501, 49.945773111385094 ], [ -97.176517127887635, 49.945808544991223 ], [ -97.176627381228911, 49.945843978351398 ], [ -97.176737601194205, 49.945879400829277 ], [ -97.176851659094496, 49.945916056914172 ], [ -97.1771367340084, 49.946007673952266 ], [ -97.177186144753833, 49.946023553126238 ], [ -97.177395222566759, 49.946090744856107 ], [ -97.177653710633095, 49.946173815170582 ], [ -97.177938790045602, 49.946265430273883 ], [ -97.178052849771348, 49.94630208520983 ], [ -97.178098485794848, 49.946316750893502 ], [ -97.17816307185808, 49.946337506354084 ], [ -97.178273327643907, 49.946372938172082 ], [ -97.178383548795495, 49.946408358916969 ], [ -97.178493804778896, 49.946443790699611 ], [ -97.178604061057968, 49.946479222208346 ], [ -97.178714283962478, 49.946514642836121 ], [ -97.178744694395689, 49.94652441581389 ], [ -97.178828344775653, 49.946551297166636 ], [ -97.17911342880916, 49.946642909279902 ], [ -97.179371922864718, 49.946725975822055 ], [ -97.179730775913029, 49.946841291670033 ], [ -97.179980232579268, 49.946921452456849 ], [ -97.180058268022549, 49.946946528321675 ], [ -97.180265257574874, 49.947013040697648 ], [ -97.18026734822152, 49.947013713044257 ], [ -97.180490873667665, 49.947085538750066 ], [ -97.18071439836055, 49.947157364908612 ], [ -97.180938115202309, 49.947229251213898 ], [ -97.181147197881756, 49.947296434373989 ], [ -97.18154433948834, 49.94742404479841 ], [ -97.181653367406639, 49.947459077052415 ], [ -97.182432681506242, 49.947709480891724 ], [ -97.182574070370705, 49.947755314933573 ], [ -97.182712743208029, 49.947799465840653 ], [ -97.184156497959592, 49.94826320584415 ], [ -97.184559456993355, 49.948392632958274 ], [ -97.18489018900506, 49.948498860018013 ], [ -97.185099273849943, 49.948566015330655 ], [ -97.185308359317816, 49.948633169373025 ], [ -97.185525046954879, 49.948702765373177 ], [ -97.185753141163005, 49.948776023152334 ], [ -97.186000243642312, 49.948855385841597 ], [ -97.186182872442615, 49.948914040699705 ], [ -97.186201728572115, 49.948920096876087 ], [ -97.186403214049065, 49.948984807565779 ], [ -97.186604698713737, 49.949049516989867 ], [ -97.186806185284951, 49.949114226989899 ], [ -97.187007671010122, 49.949178936623291 ], [ -97.187209158709322, 49.949243645034677 ], [ -97.187410646921919, 49.949308354000195 ], [ -97.187612134288472, 49.949373062599101 ], [ -97.187813623629069, 49.949437769975965 ], [ -97.188015112089857, 49.949502477885176 ], [ -97.188216602490968, 49.949567185471317 ], [ -97.188415811068424, 49.949631159951785 ], [ -97.18865151745652, 49.949706854279107 ], [ -97.189031690833048, 49.949828941434916 ], [ -97.189112477863006, 49.949854884166726 ], [ -97.189272721530926, 49.949906343915437 ], [ -97.189753646176101, 49.950060780611722 ], [ -97.190075668172781, 49.950164286811734 ], [ -97.190757895102095, 49.950383567800209 ], [ -97.191114771262775, 49.950498272352334 ], [ -97.191395066509983, 49.95058836167609 ], [ -97.191710499679488, 49.950689743427375 ], [ -97.191961345941564, 49.950770365722057 ], [ -97.192116251663052, 49.950820152206703 ], [ -97.192291133135313, 49.950876358500132 ], [ -97.192537717009657, 49.950955609028206 ], [ -97.192692979485599, 49.951005509024874 ], [ -97.192847918140458, 49.951055304639965 ], [ -97.193000258275973, 49.951104284490917 ], [ -97.193050480501228, 49.951120429881854 ], [ -97.193152607065016, 49.951153261328066 ], [ -97.193304967072109, 49.951202234322828 ], [ -97.19345733820164, 49.95125120352337 ], [ -97.193609718525224, 49.951300169578182 ], [ -97.193762105524158, 49.951349133325969 ], [ -97.193914496938987, 49.951398095516446 ], [ -97.19398453239603, 49.951420596543528 ], [ -97.194066891090046, 49.951447056705973 ], [ -97.194219286869838, 49.951496017261682 ], [ -97.194371683611905, 49.95154497740419 ], [ -97.194587621537053, 49.951614350479126 ], [ -97.194873274321168, 49.951706119391666 ], [ -97.1949185947567, 49.95172067895313 ], [ -97.195174970702325, 49.951803063645443 ], [ -97.195133170168006, 49.960727781355011 ], [ -97.206778845006184, 49.960740541504087 ], [ -97.218187472545381, 49.960757320183909 ], [ -97.229982652449806, 49.960776658411774 ], [ -97.229991111884388, 49.968135273496429 ], [ -97.229998642027283, 49.975634257602678 ], [ -97.218202942621161, 49.975627485728246 ], [ -97.206773029137281, 49.975619171057126 ], [ -97.184109931384313, 49.975598349548704 ], [ -97.161228083168623, 49.975594158573379 ], [ -97.161226222173525, 49.984429352399943 ], [ -97.161226304434038, 49.985634076542659 ], [ -97.161225249812077, 49.990305150425783 ], [ -97.15518791524697, 49.99029815707808 ], [ -97.155196814961698, 49.993933426107901 ], [ -97.149157227724459, 49.993930412657171 ], [ -97.149157288774049, 49.994007978383799 ], [ -97.130382064300235, 49.985638240930157 ], [ -97.130028808532217, 49.985480657599858 ], [ -97.114164026231194, 49.978403556684746 ], [ -97.113728921159449, 49.978209400796914 ], [ -97.113792121169155, 49.978127938300936 ], [ -97.113497114559735, 49.977996093627951 ], [ -97.112488265480522, 49.977545206668957 ], [ -97.092442278282718, 49.968582545243059 ], [ -97.092264175161688, 49.968502884052818 ], [ -97.108584544162326, 49.958410669437285 ], [ -97.123628371482525, 49.9652593624334 ], [ -97.131491892290441, 49.968837686747122 ], [ -97.132201983408279, 49.968638394149096 ], [ -97.132729206281439, 49.968475306470943 ], [ -97.133236484444424, 49.968287741402271 ], [ -97.133721091009178, 49.968076707282393 ], [ -97.134180421066944, 49.967843338607373 ], [ -97.134351378946647, 49.967746997402962 ], [ -97.135232537350149, 49.967146648076557 ], [ -97.135953209092477, 49.966463005002119 ], [ -97.138699097465761, 49.963344945781657 ], [ -97.140277721792458, 49.961626782093894 ], [ -97.147299964076822, 49.963734934625428 ], [ -97.160807937708498, 49.968078241982518 ], [ -97.161018078688741, 49.968095679988558 ], [ -97.161018624889067, 49.957672232125077 ], [ -97.160990291071471, 49.94707937091254 ], [ -97.159550007124523, 49.946591986432267 ], [ -97.159612462271241, 49.946511001943904 ], [ -97.16016374586205, 49.945794700451877 ], [ -97.160522889893628, 49.9453280392759 ], [ -97.160809288183032, 49.944955895177124 ], [ -97.161229592692848, 49.944409740507872 ], [ -97.16138533711451, 49.944207358644533 ], [ -97.161526612781628, 49.944023776848987 ], [ -97.161712136623152, 49.943782692865327 ], [ -97.161729967990638, 49.943759521265882 ], [ -97.161954418807028, 49.943467851253764 ], [ -97.161977006613526, 49.94343849723758 ], [ -97.161980028725509, 49.943434571180291 ], [ -97.162124226668226, 49.94324718424582 ], [ -97.162126625605055, 49.943244066846326 ], [ -97.162331862761178, 49.942977356533156 ], [ -97.162544181331356, 49.942701441118899 ], [ -97.162756098688192, 49.942426041563643 ], [ -97.162850301874059, 49.942303619929426 ], [ -97.162934190904508, 49.942194598271833 ], [ -97.163149731219491, 49.941914485380977 ], [ -97.163357525794126, 49.941644434364441 ], [ -97.163398354858501, 49.941591371416173 ], [ -97.16349335917036, 49.941621892011234 ], [ -97.163778372139362, 49.941713453325576 ], [ -97.164063386203381, 49.941805013950024 ] ] ] } },
{ "type": "Feature", "properties": { "cluster": "St. Boniface East", "neighbourhood_count": 20, "neighbourhoods": "Archwood; Dufresne; Dugald; Fraipont; Holden; Island Lakes; Maginot; Mission Industrial; Niakwa Park; Niakwa Place; Royalwood; Sage Creek; Southdale; Southland Park; St. Boniface Industrial Park; Stock Yards; Symington Yards; The Mint; Tissot; Windsor Park" }, "geometry": { "type": "Polygon", "coordinates": [ [ [ -97.081984029987908, 49.828029765522125 ], [ -97.081840538480762, 49.828169344722468 ], [ -97.081647533083753, 49.828218572595425 ], [ -97.081460988813575, 49.828240133287778 ], [ -97.081399085074466, 49.828353328212977 ], [ -97.08144920182481, 49.828415954842953 ], [ -97.081519435586614, 49.828444891577242 ], [ -97.081990512089703, 49.828409033815312 ], [ -97.082078564691798, 49.828420124866568 ], [ -97.082281124032448, 49.82848214975445 ], [ -97.082461017070614, 49.828506651673841 ], [ -97.083072170713237, 49.828482741108722 ], [ -97.083421415446878, 49.828581213575063 ], [ -97.083617326466893, 49.828689300144262 ], [ -97.083740936858376, 49.828874998946667 ], [ -97.083736603925274, 49.828984633928442 ], [ -97.083685671819651, 49.829037603404643 ], [ -97.08343671170914, 49.829131041324374 ], [ -97.083219662448855, 49.829286109030747 ], [ -97.083186498718192, 49.829351176098008 ], [ -97.083203681050918, 49.829405272138608 ], [ -97.083331710961858, 49.829492794537835 ], [ -97.083493262929338, 49.829519768824198 ], [ -97.083773064900114, 49.829487943261164 ], [ -97.083846292293742, 49.829454784128195 ], [ -97.08396687569865, 49.829364082991169 ], [ -97.084164673105647, 49.829125721263672 ], [ -97.084282268367474, 49.829015528711842 ], [ -97.084410932905087, 49.829005504831891 ], [ -97.08452222066478, 49.829041367544754 ], [ -97.08475326777436, 49.829211135422881 ], [ -97.08481906111345, 49.829408063030314 ], [ -97.084884664122384, 49.829458064078231 ], [ -97.084979251796554, 49.829645017678246 ], [ -97.085190495781376, 49.829881461708922 ], [ -97.085337455509176, 49.829979015519264 ], [ -97.085558724808749, 49.830192711105354 ], [ -97.085725282571971, 49.830283297581616 ], [ -97.085899786046269, 49.830349365804743 ], [ -97.086058094236549, 49.830445023109725 ], [ -97.086089487807968, 49.830506296887954 ], [ -97.086020648724315, 49.830632225043416 ], [ -97.085910005785138, 49.830702262140711 ], [ -97.08570778231433, 49.830767314461916 ], [ -97.085318652939776, 49.830794908025695 ], [ -97.084896826035362, 49.830970896988156 ], [ -97.08481840346559, 49.831040424057122 ], [ -97.084727640797013, 49.831286458034491 ], [ -97.084775723744784, 49.831509443351287 ], [ -97.084735421415729, 49.831565019181063 ], [ -97.084568531627369, 49.831686548366768 ], [ -97.084181599663651, 49.831753404988461 ], [ -97.084016339486453, 49.831833646771628 ], [ -97.08398170298517, 49.831895217964245 ], [ -97.084002297211839, 49.83194450985583 ], [ -97.084064877584282, 49.831977137347607 ], [ -97.084215021942967, 49.831994201115833 ], [ -97.084385243460716, 49.831992154934817 ], [ -97.085000347303051, 49.832073145464072 ], [ -97.085174938351315, 49.832137133146603 ], [ -97.0854081654646, 49.832333667877201 ], [ -97.085489769659219, 49.832469024858668 ], [ -97.085468489166701, 49.832532205847215 ], [ -97.085342597490836, 49.832662051325421 ], [ -97.084968758155995, 49.832872856418696 ], [ -97.084858185182057, 49.832900191437616 ], [ -97.084741350044624, 49.83289583013255 ], [ -97.084146065302846, 49.832788433679632 ], [ -97.083999481209659, 49.832776289123665 ], [ -97.083855116011847, 49.832803064416815 ], [ -97.083800617228249, 49.83285111453246 ], [ -97.084024588944033, 49.833186715224187 ], [ -97.084108782050322, 49.833256500346685 ], [ -97.084374710743973, 49.833304640745709 ], [ -97.084487984043491, 49.833304083117888 ], [ -97.084866732663968, 49.833349574114649 ], [ -97.085025062513793, 49.833349760636288 ], [ -97.085641923002868, 49.8331964351731 ], [ -97.086823549470694, 49.832971888567286 ], [ -97.087186221257838, 49.832948713540851 ], [ -97.087464373669334, 49.832972746546915 ], [ -97.08773338847125, 49.833037941619736 ], [ -97.087887666920608, 49.833140820445934 ], [ -97.087928399130519, 49.83325119911175 ], [ -97.087910109828996, 49.83333387154844 ], [ -97.087577965947361, 49.833630777485212 ], [ -97.087346982716497, 49.833744309349925 ], [ -97.086590062399026, 49.833869640422328 ], [ -97.085959822314322, 49.834076214513793 ], [ -97.085741001449378, 49.83418403894435 ], [ -97.085629195198948, 49.834239131354785 ], [ -97.085442935110493, 49.834375270183742 ], [ -97.085383199395665, 49.834447189411733 ], [ -97.085364316031104, 49.834544780057797 ], [ -97.085383487629571, 49.834630154110322 ], [ -97.085442072926782, 49.834682503647194 ], [ -97.085612535431267, 49.834756143213376 ], [ -97.085804452461957, 49.834816597217376 ], [ -97.086346566030628, 49.834925537084089 ], [ -97.086602583740785, 49.834939485718451 ], [ -97.086836973940848, 49.834916623594495 ], [ -97.087504831310824, 49.834817941889099 ], [ -97.087954518169326, 49.834698297903579 ], [ -97.08804135782924, 49.834687579772954 ], [ -97.088097201111566, 49.834700652221329 ], [ -97.088243702245208, 49.834810345643241 ], [ -97.088315381039351, 49.834911861044688 ], [ -97.088288049606859, 49.835033267656108 ], [ -97.088190377679609, 49.83520975567442 ], [ -97.088061128027661, 49.835329480649591 ], [ -97.087787655880561, 49.835676306532577 ], [ -97.087706456042994, 49.835721477227672 ], [ -97.087611257554499, 49.835739358178415 ], [ -97.087317551978671, 49.835741801162349 ], [ -97.086956150451172, 49.835909074218939 ], [ -97.086858427060235, 49.835909891024116 ], [ -97.086690070216463, 49.835877948793851 ], [ -97.086535388646865, 49.835785129789144 ], [ -97.086433467838745, 49.835688321462378 ], [ -97.086395245695783, 49.835609576452093 ], [ -97.086263574178872, 49.835504986030884 ], [ -97.086177360575675, 49.8354862035156 ], [ -97.086109087995638, 49.8355024345137 ], [ -97.086052421776827, 49.835591763398284 ], [ -97.086070775222936, 49.835711493876325 ], [ -97.086157714656551, 49.835793473844873 ], [ -97.086243752584124, 49.835911891964287 ], [ -97.086668030800098, 49.836245934829321 ], [ -97.08674554516962, 49.836376362851908 ], [ -97.086745231299531, 49.836573904607505 ], [ -97.086790804849088, 49.836657625435819 ], [ -97.086856041333093, 49.836731955899019 ], [ -97.087029405537933, 49.836827513079591 ], [ -97.087618381325171, 49.837000773810878 ], [ -97.087776402066183, 49.837010684650551 ], [ -97.088107760425146, 49.836923424110772 ], [ -97.088769614617817, 49.836678129255169 ], [ -97.088974539915114, 49.83654507033264 ], [ -97.089151238501159, 49.836460149300372 ], [ -97.089302669362908, 49.83644563532814 ], [ -97.089460339461667, 49.836462816302749 ], [ -97.089489870779772, 49.836585160685189 ], [ -97.08905897405144, 49.837085621380652 ], [ -97.0890101662483, 49.837179941680034 ], [ -97.088998908408158, 49.837274881226584 ], [ -97.089021931681856, 49.837453360296152 ], [ -97.088975149567688, 49.837754975826869 ], [ -97.089015192134596, 49.838141691735878 ], [ -97.088922587775812, 49.838489072611367 ], [ -97.088900207747244, 49.838675482166387 ], [ -97.088730324143043, 49.839351151411215 ], [ -97.088598663616068, 49.839815482482031 ], [ -97.08844093831658, 49.840180536029365 ], [ -97.087990502676135, 49.840643845863369 ], [ -97.087912773486408, 49.840750558082085 ], [ -97.087965485870868, 49.840965633065281 ], [ -97.08805297419714, 49.841047620541751 ], [ -97.088106122947423, 49.841170007694565 ], [ -97.088642726080266, 49.841597549392922 ], [ -97.088654923692459, 49.84171023433187 ], [ -97.088610303424872, 49.841793513985401 ], [ -97.088420085886867, 49.841920565791597 ], [ -97.088159199531248, 49.841961047055932 ], [ -97.087773780993416, 49.841933162930836 ], [ -97.087271917978953, 49.841822464432433 ], [ -97.087188914115345, 49.84181727543595 ], [ -97.08710282458793, 49.841837410059192 ], [ -97.086923384659741, 49.841975368620439 ], [ -97.086838023207122, 49.842179485229011 ], [ -97.086741451966333, 49.842315391616367 ], [ -97.08660730962302, 49.84243466633572 ], [ -97.08647275617831, 49.842484173177006 ], [ -97.086406793379197, 49.842468849860069 ], [ -97.086275094275408, 49.842391685791668 ], [ -97.086155345515053, 49.842202235174646 ], [ -97.08615788018723, 49.842138050194535 ], [ -97.086125607678724, 49.842044475056568 ], [ -97.086013889637925, 49.842005135274924 ], [ -97.085935718136056, 49.842027104623789 ], [ -97.085878350204865, 49.842079621534317 ], [ -97.085829284974793, 49.842275310482684 ], [ -97.085817938531292, 49.842562581568515 ], [ -97.085930348700302, 49.842801904091552 ], [ -97.086035402881961, 49.843322661543191 ], [ -97.086168429274323, 49.843515803248621 ], [ -97.086228842313503, 49.843658100005207 ], [ -97.086333377142623, 49.843743494806873 ], [ -97.0864640369428, 49.843751901552785 ], [ -97.087187748894635, 49.843601373395146 ], [ -97.087345068070078, 49.843532799846514 ], [ -97.087690394153356, 49.84324375002609 ], [ -97.087938817285021, 49.843165569569216 ], [ -97.088096683900929, 49.843164702580097 ], [ -97.088262841534899, 49.843212229063774 ], [ -97.088432095503677, 49.843330976640637 ], [ -97.088547720038022, 49.843543617308015 ], [ -97.088542711168415, 49.843602553920597 ], [ -97.088497815177035, 49.843692772406712 ], [ -97.08813960882766, 49.844022578393989 ], [ -97.087992317558744, 49.844231575944782 ], [ -97.087845370396394, 49.84466311619574 ], [ -97.087869350457197, 49.844817309048125 ], [ -97.087968238038229, 49.844909899759983 ], [ -97.088122480291389, 49.844987433757815 ], [ -97.088246128036516, 49.844996764301492 ], [ -97.08840480535774, 49.844961887393431 ], [ -97.088750172136457, 49.844780805589025 ], [ -97.088986296066807, 49.844606253408585 ], [ -97.089118056913989, 49.844477889578087 ], [ -97.089268313605658, 49.844384200589211 ], [ -97.089405771021006, 49.844329183631913 ], [ -97.089641634219717, 49.844297313473326 ], [ -97.089743570884096, 49.844298993898185 ], [ -97.089945611811558, 49.844348845306847 ], [ -97.090181198700861, 49.844541936862953 ], [ -97.09024085909401, 49.844703660661679 ], [ -97.090192343976753, 49.844844854395774 ], [ -97.090026015402231, 49.84497855161213 ], [ -97.089698688989998, 49.845287693829391 ], [ -97.089650799402293, 49.84539938804064 ], [ -97.089670663094182, 49.845453874301441 ], [ -97.089819421530734, 49.845534440156982 ], [ -97.089920335135119, 49.845562141435558 ], [ -97.090269538131381, 49.845719610859682 ], [ -97.090460895635303, 49.845822749720149 ], [ -97.090504575975601, 49.845885960404829 ], [ -97.090498341693134, 49.846044168003985 ], [ -97.090421853446173, 49.846105051362393 ], [ -97.090298929772672, 49.846145380653638 ], [ -97.090227864364792, 49.846218504262602 ], [ -97.090226209838775, 49.84626048477908 ], [ -97.090252605336659, 49.846299108672397 ], [ -97.090434454992945, 49.846330226315338 ], [ -97.090682660659269, 49.846325983954678 ], [ -97.090754648174311, 49.846311200115494 ], [ -97.090912152483966, 49.846251651247918 ], [ -97.091185204415737, 49.846093672883356 ], [ -97.09135174648867, 49.846036355321196 ], [ -97.091425927667316, 49.846047645077867 ], [ -97.091588118658819, 49.846182588651736 ], [ -97.091731119402766, 49.846368597396221 ], [ -97.091779305382261, 49.846399247639773 ], [ -97.091820682693168, 49.846534631601102 ], [ -97.091690430790081, 49.846692880072034 ], [ -97.091519000504562, 49.846792472566783 ], [ -97.091285413110114, 49.846888958007959 ], [ -97.091160824205573, 49.846985155429699 ], [ -97.091204509991996, 49.847061905615305 ], [ -97.091306288565534, 49.847067748092392 ], [ -97.091534607842675, 49.847023251600206 ], [ -97.091998010200086, 49.846871530563682 ], [ -97.092150032641229, 49.846787587741396 ], [ -97.092370321433108, 49.84671518366622 ], [ -97.092456389653506, 49.846724585405035 ], [ -97.092705341055776, 49.846865121554721 ], [ -97.093165721960844, 49.84702198171675 ], [ -97.093372159063833, 49.847137862000459 ], [ -97.093867473751374, 49.847553242582777 ], [ -97.093875174750679, 49.847630441341252 ], [ -97.093853615571035, 49.847714449412322 ], [ -97.093681938210622, 49.847902222601007 ], [ -97.093311123645321, 49.848020409462563 ], [ -97.092826881998946, 49.84811485665913 ], [ -97.092688071246641, 49.848176798834267 ], [ -97.092672517170968, 49.84824458846154 ], [ -97.092779531700387, 49.848362999395562 ], [ -97.093025684252041, 49.848452107324441 ], [ -97.093326617027472, 49.848527187670534 ], [ -97.093867021940767, 49.848479141661706 ], [ -97.094093538557232, 49.848548829890603 ], [ -97.094187289677564, 49.848608696548695 ], [ -97.094748592176472, 49.84884844808542 ], [ -97.094899170198119, 49.848883210567635 ], [ -97.095165445563708, 49.84889765568564 ], [ -97.095457683981124, 49.848797960312417 ], [ -97.095541141935954, 49.848805580979324 ], [ -97.095686469300276, 49.848891984690901 ], [ -97.095713962086279, 49.848943817842425 ], [ -97.095746118948625, 49.849737632929418 ], [ -97.095694065810861, 49.8499554955444 ], [ -97.095696140849924, 49.849975195997487 ], [ -97.095710879386857, 49.850115123494696 ], [ -97.095831722242195, 49.85036012912569 ], [ -97.095938516557325, 49.850675726745202 ], [ -97.096034691355413, 49.851070304829648 ], [ -97.096297898746315, 49.851354448968642 ], [ -97.096629314551961, 49.851610897567177 ], [ -97.09692238498792, 49.851968783839467 ], [ -97.097096880956911, 49.852023724927179 ], [ -97.097246458437752, 49.85200222612017 ], [ -97.097479371750239, 49.851800177556186 ], [ -97.097685571578694, 49.851512633071223 ], [ -97.097812426198729, 49.85137237514774 ], [ -97.098097350242014, 49.851226726445802 ], [ -97.098503958151554, 49.851127164472402 ], [ -97.098774882617093, 49.851105571701332 ], [ -97.098918650406191, 49.851149937964841 ], [ -97.09899347425997, 49.851227195891589 ], [ -97.098991108896897, 49.851328531079758 ], [ -97.099083368723299, 49.851741442320375 ], [ -97.099045477056364, 49.852036610601836 ], [ -97.098931592208004, 49.852161112742074 ], [ -97.098549094022232, 49.85235758540702 ], [ -97.097943939694119, 49.85271357304164 ], [ -97.097711117678756, 49.852803834909501 ], [ -97.097401181793842, 49.852875124586774 ], [ -97.097282956485898, 49.852891236455726 ], [ -97.097171655818428, 49.852881424066062 ], [ -97.096849166165583, 49.852793848912718 ], [ -97.096676248903904, 49.852698661539542 ], [ -97.096508585584104, 49.852633764096446 ], [ -97.096424957289358, 49.852630307419588 ], [ -97.09634627732791, 49.852651233952031 ], [ -97.096288970903572, 49.852688481416266 ], [ -97.096076320115557, 49.853057849846529 ], [ -97.096173847329325, 49.853335805025615 ], [ -97.096254196234582, 49.853455929041694 ], [ -97.096193285913472, 49.853562732112408 ], [ -97.096118367771496, 49.853593035749896 ], [ -97.09566288908556, 49.853580418481933 ], [ -97.095506654171189, 49.853630652853646 ], [ -97.095479958871522, 49.853674949008891 ], [ -97.095546828405688, 49.853733983244318 ], [ -97.095996201897691, 49.853901972633189 ], [ -97.096156522713088, 49.853978675722097 ], [ -97.096330150466713, 49.8541208660669 ], [ -97.096398576797284, 49.85414032402263 ], [ -97.096534505520665, 49.854116155821778 ], [ -97.097061147689857, 49.853761058967535 ], [ -97.097125439014462, 49.853683645300023 ], [ -97.097288077648784, 49.853585845601195 ], [ -97.097432457218346, 49.853548614653938 ], [ -97.097513755020941, 49.853558016251149 ], [ -97.097588964580083, 49.85360691919545 ], [ -97.097705389205544, 49.853732767897263 ], [ -97.097765666594725, 49.853873095395194 ], [ -97.097783985608871, 49.854042068483039 ], [ -97.097739505503782, 49.854163809195761 ], [ -97.09773402465467, 49.854418927885902 ], [ -97.097619447690008, 49.854939198119084 ], [ -97.097572043811752, 49.855019822705827 ], [ -97.097272332984701, 49.855286244815439 ], [ -97.096929460624281, 49.855409685913607 ], [ -97.096485802777366, 49.85549993622385 ], [ -97.096277928010352, 49.855594058287878 ], [ -97.096111390088723, 49.855704259609155 ], [ -97.096042214375984, 49.855790392762223 ], [ -97.095997104552694, 49.855956857302353 ], [ -97.096068398609674, 49.856105433581263 ], [ -97.096140759489217, 49.856168018510601 ], [ -97.09621101297131, 49.856228780555945 ], [ -97.096391290129731, 49.856490617317498 ], [ -97.096487119853123, 49.856563327099451 ], [ -97.096656791367209, 49.856748719990449 ], [ -97.096696135346633, 49.856873303654815 ], [ -97.09679330058313, 49.856934945457184 ], [ -97.09682783873626, 49.856956869312953 ], [ -97.097055769983314, 49.857160818917627 ], [ -97.0972354755868, 49.857350775831243 ], [ -97.097220688249791, 49.857525072220739 ], [ -97.097129807384178, 49.85755731450584 ], [ -97.096665991797892, 49.85758269909136 ], [ -97.096114222230995, 49.857536967924112 ], [ -97.095661414960446, 49.857455459068426 ], [ -97.095376155052847, 49.857469105240021 ], [ -97.095106621510411, 49.857573212241185 ], [ -97.094947692368223, 49.857691603903035 ], [ -97.094860795980338, 49.857824379961812 ], [ -97.095002431489604, 49.858145718944719 ], [ -97.095157355680428, 49.858302270614615 ], [ -97.095395411366169, 49.858364118422706 ], [ -97.095815378562392, 49.858357819100618 ], [ -97.096075801559394, 49.85845670090584 ], [ -97.0963945314261, 49.858544072781157 ], [ -97.096710830169172, 49.85857786872797 ], [ -97.096816864406989, 49.858564209561301 ], [ -97.097036389455369, 49.858578081411153 ], [ -97.097132127081039, 49.858624388220484 ], [ -97.09718281746585, 49.858691222708231 ], [ -97.097159150922366, 49.858831638814245 ], [ -97.096701622490343, 49.859072000644993 ], [ -97.096548886935992, 49.859119360497424 ], [ -97.095908648086578, 49.859245981158828 ], [ -97.095381869233677, 49.859487400091631 ], [ -97.095170256863454, 49.859676061930088 ], [ -97.095155807182522, 49.859755027071913 ], [ -97.095202163001161, 49.859816657673633 ], [ -97.095348052207882, 49.859885790950983 ], [ -97.095587556732511, 49.859910994236145 ], [ -97.095960318641346, 49.860038123072492 ], [ -97.096299176908175, 49.860133159410537 ], [ -97.09659136166205, 49.860174626453002 ], [ -97.097006061085438, 49.860187303522309 ], [ -97.097179612539023, 49.86021655402223 ], [ -97.097280456921041, 49.860306212623712 ], [ -97.097331555999446, 49.860449322913908 ], [ -97.097386081448221, 49.860505219882356 ], [ -97.097428093536735, 49.86067751524272 ], [ -97.097307471621122, 49.860946877258456 ], [ -97.097211426792811, 49.861023769647417 ], [ -97.096962802219281, 49.861115023840263 ], [ -97.096702300269214, 49.861162080993893 ], [ -97.096510600468008, 49.861277003152622 ], [ -97.096356846907014, 49.861667557354068 ], [ -97.096229132793837, 49.861799663906908 ], [ -97.096126272085783, 49.86184784249771 ], [ -97.095881435895905, 49.861900288675592 ], [ -97.095546362012101, 49.86193951780686 ], [ -97.095458642319699, 49.861977677609651 ], [ -97.095296470994285, 49.862264688675793 ], [ -97.095296538226847, 49.862378360188728 ], [ -97.095412929480204, 49.86262081423687 ], [ -97.095511479116539, 49.862711169983086 ], [ -97.096069792399263, 49.862765078141017 ], [ -97.096526182601906, 49.862727840054497 ], [ -97.097307190898846, 49.862744331591209 ], [ -97.097567474553429, 49.862789672482734 ], [ -97.097710907039612, 49.862863895867292 ], [ -97.097857187717267, 49.863010034824548 ], [ -97.097846988426781, 49.86309640357738 ], [ -97.097652473133991, 49.863311751341016 ], [ -97.097421765328079, 49.863379833198522 ], [ -97.097125636630821, 49.86349597541242 ], [ -97.096377451801544, 49.863683161810449 ], [ -97.09591506664853, 49.863728367785768 ], [ -97.095371625645157, 49.863757572729703 ], [ -97.095210197559197, 49.863852456230283 ], [ -97.095239118009189, 49.864011336720701 ], [ -97.095347403280215, 49.864084985364002 ], [ -97.095557575268955, 49.864135374040643 ], [ -97.096376137560284, 49.864236091558858 ], [ -97.097034865473148, 49.864246909474012 ], [ -97.09764426118214, 49.864185044902683 ], [ -97.097852830648421, 49.864218535883523 ], [ -97.097921052601691, 49.864272457266893 ], [ -97.097880119114379, 49.864419190230464 ], [ -97.097648172372729, 49.864605322702204 ], [ -97.097438878112101, 49.86473462472977 ], [ -97.097215426720581, 49.864791091603415 ], [ -97.097057541064359, 49.864795832903575 ], [ -97.096921294438047, 49.864827330169454 ], [ -97.096699167086456, 49.86485008336679 ], [ -97.096425364382654, 49.864830919396113 ], [ -97.096085879433247, 49.86486641092759 ], [ -97.095685428866474, 49.864980835674565 ], [ -97.095479894437716, 49.865158597537011 ], [ -97.095486044149524, 49.865290702877786 ], [ -97.095542494474913, 49.86535543257316 ], [ -97.095737240938433, 49.865423167978264 ], [ -97.095941038584002, 49.865433849902544 ], [ -97.096262800158925, 49.865416401580426 ], [ -97.096629261706141, 49.865445154616189 ], [ -97.097057695409816, 49.865369320637377 ], [ -97.097235365362224, 49.865323102795273 ], [ -97.097451681653496, 49.865303919953647 ], [ -97.097549142472914, 49.865335587453878 ], [ -97.097752361870945, 49.865505395156298 ], [ -97.097793234267442, 49.865649070598785 ], [ -97.097768772956655, 49.865694137243892 ], [ -97.097707027190495, 49.866081802941899 ], [ -97.097704404394932, 49.866292966668397 ], [ -97.097563556364079, 49.866744602639336 ], [ -97.097571173297197, 49.866897265883502 ], [ -97.097604508510017, 49.866944014543463 ], [ -97.097722767217306, 49.866995090532427 ], [ -97.097815512440661, 49.867002479611386 ], [ -97.098654077069412, 49.866826300189317 ], [ -97.09895228907385, 49.866715321717805 ], [ -97.099059186747908, 49.866709008164264 ], [ -97.099437132594332, 49.866850144190622 ], [ -97.099463599400508, 49.867014116738957 ], [ -97.099358838963923, 49.867197204667271 ], [ -97.099360449403335, 49.86723308617244 ], [ -97.099360449403321, 49.86723308617244 ], [ -97.099368523017219, 49.867412970322832 ], [ -97.099319102359729, 49.86763143347865 ], [ -97.099147671924257, 49.86780756098053 ], [ -97.099084205286928, 49.867950257935426 ], [ -97.099135357701641, 49.868121235621103 ], [ -97.099228123869736, 49.868243760874527 ], [ -97.099362630822029, 49.86834350315911 ], [ -97.099550977388333, 49.868430194354886 ], [ -97.099652336510815, 49.868449456896201 ], [ -97.099795550976381, 49.868443004755719 ], [ -97.099904609418417, 49.868381724098818 ], [ -97.100307909151852, 49.86822406341031 ], [ -97.100544424256398, 49.868095202356415 ], [ -97.100583513132364, 49.867995373140538 ], [ -97.100510380928142, 49.867835036232158 ], [ -97.100372027553405, 49.867717631676648 ], [ -97.10035420946231, 49.867593402379718 ], [ -97.100388200329391, 49.867536757697145 ], [ -97.10066201082229, 49.867469376273739 ], [ -97.100830180016274, 49.867491932724704 ], [ -97.101103680770507, 49.8675770833309 ], [ -97.101264010108238, 49.867683846690305 ], [ -97.101297762214784, 49.867806870160308 ], [ -97.101228984986832, 49.868085152194439 ], [ -97.101404590127117, 49.868467907592859 ], [ -97.101561022617574, 49.869195026086089 ], [ -97.101539477331386, 49.869570884915476 ], [ -97.101550751819332, 49.86974634172288 ], [ -97.101597240005447, 49.869805038330078 ], [ -97.101658484732454, 49.869834642370883 ], [ -97.101987420382301, 49.869866430396605 ], [ -97.10296735580512, 49.869876607081572 ], [ -97.103072594637794, 49.869912797296713 ], [ -97.103133179018812, 49.870075127187746 ], [ -97.103008042772899, 49.870315086585997 ], [ -97.1028842656509, 49.870780941735461 ], [ -97.102739848174636, 49.871078520347766 ], [ -97.102731147925795, 49.871184714538884 ], [ -97.102856364448868, 49.87157984299396 ], [ -97.102757162336474, 49.871708023143945 ], [ -97.102657832135094, 49.871752598542706 ], [ -97.101906510842994, 49.871930235944653 ], [ -97.101723827323625, 49.871930177461032 ], [ -97.101464799577528, 49.871822531540232 ], [ -97.101357752504157, 49.871716641450234 ], [ -97.101171155005957, 49.871353506750516 ], [ -97.101085178841075, 49.87128902953787 ], [ -97.100966244940665, 49.871254813208026 ], [ -97.100741259455276, 49.871320795441875 ], [ -97.100671768663673, 49.871385658729736 ], [ -97.100631974369648, 49.871474476034109 ], [ -97.100730336444229, 49.871801698007026 ], [ -97.100741378279736, 49.871983017879593 ], [ -97.100860211076451, 49.872309108443595 ], [ -97.100934200390199, 49.872679198815973 ], [ -97.101092638813711, 49.872747796762241 ], [ -97.102225113564586, 49.872891749190764 ], [ -97.102421523514025, 49.872889098176472 ], [ -97.102548186905622, 49.872842037031326 ], [ -97.102650449250376, 49.872722707435152 ], [ -97.102749551699958, 49.872683995157956 ], [ -97.10287417513274, 49.872688968524777 ], [ -97.102992108797338, 49.872748833944854 ], [ -97.103051663752495, 49.872821677544955 ], [ -97.103071326878165, 49.873014871918372 ], [ -97.103035409562139, 49.873236490844072 ], [ -97.10304666267298, 49.873296810187348 ], [ -97.103140223728474, 49.873399544523416 ], [ -97.103295825820226, 49.873424825020692 ], [ -97.103467031683095, 49.873370424872014 ], [ -97.103641653522303, 49.873228811042075 ], [ -97.104180112545677, 49.872923743660515 ], [ -97.104341239318458, 49.872894844811071 ], [ -97.104512702523976, 49.872949717322349 ], [ -97.104589055297083, 49.873057302543437 ], [ -97.104560004067963, 49.873161697300006 ], [ -97.104254735881398, 49.873683987284245 ], [ -97.104080142833709, 49.873824869143029 ], [ -97.103844627488797, 49.873898752079732 ], [ -97.10334702452343, 49.874000613650573 ], [ -97.102540939318303, 49.874040221583186 ], [ -97.102450202934747, 49.874068070321613 ], [ -97.102417113856347, 49.874130597171501 ], [ -97.102432787538206, 49.874193922365222 ], [ -97.102692618198915, 49.874368314513532 ], [ -97.103138344579193, 49.874605883710245 ], [ -97.103658886065745, 49.874824833411921 ], [ -97.103805889884299, 49.87488670748268 ], [ -97.103922505359975, 49.874980256455402 ], [ -97.104553345561399, 49.875298233658235 ], [ -97.10472896588071, 49.875344632856709 ], [ -97.104788045019305, 49.875427437448849 ], [ -97.104939875404725, 49.875603669522739 ], [ -97.104561787637707, 49.875824206832348 ], [ -97.104299021971812, 49.875854803207304 ], [ -97.104042441845266, 49.875859329823264 ], [ -97.103683953268458, 49.875799145930337 ], [ -97.103483571009846, 49.875787143848996 ], [ -97.103028357518909, 49.875819984157062 ], [ -97.102201619443861, 49.875981728652228 ], [ -97.101794708301441, 49.87609354291893 ], [ -97.101220500677201, 49.876316216679221 ], [ -97.10107607763085, 49.876466376107373 ], [ -97.100979743793701, 49.876868144957363 ], [ -97.101031796182127, 49.877077281398371 ], [ -97.101251662977035, 49.87725688128652 ], [ -97.101678191710278, 49.877522693472237 ], [ -97.101877619385505, 49.877673358860648 ], [ -97.10189705493714, 49.877727996348376 ], [ -97.101863930181381, 49.877791215996126 ], [ -97.101673453675858, 49.877874701450914 ], [ -97.101173946032503, 49.877877491111867 ], [ -97.100915400527981, 49.877902573188628 ], [ -97.100808111398706, 49.87800423757033 ], [ -97.100879530327546, 49.87812348911433 ], [ -97.100991876846649, 49.878208877112243 ], [ -97.101294344114123, 49.878281371621846 ], [ -97.101651011321209, 49.878388387789556 ], [ -97.102115926018399, 49.878571279710101 ], [ -97.102298079573202, 49.878585953417989 ], [ -97.102464951188196, 49.878524923337466 ], [ -97.102778490841445, 49.87825648147318 ], [ -97.103248844681772, 49.878127841971256 ], [ -97.103812365011976, 49.87808202370352 ], [ -97.104528385763757, 49.877996158676709 ], [ -97.104665370190176, 49.878035810662375 ], [ -97.104726190859708, 49.878074217095552 ], [ -97.104878082395572, 49.878284264731427 ], [ -97.104872230377282, 49.878433726666351 ], [ -97.104894249828334, 49.878566107486066 ], [ -97.104715099398902, 49.878852850506213 ], [ -97.104381810683165, 49.87907474930531 ], [ -97.104219431909428, 49.879337574033336 ], [ -97.104223442209289, 49.879466692639234 ], [ -97.104257535570284, 49.879522288901235 ], [ -97.104432636195227, 49.879602854263183 ], [ -97.104723047408697, 49.879634762921803 ], [ -97.10541711915242, 49.879761223541394 ], [ -97.10558751816059, 49.879844678059499 ], [ -97.105721637637686, 49.88007206076594 ], [ -97.105658776084752, 49.88020008638312 ], [ -97.105549256920227, 49.880270871840544 ], [ -97.105091933214581, 49.880444520063378 ], [ -97.104460961225428, 49.880588257156433 ], [ -97.10433133725563, 49.880594950609883 ], [ -97.10378921878096, 49.880556675124467 ], [ -97.103287763180475, 49.880494241166666 ], [ -97.10314139115097, 49.880494813615904 ], [ -97.102994643355061, 49.88058989869149 ], [ -97.103054934344399, 49.88087615101729 ], [ -97.103509667796288, 49.881088188471352 ], [ -97.103954545292638, 49.881115341759411 ], [ -97.104461082684452, 49.881250431332624 ], [ -97.104933752610862, 49.881353488624882 ], [ -97.104987206571565, 49.881351484731326 ], [ -97.105022336686929, 49.881380657572301 ], [ -97.105102514048966, 49.881710491326196 ], [ -97.105068500272367, 49.881796450201044 ], [ -97.104943888359585, 49.881906648521969 ], [ -97.104870066751943, 49.882024242213426 ], [ -97.104878089057777, 49.882127166078682 ], [ -97.104885202898117, 49.882218114083173 ], [ -97.104815453076355, 49.882375344552315 ], [ -97.104690009003164, 49.88244811712913 ], [ -97.104323518741793, 49.882561643940747 ], [ -97.103373472619907, 49.883057997279501 ], [ -97.10329881640439, 49.883138164452696 ], [ -97.103298152221271, 49.883240046958335 ], [ -97.103343715621378, 49.883322271255729 ], [ -97.103441510343856, 49.883378100665929 ], [ -97.104223673127748, 49.883574987584268 ], [ -97.10451554000241, 49.883713939938303 ], [ -97.105289417402815, 49.884184258290148 ], [ -97.105561505809206, 49.884221620849381 ], [ -97.105714513086497, 49.884195523012124 ], [ -97.106311452716781, 49.883907601034586 ], [ -97.106482558221472, 49.883885395160476 ], [ -97.106575106281724, 49.883899407587116 ], [ -97.106742569932337, 49.884116991356485 ], [ -97.106755246405839, 49.884285911451414 ], [ -97.106695306916066, 49.884512281315942 ], [ -97.106598025227768, 49.884648558508992 ], [ -97.106311683991336, 49.884887327569729 ], [ -97.106056456251892, 49.884999799744314 ], [ -97.105851794022286, 49.885040432366104 ], [ -97.10567925106767, 49.885213610200331 ], [ -97.105548720961266, 49.885592070464405 ], [ -97.105253127744703, 49.885773668622676 ], [ -97.104974120128958, 49.885945015108156 ], [ -97.104864556890547, 49.886048804360804 ], [ -97.104830739786891, 49.886158958132796 ], [ -97.10485471563814, 49.886241458339647 ], [ -97.104913306760437, 49.886310674906611 ], [ -97.105080574498317, 49.886386704337568 ], [ -97.105642638486529, 49.886439148979065 ], [ -97.106235908077451, 49.886448123832658 ], [ -97.106835199766806, 49.886361865773807 ], [ -97.107139995791925, 49.886373408589264 ], [ -97.107292349331175, 49.886425808861858 ], [ -97.107413242376808, 49.886554677294434 ], [ -97.10742305473228, 49.886623725638422 ], [ -97.107340913713671, 49.886810163049041 ], [ -97.106897818815739, 49.887023621023616 ], [ -97.106446714605511, 49.887180558931824 ], [ -97.105860575535218, 49.887279530538322 ], [ -97.105703171856931, 49.887356098701005 ], [ -97.105607830831602, 49.88744258426982 ], [ -97.105564405477509, 49.887566520703182 ], [ -97.10560940658651, 49.887663303857607 ], [ -97.105735402578887, 49.887723369291699 ], [ -97.106222969538521, 49.887734933432128 ], [ -97.106746355953703, 49.887849153709666 ], [ -97.107158920042977, 49.887979098747763 ], [ -97.107311053659856, 49.888125294720695 ], [ -97.107436601611738, 49.888425829836315 ], [ -97.107415208712851, 49.888564785614207 ], [ -97.107316514152075, 49.888681255188899 ], [ -97.107178294887206, 49.888760386904757 ], [ -97.107016409360483, 49.888807655676558 ], [ -97.106737960008331, 49.888847084875472 ], [ -97.106339845578262, 49.888778978048869 ], [ -97.105910180874943, 49.88865171846512 ], [ -97.105653847292544, 49.888615963331404 ], [ -97.105462390770285, 49.888664905037629 ], [ -97.105356233867369, 49.888825227877675 ], [ -97.105339853388955, 49.888953293484917 ], [ -97.105258215230648, 49.889211593510382 ], [ -97.105291714390944, 49.889341193888733 ], [ -97.105279032413975, 49.889462754878338 ], [ -97.105321419425977, 49.889743586720051 ], [ -97.105281806317592, 49.889799416677029 ], [ -97.105134717290468, 49.889873274849229 ], [ -97.104856518144402, 49.889961806660757 ], [ -97.104725433041722, 49.88997585122064 ], [ -97.104378771974226, 49.889901204534304 ], [ -97.104265961468911, 49.889900079078565 ], [ -97.104096624873222, 49.889955675567414 ], [ -97.104035646137376, 49.890002971808698 ], [ -97.1039727742792, 49.890177671074291 ], [ -97.103980712313046, 49.890238774993094 ], [ -97.104099626637137, 49.890382992855137 ], [ -97.104194680454356, 49.890582398485165 ], [ -97.104276119929366, 49.890648751431691 ], [ -97.104293958528316, 49.890776567108873 ], [ -97.104251343975761, 49.890864993036111 ], [ -97.104364854525926, 49.891015327549503 ], [ -97.10439912778989, 49.891060674296902 ], [ -97.104978172707092, 49.891460627949456 ], [ -97.10539137260615, 49.891660017165037 ], [ -97.105669339891477, 49.891876710248837 ], [ -97.105920523180188, 49.892273189168023 ], [ -97.105921417353613, 49.892294337850466 ], [ -97.10592347816322, 49.892341406074799 ], [ -97.106041371794518, 49.892520768663154 ], [ -97.106188896874244, 49.892579656410497 ], [ -97.106660588864941, 49.892651933144251 ], [ -97.106954814319721, 49.892667620338287 ], [ -97.107216357809023, 49.892632411096741 ], [ -97.107629793501403, 49.892570902743415 ], [ -97.107706034348041, 49.892535544965682 ], [ -97.107996581244848, 49.892451524589184 ], [ -97.10848849058759, 49.892294526968854 ], [ -97.108683603039154, 49.892269831647383 ], [ -97.108847905879145, 49.892219722131962 ], [ -97.109288498695662, 49.892156492569029 ], [ -97.10940934760319, 49.892172403161652 ], [ -97.109520015415825, 49.892216746020978 ], [ -97.109587428271666, 49.892292669017266 ], [ -97.109592142839489, 49.892462897600169 ], [ -97.109454408165149, 49.892617582956582 ], [ -97.10934535992557, 49.892793240579344 ], [ -97.109348035243286, 49.892956870852608 ], [ -97.10927826096362, 49.893232184302754 ], [ -97.109317390639376, 49.893770347136247 ], [ -97.109623909656904, 49.89403282202241 ], [ -97.10974202238873, 49.894204090392478 ], [ -97.109905113316756, 49.894390840905743 ], [ -97.10992221309921, 49.894446877660116 ], [ -97.10979723014195, 49.894883348883774 ], [ -97.109612498389652, 49.895021170186226 ], [ -97.109615895953581, 49.895225101772091 ], [ -97.109671060993378, 49.895306040992075 ], [ -97.107751971926362, 49.89580802747782 ], [ -97.105715984294605, 49.896250605440336 ], [ -97.10721055796391, 49.899210345520757 ], [ -97.107060185068292, 49.899219559342832 ], [ -97.103210156993242, 49.899455394966054 ], [ -97.102770137655995, 49.899464942297442 ], [ -97.101999156525522, 49.899459992532051 ], [ -97.101199394152715, 49.899425620957011 ], [ -97.100430243425848, 49.89936416214281 ], [ -97.099825883962893, 49.899295959337209 ], [ -97.071165355321085, 49.894173624784678 ], [ -97.063900497963388, 49.892873930879652 ], [ -97.063599288177642, 49.892820032704442 ], [ -97.063298079083722, 49.892766133753902 ], [ -97.035207427285016, 49.88773558481077 ], [ -97.034141815284343, 49.887597420412909 ], [ -97.033721786166282, 49.885897651266262 ], [ -97.030983895884589, 49.886000399201549 ], [ -97.030976204846752, 49.885822277133379 ], [ -97.030975776433138, 49.885630473921935 ], [ -97.030974366847829, 49.885000263811371 ], [ -97.030001543964929, 49.885000558923828 ], [ -97.030000503942915, 49.884512378189328 ], [ -97.030000044097591, 49.884296591832637 ], [ -97.029995199192982, 49.882023374305042 ], [ -97.029995166399971, 49.882008014914945 ], [ -97.029995052650534, 49.881954063809737 ], [ -97.029991801227354, 49.880390258821379 ], [ -97.029991442981398, 49.880210474303887 ], [ -97.029987469015154, 49.878399048162876 ], [ -97.028021926632292, 49.878399889985694 ], [ -97.027110148253698, 49.878400269564473 ], [ -97.026970301716645, 49.878400328944679 ], [ -97.026950853099436, 49.87111981438661 ], [ -97.02681094038968, 49.871119869206495 ], [ -97.026810520712758, 49.870939032665724 ], [ -97.026791323451477, 49.863786230824388 ], [ -97.026781092512977, 49.859222179611599 ], [ -97.026777087599953, 49.857621869756088 ], [ -97.026776843400526, 49.857524036813672 ], [ -97.026776034797521, 49.857201186337505 ], [ -97.026772289102524, 49.855704655922011 ], [ -97.026767321660145, 49.854856337863325 ], [ -97.026767321660117, 49.854856337863325 ], [ -97.026729258250285, 49.841622884858978 ], [ -97.026729340041811, 49.841444334976813 ], [ -97.026729721382893, 49.840896103385525 ], [ -97.026690274597087, 49.826893173717139 ], [ -97.026681198220302, 49.822932315326263 ], [ -97.026394197883818, 49.822877776798315 ], [ -97.025550288955614, 49.822717404406113 ], [ -97.02566823172576, 49.822426597126103 ], [ -97.026819653193158, 49.822251602395006 ], [ -97.029545972761539, 49.821569161053439 ], [ -97.047024070212643, 49.815552718934377 ], [ -97.060818143115966, 49.810736547442495 ], [ -97.061005242100265, 49.810670432464292 ], [ -97.061192671076583, 49.810604963131574 ], [ -97.065981627882465, 49.808932006155075 ], [ -97.066233199027337, 49.809503477984336 ], [ -97.06623638727153, 49.809549577379656 ], [ -97.066331658366664, 49.809660321206415 ], [ -97.066431308329385, 49.809756405632186 ], [ -97.066573259292227, 49.809855651300992 ], [ -97.066726097176456, 49.809967355458646 ], [ -97.066759139738835, 49.809980946922032 ], [ -97.066877117092659, 49.810029474645766 ], [ -97.066959047392132, 49.810085530110378 ], [ -97.066994936666035, 49.810145728154481 ], [ -97.067002604067952, 49.810247643554419 ], [ -97.066924389546614, 49.810375358653182 ], [ -97.066925059855421, 49.810462424911258 ], [ -97.067021924654796, 49.81058130702251 ], [ -97.067124778957094, 49.810658700533025 ], [ -97.067217089037797, 49.810714211730001 ], [ -97.067321793819303, 49.810772628175521 ], [ -97.067404881914371, 49.810815392103031 ], [ -97.067464383873144, 49.810891944305062 ], [ -97.067511491465453, 49.810965591178714 ], [ -97.0675185656591, 49.811032273648493 ], [ -97.067526248551786, 49.811083674431828 ], [ -97.067527407168797, 49.811097127187345 ], [ -97.067530050561231, 49.811127814323022 ], [ -97.067570821572701, 49.811186063637827 ], [ -97.067652163448372, 49.811237793453529 ], [ -97.067754843461017, 49.81127728580767 ], [ -97.067885520786476, 49.811311847855393 ], [ -97.067965721941107, 49.811322424132079 ], [ -97.068018267544943, 49.811329353386959 ], [ -97.068125587586835, 49.811322147754296 ], [ -97.068255927655017, 49.811260455139937 ], [ -97.068383209511254, 49.811170826278328 ], [ -97.068498626481954, 49.811099889390462 ], [ -97.068612933791812, 49.811056819003795 ], [ -97.068732010126624, 49.811033617437175 ], [ -97.068823935534169, 49.81106393437171 ], [ -97.068910441449518, 49.811125644093487 ], [ -97.068941877637528, 49.811208923879363 ], [ -97.06894820247237, 49.811294483674324 ], [ -97.068907760193795, 49.811355961218652 ], [ -97.068894938271228, 49.811375452178837 ], [ -97.068870428721084, 49.811397531646321 ], [ -97.068805628269374, 49.811454020788737 ], [ -97.068609908447542, 49.811621666981011 ], [ -97.068534030148371, 49.811677071780466 ], [ -97.068468233467698, 49.811723649410212 ], [ -97.068404577369293, 49.811751372776705 ], [ -97.068294972493362, 49.811781028569904 ], [ -97.068155300860909, 49.81183267091604 ], [ -97.068080280807848, 49.811866501257391 ], [ -97.068024350567214, 49.811909645079396 ], [ -97.06798330695014, 49.811962931838039 ], [ -97.067965126827858, 49.812035489767659 ], [ -97.067978008905072, 49.812095972408088 ], [ -97.06804443012949, 49.812138457920426 ], [ -97.06806085354971, 49.812149504236096 ], [ -97.068150026971338, 49.8122094817357 ], [ -97.068256089428772, 49.812268819460151 ], [ -97.06837668784803, 49.812312208080861 ], [ -97.068508549414531, 49.812317105000687 ], [ -97.068582174197772, 49.812318332388102 ], [ -97.068681805611604, 49.812294806704067 ], [ -97.068847377200854, 49.812221107442085 ], [ -97.069006855039916, 49.812160799175544 ], [ -97.069155606772398, 49.812125498483198 ], [ -97.069268270363736, 49.812123777955648 ], [ -97.069283182604011, 49.812127873706835 ], [ -97.069365897824696, 49.8121505913875 ], [ -97.069384917200537, 49.812170314581429 ], [ -97.069412621945702, 49.812199044515857 ], [ -97.069410833378754, 49.812243990690781 ], [ -97.06936590971479, 49.812290017119615 ], [ -97.069304781243815, 49.812324079736385 ], [ -97.069225593755831, 49.812357841369604 ], [ -97.069090339296395, 49.812403261817153 ], [ -97.068976315427804, 49.812439141246792 ], [ -97.068870727313524, 49.81250754387726 ], [ -97.068798872222686, 49.812566613985005 ], [ -97.068737772359313, 49.812634858525215 ], [ -97.068690671258111, 49.81270063782852 ], [ -97.068672849740054, 49.812764206639507 ], [ -97.068669843734, 49.812839716172853 ], [ -97.068692057381796, 49.812910248990292 ], [ -97.068723637402783, 49.812989933128343 ], [ -97.068768715582024, 49.813079736970373 ], [ -97.068790513645226, 49.813128239901943 ], [ -97.068809743463362, 49.813175785680379 ], [ -97.068841010978261, 49.81331114386137 ], [ -97.068811916787752, 49.81342727594032 ], [ -97.068678686490045, 49.813499289107874 ], [ -97.068412264717423, 49.81355022597878 ], [ -97.068215568079395, 49.81360559746652 ], [ -97.068147021560662, 49.813686207708294 ], [ -97.068166653814671, 49.813785535084804 ], [ -97.06827582508231, 49.81386270444974 ], [ -97.0684789016194, 49.813940855712424 ], [ -97.068976880826824, 49.814003173231377 ], [ -97.0691884975531, 49.814053664883744 ], [ -97.069352784474134, 49.814052034510908 ], [ -97.06949082606134, 49.814011358201938 ], [ -97.069680179466104, 49.813912744654267 ], [ -97.07013741956554, 49.813758887141944 ], [ -97.070784385914649, 49.813491390041683 ], [ -97.071264062680754, 49.813370467577379 ], [ -97.071834897530834, 49.813153510564064 ], [ -97.07203127067946, 49.813102104464541 ], [ -97.072364613973349, 49.81306601900345 ], [ -97.072513243792201, 49.813079010672361 ], [ -97.072571884983518, 49.813119005804182 ], [ -97.072634920319317, 49.813252591978539 ], [ -97.072698619852815, 49.813517317111355 ], [ -97.072752831056931, 49.813697864737556 ], [ -97.072731204900464, 49.813897503420208 ], [ -97.072558093787421, 49.814171544673826 ], [ -97.072358539012896, 49.81439144379474 ], [ -97.072247952816014, 49.814443440497605 ], [ -97.07211101571292, 49.814442315567739 ], [ -97.071845081002749, 49.814427329051398 ], [ -97.071599700797449, 49.814352694174154 ], [ -97.071439098960155, 49.814227863266474 ], [ -97.071316120749827, 49.814223203148885 ], [ -97.071200483355412, 49.814262432841353 ], [ -97.071160579779189, 49.814354924757922 ], [ -97.071257195685448, 49.814821714610417 ], [ -97.071520233745986, 49.815120174404385 ], [ -97.071541467243549, 49.815327126675498 ], [ -97.071411014170806, 49.815629710016033 ], [ -97.071443980975445, 49.81573211343369 ], [ -97.071663506661608, 49.815873098186707 ], [ -97.071970308470341, 49.816113706606437 ], [ -97.072338508787681, 49.81631325684527 ], [ -97.072604328036675, 49.8166530161933 ], [ -97.072880406071093, 49.816924298116128 ], [ -97.073014212824901, 49.817018158202224 ], [ -97.073128660055858, 49.817050900160503 ], [ -97.073239615586544, 49.817037218016239 ], [ -97.073380527146682, 49.816939626228645 ], [ -97.073562479131695, 49.816800419710113 ], [ -97.073610444413518, 49.816681677315756 ], [ -97.073572555952168, 49.816420699900803 ], [ -97.073522005680971, 49.816317328857316 ], [ -97.073375290905062, 49.816152435315253 ], [ -97.073330360829289, 49.816065934961181 ], [ -97.073356770489752, 49.816009251108021 ], [ -97.073414767968757, 49.815965962529404 ], [ -97.07353279983559, 49.815928696970786 ], [ -97.073656286232662, 49.815930554243415 ], [ -97.073872286493454, 49.815986417345144 ], [ -97.074227678646793, 49.81603404961092 ], [ -97.074538388775863, 49.816103681729992 ], [ -97.074927155103467, 49.816281057405753 ], [ -97.075109894917773, 49.816389261042595 ], [ -97.075242669768855, 49.816483386382103 ], [ -97.07538748285198, 49.816608189047599 ], [ -97.075384302931369, 49.81668833517503 ], [ -97.07503638912749, 49.816933477507853 ], [ -97.07492622393876, 49.817126383685626 ], [ -97.074958769985429, 49.817514680738597 ], [ -97.074984284551334, 49.817574818554704 ], [ -97.075054607456224, 49.817628062998963 ], [ -97.075142159539908, 49.81765277820876 ], [ -97.075347611085789, 49.817640568439664 ], [ -97.075513769099473, 49.817604444998551 ], [ -97.075672576786999, 49.817493019230071 ], [ -97.075768918943993, 49.817353857224042 ], [ -97.075851770624169, 49.816983062869888 ], [ -97.075947118305876, 49.816798217289637 ], [ -97.07605494908131, 49.816622251594104 ], [ -97.076188892962293, 49.81649185532595 ], [ -97.076294772657178, 49.816446744879848 ], [ -97.076496671841184, 49.816429266506283 ], [ -97.076627048878123, 49.816483506992832 ], [ -97.0767145289539, 49.816604734148115 ], [ -97.076762330674924, 49.816725302601604 ], [ -97.076728354647813, 49.816864996827974 ], [ -97.076733696791436, 49.817016356310319 ], [ -97.076725475293784, 49.817140605017507 ], [ -97.076675013411005, 49.81730363337639 ], [ -97.076460070368697, 49.817555237818183 ], [ -97.076408149076187, 49.817741502469332 ], [ -97.076438775143018, 49.817983991034524 ], [ -97.076505399277352, 49.818130562911392 ], [ -97.07658988415551, 49.818233690195072 ], [ -97.076828032599167, 49.81830256204519 ], [ -97.076961466772985, 49.818388098491845 ], [ -97.076990025219246, 49.818572121986001 ], [ -97.07696619249414, 49.818620783304318 ], [ -97.076904278747804, 49.818666624124241 ], [ -97.076741348841495, 49.818715995752072 ], [ -97.07648020886451, 49.818711660688109 ], [ -97.076286260492239, 49.818744893899044 ], [ -97.076231550333318, 49.818798491787042 ], [ -97.076291562587514, 49.818908847919268 ], [ -97.076703620829818, 49.8190527289687 ], [ -97.076923506259945, 49.819088412107163 ], [ -97.077061798178164, 49.819051476741961 ], [ -97.077286835336864, 49.818951406452456 ], [ -97.077467859319484, 49.818946425350795 ], [ -97.077550905226872, 49.8189766187242 ], [ -97.077600553892708, 49.819037156371188 ], [ -97.077573714225878, 49.81921342243011 ], [ -97.077463676569238, 49.819349771722599 ], [ -97.077315195158278, 49.819440697568076 ], [ -97.077226221912454, 49.81946525910088 ], [ -97.076996632639734, 49.819477071619637 ], [ -97.076892576720027, 49.81946249911848 ], [ -97.076800042499542, 49.819468601016268 ], [ -97.076745841080964, 49.819509362161881 ], [ -97.076731567684234, 49.819571616489654 ], [ -97.07675333184595, 49.819631691626938 ], [ -97.076861268978661, 49.819711489961435 ], [ -97.077032114765146, 49.819800184822078 ], [ -97.077230684314443, 49.819855483945005 ], [ -97.077426672362009, 49.819877208781811 ], [ -97.077556303840495, 49.819855751927584 ], [ -97.077625849509374, 49.819820452597853 ], [ -97.077811455432311, 49.819605159762339 ], [ -97.077893402330375, 49.819351693806148 ], [ -97.078074386037443, 49.819252974205078 ], [ -97.078183116532074, 49.819244362549689 ], [ -97.078351754510805, 49.819348881475833 ], [ -97.078457462700271, 49.819524915789636 ], [ -97.07848140339965, 49.819733269809809 ], [ -97.078425404877237, 49.820022578209489 ], [ -97.078380072927629, 49.820083276103574 ], [ -97.078171559716125, 49.820172513042657 ], [ -97.077710724598546, 49.820251314516412 ], [ -97.077356297733871, 49.82028535868217 ], [ -97.077119361078942, 49.820374122076686 ], [ -97.077069558640176, 49.820425718758308 ], [ -97.07707206014976, 49.820484432610897 ], [ -97.077111782033214, 49.820565288941431 ], [ -97.077467075093779, 49.820807262871661 ], [ -97.077868090270627, 49.821032982696373 ], [ -97.077903716411285, 49.821095370596971 ], [ -97.077855440247063, 49.821230314575566 ], [ -97.077621138935768, 49.821482641448611 ], [ -97.077543339898824, 49.821644869342393 ], [ -97.07758233459387, 49.821744113618749 ], [ -97.077729501929383, 49.821876051015884 ], [ -97.077908061797842, 49.821947059288611 ], [ -97.078163582009921, 49.82198532083369 ], [ -97.078408390497898, 49.821955358164153 ], [ -97.079289337715224, 49.821918930549884 ], [ -97.079555981611094, 49.821920225859287 ], [ -97.080154195431319, 49.821868689881221 ], [ -97.08119230654286, 49.8216574462447 ], [ -97.081311108251214, 49.821665662740543 ], [ -97.081443304661406, 49.8217015276079 ], [ -97.081517614009954, 49.821749279266911 ], [ -97.08155214745733, 49.821839421789889 ], [ -97.08152387113951, 49.821943799955335 ], [ -97.081454479346533, 49.82201656926906 ], [ -97.081415313824522, 49.822097123664733 ], [ -97.081339956411867, 49.822252169091186 ], [ -97.081223475989788, 49.822429381641662 ], [ -97.08114104748951, 49.822708879800501 ], [ -97.080680838199839, 49.823259512073896 ], [ -97.080438838413556, 49.823462418410728 ], [ -97.080248411520856, 49.823582509980064 ], [ -97.080100088672822, 49.823709895198881 ], [ -97.080087386408479, 49.823786757198008 ], [ -97.080123553626237, 49.823849153331651 ], [ -97.080198002229494, 49.823893436386712 ], [ -97.080417714357679, 49.823941861950452 ], [ -97.080669931850224, 49.823955413874657 ], [ -97.080876630986609, 49.823912316432668 ], [ -97.08106088576686, 49.823826144598726 ], [ -97.082012068052265, 49.823520758524445 ], [ -97.082165881029496, 49.823498655249544 ], [ -97.082302976928958, 49.823519324572416 ], [ -97.082406372310984, 49.823564432467379 ], [ -97.082538831884222, 49.82370236933113 ], [ -97.082608331834692, 49.82388543822249 ], [ -97.082518702404172, 49.824157180299991 ], [ -97.082458521438369, 49.824227007685948 ], [ -97.082188156911869, 49.824441599273477 ], [ -97.081756599218423, 49.824986807982462 ], [ -97.081684800199113, 49.825106088390271 ], [ -97.081448048270317, 49.825311861071235 ], [ -97.081247284852225, 49.82557099956238 ], [ -97.081133026849002, 49.825800324748485 ], [ -97.080978582817608, 49.825973783729175 ], [ -97.080891257404531, 49.826132731405536 ], [ -97.080668070228867, 49.826348100843724 ], [ -97.080606661579637, 49.826448805343269 ], [ -97.080568950680984, 49.826628710682364 ], [ -97.080594326365684, 49.826706203478494 ], [ -97.08087957672376, 49.826970266712877 ], [ -97.080991257803674, 49.827036690612495 ], [ -97.081147183260157, 49.827070173512901 ], [ -97.081314327289576, 49.827063912700652 ], [ -97.081554537930671, 49.827015109667144 ], [ -97.081918353422324, 49.826866998085038 ], [ -97.082129587781097, 49.826818071505507 ], [ -97.082214794115444, 49.826834757429616 ], [ -97.0822894245116, 49.826996733767146 ], [ -97.082166654237852, 49.827210643417018 ], [ -97.081722036176387, 49.827420613717713 ], [ -97.081608358101576, 49.827526702484249 ], [ -97.081586236616403, 49.827597506704507 ], [ -97.081602496916787, 49.827674848337303 ], [ -97.0816385031425, 49.827727867599762 ], [ -97.081782327322941, 49.827822943894773 ], [ -97.081942224849499, 49.82787801400822 ], [ -97.081982753661222, 49.827937362976456 ], [ -97.081983586940169, 49.82799769008205 ], [ -97.081984029987908, 49.828029765522125 ] ] ] } },
{ "type": "Feature", "properties": { "cluster": "St. Boniface West", "neighbourhood_count": 4, "neighbourhoods": "Central St. Boniface; North St. Boniface; Norwood East; Norwood West" }, "geometry": { "type": "Polygon", "coordinates": [ [ [ -97.104870066751943, 49.882024242213426 ], [ -97.104943888359585, 49.881906648521969 ], [ -97.105068500272367, 49.881796450201044 ], [ -97.105102514048966, 49.881710491326196 ], [ -97.105022336686929, 49.881380657572301 ], [ -97.104987206571565, 49.881351484731326 ], [ -97.104933752610862, 49.881353488624882 ], [ -97.104461082684452, 49.881250431332624 ], [ -97.103954545292638, 49.881115341759411 ], [ -97.103509667796288, 49.881088188471352 ], [ -97.103054934344399, 49.88087615101729 ], [ -97.102994643355061, 49.88058989869149 ], [ -97.10314139115097, 49.880494813615904 ], [ -97.103287763180475, 49.880494241166666 ], [ -97.10378921878096, 49.880556675124467 ], [ -97.10433133725563, 49.880594950609883 ], [ -97.104460961225428, 49.880588257156433 ], [ -97.105091933214581, 49.880444520063378 ], [ -97.105549256920227, 49.880270871840544 ], [ -97.105658776084752, 49.88020008638312 ], [ -97.105721637637686, 49.88007206076594 ], [ -97.10558751816059, 49.879844678059499 ], [ -97.10541711915242, 49.879761223541394 ], [ -97.104723047408697, 49.879634762921803 ], [ -97.104432636195227, 49.879602854263183 ], [ -97.104257535570284, 49.879522288901235 ], [ -97.104223442209289, 49.879466692639234 ], [ -97.104219431909428, 49.879337574033336 ], [ -97.104381810683165, 49.87907474930531 ], [ -97.104715099398902, 49.878852850506213 ], [ -97.104894249828334, 49.878566107486066 ], [ -97.104872230377282, 49.878433726666351 ], [ -97.104878082395572, 49.878284264731427 ], [ -97.104726190859708, 49.878074217095552 ], [ -97.104665370190176, 49.878035810662375 ], [ -97.104528385763757, 49.877996158676709 ], [ -97.103812365011976, 49.87808202370352 ], [ -97.103248844681772, 49.878127841971256 ], [ -97.102778490841445, 49.87825648147318 ], [ -97.102464951188196, 49.878524923337466 ], [ -97.102298079573202, 49.878585953417989 ], [ -97.102115926018399, 49.878571279710101 ], [ -97.101651011321209, 49.878388387789556 ], [ -97.101294344114123, 49.878281371621846 ], [ -97.100991876846649, 49.878208877112243 ], [ -97.100879530327546, 49.87812348911433 ], [ -97.100808111398706, 49.87800423757033 ], [ -97.100915400527981, 49.877902573188628 ], [ -97.101173946032503, 49.877877491111867 ], [ -97.101673453675858, 49.877874701450914 ], [ -97.101863930181381, 49.877791215996126 ], [ -97.10189705493714, 49.877727996348376 ], [ -97.101877619385505, 49.877673358860648 ], [ -97.101678191710278, 49.877522693472237 ], [ -97.101251662977035, 49.87725688128652 ], [ -97.101031796182127, 49.877077281398371 ], [ -97.100979743793701, 49.876868144957363 ], [ -97.10107607763085, 49.876466376107373 ], [ -97.101220500677201, 49.876316216679221 ], [ -97.101794708301441, 49.87609354291893 ], [ -97.102201619443861, 49.875981728652228 ], [ -97.103028357518909, 49.875819984157062 ], [ -97.103483571009846, 49.875787143848996 ], [ -97.103683953268458, 49.875799145930337 ], [ -97.104042441845266, 49.875859329823264 ], [ -97.104299021971812, 49.875854803207304 ], [ -97.104561787637707, 49.875824206832348 ], [ -97.104939875404725, 49.875603669522739 ], [ -97.104788045019305, 49.875427437448849 ], [ -97.10472896588071, 49.875344632856709 ], [ -97.104553345561399, 49.875298233658235 ], [ -97.103922505359975, 49.874980256455402 ], [ -97.103805889884299, 49.87488670748268 ], [ -97.103658886065745, 49.874824833411921 ], [ -97.103739324645005, 49.874796103571668 ], [ -97.104673723329469, 49.874487970930879 ], [ -97.105353839149629, 49.87426368581356 ], [ -97.106708688459619, 49.873816871429206 ], [ -97.106876756950896, 49.873857171519681 ], [ -97.113542253177314, 49.871656240276003 ], [ -97.11511959944589, 49.871122544797721 ], [ -97.116642187125308, 49.870627558223752 ], [ -97.116912474175749, 49.870690148835692 ], [ -97.118006264027272, 49.870865993752183 ], [ -97.119103323058937, 49.870991738040743 ], [ -97.120211829582672, 49.871059865290896 ], [ -97.121378232139975, 49.871093225122323 ], [ -97.122214100285433, 49.871071075225828 ], [ -97.12329476442369, 49.871009539137745 ], [ -97.124298450833649, 49.870932299170114 ], [ -97.126765996172949, 49.870677295986361 ], [ -97.127894119256368, 49.870544243780834 ], [ -97.129101411482239, 49.870369964303144 ], [ -97.130254092260984, 49.870179493345624 ], [ -97.131225161019941, 49.870094868199537 ], [ -97.132304975076124, 49.870054481636735 ], [ -97.133060799778306, 49.870095554998215 ], [ -97.133547429793481, 49.870161184803472 ], [ -97.134416434072165, 49.870404644837421 ], [ -97.13507465481986, 49.87062430963249 ], [ -97.135676051909471, 49.87088555090633 ], [ -97.136109040535601, 49.871115184777615 ], [ -97.136340697883981, 49.871314383545453 ], [ -97.136679596445532, 49.871699731025984 ], [ -97.137013408442357, 49.872251573171681 ], [ -97.137310686940808, 49.872932859539858 ], [ -97.137406824118614, 49.87357861723067 ], [ -97.137360502237513, 49.874235683632101 ], [ -97.137203992458097, 49.875124697372939 ], [ -97.136963923244807, 49.875861088284488 ], [ -97.136616746778131, 49.876509918444931 ], [ -97.136236467583132, 49.87713016907523 ], [ -97.135879144141967, 49.877635872338388 ], [ -97.135684257835734, 49.877911680832376 ], [ -97.135172317450539, 49.878500914099263 ], [ -97.134543548736161, 49.879084015480139 ], [ -97.13317239454102, 49.880193985609729 ], [ -97.132606103814538, 49.88069054470742 ], [ -97.132028177661638, 49.881283800342047 ], [ -97.131740307610045, 49.88155197357888 ], [ -97.130293335759958, 49.88275055446524 ], [ -97.128844761897668, 49.883950383468608 ], [ -97.127117456372176, 49.885487123502699 ], [ -97.126814108143748, 49.885780558449568 ], [ -97.126487479268292, 49.886096508283146 ], [ -97.126158531597198, 49.886472788933993 ], [ -97.125933999779193, 49.886849642084002 ], [ -97.125766070644204, 49.8873314577746 ], [ -97.12565241098396, 49.887944288530477 ], [ -97.125679893694553, 49.888691052260391 ], [ -97.125837542243019, 49.889264115886604 ], [ -97.126088732798323, 49.889819749287263 ], [ -97.126490626268918, 49.890419188150304 ], [ -97.126920361721474, 49.890823166687184 ], [ -97.12730705746273, 49.891225692997288 ], [ -97.127391251265053, 49.891313332484515 ], [ -97.12876221768191, 49.893097788870065 ], [ -97.129334966948235, 49.893775150426904 ], [ -97.129914781837911, 49.894316675694647 ], [ -97.130548407113594, 49.89495550701028 ], [ -97.130668927351721, 49.895137451187935 ], [ -97.130944404350529, 49.89555332136311 ], [ -97.131205275823461, 49.896157089520727 ], [ -97.131259466642064, 49.896709885689326 ], [ -97.13124903564885, 49.897305793833596 ], [ -97.131216035717188, 49.897787467776347 ], [ -97.131165806506573, 49.897911781779413 ], [ -97.131110618708718, 49.89804836716926 ], [ -97.130947898554624, 49.898302532844063 ], [ -97.130572516024031, 49.898706645288748 ], [ -97.130116811070039, 49.899047877989872 ], [ -97.129591661534903, 49.899370559314981 ], [ -97.12898596574, 49.899682642736693 ], [ -97.128784330615176, 49.899763821277382 ], [ -97.128536441078268, 49.899863621036396 ], [ -97.127089557051505, 49.900250418947522 ], [ -97.125620539267217, 49.900604306614198 ], [ -97.124851348389953, 49.900770805982035 ], [ -97.124403918577642, 49.900850713253845 ], [ -97.123959591393373, 49.900896972690518 ], [ -97.123613695535667, 49.900909965454865 ], [ -97.121131831683911, 49.900708256268238 ], [ -97.119711506578994, 49.900641073247087 ], [ -97.116151017866343, 49.900421756690776 ], [ -97.115473940825183, 49.90039332243331 ], [ -97.113510820622892, 49.900406707589909 ], [ -97.112691481695876, 49.90042822930701 ], [ -97.111861170582088, 49.900498223397882 ], [ -97.111116845746878, 49.900616102402083 ], [ -97.110603402380136, 49.900725161180638 ], [ -97.110197525003841, 49.900869436090517 ], [ -97.109850217288937, 49.901065645089353 ], [ -97.109562958524464, 49.901262653448121 ], [ -97.109249009128561, 49.901516646693295 ], [ -97.108959961826926, 49.901869810540177 ], [ -97.10876655801917, 49.902215238531497 ], [ -97.108603352191722, 49.902686423988861 ], [ -97.107552077190689, 49.902625445279483 ], [ -97.106624721403108, 49.902571646415218 ], [ -97.106143078675544, 49.902586550036567 ], [ -97.107404418621911, 49.899594206297024 ], [ -97.10721055796391, 49.899210345520757 ], [ -97.105715984294605, 49.896250605440336 ], [ -97.107751971926362, 49.89580802747782 ], [ -97.109671060993378, 49.895306040992075 ], [ -97.109615895953581, 49.895225101772091 ], [ -97.109612498389652, 49.895021170186226 ], [ -97.10979723014195, 49.894883348883774 ], [ -97.10992221309921, 49.894446877660116 ], [ -97.109905113316756, 49.894390840905743 ], [ -97.10974202238873, 49.894204090392478 ], [ -97.109623909656904, 49.89403282202241 ], [ -97.109317390639376, 49.893770347136247 ], [ -97.10927826096362, 49.893232184302754 ], [ -97.109348035243286, 49.892956870852608 ], [ -97.10934535992557, 49.892793240579344 ], [ -97.109454408165149, 49.892617582956582 ], [ -97.109592142839489, 49.892462897600169 ], [ -97.109587428271666, 49.892292669017266 ], [ -97.109520015415825, 49.892216746020978 ], [ -97.10940934760319, 49.892172403161652 ], [ -97.109288498695662, 49.892156492569029 ], [ -97.108847905879145, 49.892219722131962 ], [ -97.108683603039154, 49.892269831647383 ], [ -97.10848849058759, 49.892294526968854 ], [ -97.107996581244848, 49.892451524589184 ], [ -97.107706034348041, 49.892535544965682 ], [ -97.107629793501403, 49.892570902743415 ], [ -97.107216357809023, 49.892632411096741 ], [ -97.106954814319721, 49.892667620338287 ], [ -97.106660588864941, 49.892651933144251 ], [ -97.106188896874244, 49.892579656410497 ], [ -97.106041371794518, 49.892520768663154 ], [ -97.10592347816322, 49.892341406074799 ], [ -97.105921417353613, 49.892294337850466 ], [ -97.105920523180188, 49.892273189168023 ], [ -97.105669339891477, 49.891876710248837 ], [ -97.10539137260615, 49.891660017165037 ], [ -97.104978172707092, 49.891460627949456 ], [ -97.10439912778989, 49.891060674296902 ], [ -97.104364854525926, 49.891015327549503 ], [ -97.104251343975761, 49.890864993036111 ], [ -97.104293958528316, 49.890776567108873 ], [ -97.104276119929366, 49.890648751431691 ], [ -97.104194680454356, 49.890582398485165 ], [ -97.104099626637137, 49.890382992855137 ], [ -97.103980712313046, 49.890238774993094 ], [ -97.1039727742792, 49.890177671074291 ], [ -97.104035646137376, 49.890002971808698 ], [ -97.104096624873222, 49.889955675567414 ], [ -97.104265961468911, 49.889900079078565 ], [ -97.104378771974226, 49.889901204534304 ], [ -97.104725433041722, 49.88997585122064 ], [ -97.104856518144402, 49.889961806660757 ], [ -97.105134717290468, 49.889873274849229 ], [ -97.105281806317592, 49.889799416677029 ], [ -97.105321419425977, 49.889743586720051 ], [ -97.105279032413975, 49.889462754878338 ], [ -97.105291714390944, 49.889341193888733 ], [ -97.105258215230648, 49.889211593510382 ], [ -97.105339853388955, 49.888953293484917 ], [ -97.105356233867369, 49.888825227877675 ], [ -97.105462390770285, 49.888664905037629 ], [ -97.105653847292544, 49.888615963331404 ], [ -97.105910180874943, 49.88865171846512 ], [ -97.106339845578262, 49.888778978048869 ], [ -97.106737960008331, 49.888847084875472 ], [ -97.107016409360483, 49.888807655676558 ], [ -97.107178294887206, 49.888760386904757 ], [ -97.107316514152075, 49.888681255188899 ], [ -97.107415208712851, 49.888564785614207 ], [ -97.107436601611738, 49.888425829836315 ], [ -97.107311053659856, 49.888125294720695 ], [ -97.107158920042977, 49.887979098747763 ], [ -97.106746355953703, 49.887849153709666 ], [ -97.106222969538521, 49.887734933432128 ], [ -97.105735402578887, 49.887723369291699 ], [ -97.10560940658651, 49.887663303857607 ], [ -97.105564405477509, 49.887566520703182 ], [ -97.105607830831602, 49.88744258426982 ], [ -97.105703171856931, 49.887356098701005 ], [ -97.105860575535218, 49.887279530538322 ], [ -97.106446714605511, 49.887180558931824 ], [ -97.106897818815739, 49.887023621023616 ], [ -97.107340913713671, 49.886810163049041 ], [ -97.10742305473228, 49.886623725638422 ], [ -97.107413242376808, 49.886554677294434 ], [ -97.107292349331175, 49.886425808861858 ], [ -97.107139995791925, 49.886373408589264 ], [ -97.106835199766806, 49.886361865773807 ], [ -97.106235908077451, 49.886448123832658 ], [ -97.105642638486529, 49.886439148979065 ], [ -97.105080574498317, 49.886386704337568 ], [ -97.104913306760437, 49.886310674906611 ], [ -97.10485471563814, 49.886241458339647 ], [ -97.104830739786891, 49.886158958132796 ], [ -97.104864556890547, 49.886048804360804 ], [ -97.104974120128958, 49.885945015108156 ], [ -97.105253127744703, 49.885773668622676 ], [ -97.105548720961266, 49.885592070464405 ], [ -97.10567925106767, 49.885213610200331 ], [ -97.105851794022286, 49.885040432366104 ], [ -97.106056456251892, 49.884999799744314 ], [ -97.106311683991336, 49.884887327569729 ], [ -97.106598025227768, 49.884648558508992 ], [ -97.106695306916066, 49.884512281315942 ], [ -97.106755246405839, 49.884285911451414 ], [ -97.106742569932337, 49.884116991356485 ], [ -97.106575106281724, 49.883899407587116 ], [ -97.106482558221472, 49.883885395160476 ], [ -97.106311452716781, 49.883907601034586 ], [ -97.105714513086497, 49.884195523012124 ], [ -97.105561505809206, 49.884221620849381 ], [ -97.105289417402815, 49.884184258290148 ], [ -97.10451554000241, 49.883713939938303 ], [ -97.104223673127748, 49.883574987584268 ], [ -97.103441510343856, 49.883378100665929 ], [ -97.103343715621378, 49.883322271255729 ], [ -97.103298152221271, 49.883240046958335 ], [ -97.10329881640439, 49.883138164452696 ], [ -97.103373472619907, 49.883057997279501 ], [ -97.104323518741793, 49.882561643940747 ], [ -97.104690009003164, 49.88244811712913 ], [ -97.104815453076355, 49.882375344552315 ], [ -97.104885202898117, 49.882218114083173 ], [ -97.104878089057777, 49.882127166078682 ], [ -97.104870066751943, 49.882024242213426 ] ] ] } },
{ "type": "Feature", "properties": { "cluster": "St. James-Assiniboia East", "neighbourhood_count": 13, "neighbourhoods": "Airport; Birchwood; Booth; Bruce Park; Deer Lodge; Jameswood; Kensington; King Edward; Murray Industrial Park; Omand's Creek Industrial; Silver Heights; St. James Industrial; Woodhaven" }, "geometry": { "type": "Polygon", "coordinates": [ [ [ -97.264734251467388, 49.902449761840337 ], [ -97.2647222477827, 49.902588222558471 ], [ -97.264706933934548, 49.902771080531934 ], [ -97.264153200721779, 49.909381963625094 ], [ -97.264143245436969, 49.909500798139547 ], [ -97.263550955880078, 49.916566568847038 ], [ -97.261922677981048, 49.916567622050621 ], [ -97.261876820954512, 49.916567651380774 ], [ -97.261784743650921, 49.916567710218665 ], [ -97.260160748720935, 49.916568735939855 ], [ -97.258495685191036, 49.91656976398032 ], [ -97.256979345355063, 49.916570679389807 ], [ -97.255278053151116, 49.916571682844655 ], [ -97.255137750448299, 49.91657176448345 ], [ -97.252675197538153, 49.916573169740282 ], [ -97.250212646972557, 49.916574522686652 ], [ -97.250072344861621, 49.9165745981947 ], [ -97.248378182355566, 49.916575496558991 ], [ -97.245859998663676, 49.916576786127621 ], [ -97.243734193791326, 49.916577832179186 ], [ -97.241629973301272, 49.916578829220185 ], [ -97.241088944398129, 49.916579079402936 ], [ -97.229857059703832, 49.916583702937878 ], [ -97.229856758341029, 49.919828178831921 ], [ -97.229858955728503, 49.923832530135449 ], [ -97.229855923829845, 49.931081485234323 ], [ -97.229855467614271, 49.933086333563217 ], [ -97.20675515744685, 49.926935727995655 ], [ -97.206760700061579, 49.91645488644695 ], [ -97.199627681934601, 49.916457394165406 ], [ -97.195104739124346, 49.916460433834281 ], [ -97.195104718140257, 49.916365274062194 ], [ -97.189654763300808, 49.911138403676212 ], [ -97.186398401171417, 49.910096555877296 ], [ -97.190177366746042, 49.90517018042717 ], [ -97.190676339591874, 49.904505320749102 ], [ -97.190982699424268, 49.904097099200847 ], [ -97.191374378093684, 49.903539251198794 ], [ -97.191745209134396, 49.902995105970724 ], [ -97.192064393078581, 49.902413102389588 ], [ -97.192315366460889, 49.901806292427395 ], [ -97.192473476414975, 49.901262874505917 ], [ -97.192557698186107, 49.900781599760514 ], [ -97.192594419659471, 49.900374169977653 ], [ -97.19283360279077, 49.89757935381207 ], [ -97.193107635478327, 49.893994882507371 ], [ -97.201542803861429, 49.894252859484233 ], [ -97.20155433086255, 49.89411674923177 ], [ -97.201694724410146, 49.892350874211367 ], [ -97.201919259796526, 49.889539459063691 ], [ -97.202092166427619, 49.887375409468099 ], [ -97.202335963011393, 49.884321263410413 ], [ -97.203336501870083, 49.884361593909929 ], [ -97.203333239845236, 49.884398060919494 ], [ -97.203995625276178, 49.884423342205594 ], [ -97.204072415442297, 49.883566675437706 ], [ -97.206175382248546, 49.883646902491556 ], [ -97.20632989354057, 49.881930972453027 ], [ -97.20485229001936, 49.879636697466012 ], [ -97.203257156689077, 49.877159702659036 ], [ -97.203050603138919, 49.876838937237892 ], [ -97.203246267835823, 49.876807668041295 ], [ -97.203792043255291, 49.876781268872172 ], [ -97.204465390941877, 49.876805644788952 ], [ -97.205412158543822, 49.87692371957057 ], [ -97.206127862164266, 49.876969656460773 ], [ -97.206607914331272, 49.876970113343909 ], [ -97.207095981239476, 49.876899814027773 ], [ -97.207590306733422, 49.876757569324205 ], [ -97.208027444407719, 49.876508702103976 ], [ -97.208293359209904, 49.87622232851588 ], [ -97.208367806141041, 49.875959719479745 ], [ -97.208253948240085, 49.875004008755802 ], [ -97.208240042907889, 49.874505322528741 ], [ -97.2083560222339, 49.874286347157714 ], [ -97.208556238780602, 49.87407448333758 ], [ -97.208861910247947, 49.873879354021085 ], [ -97.209327535752521, 49.873734334614028 ], [ -97.209780101394202, 49.873650694333151 ], [ -97.210230046678191, 49.873637890027865 ], [ -97.210757674513815, 49.873712266556403 ], [ -97.212468301602144, 49.874127909537599 ], [ -97.213106445205398, 49.874228380325398 ], [ -97.213926120340332, 49.874330483077344 ], [ -97.214470835339995, 49.874331903891445 ], [ -97.215276059390277, 49.874240892908887 ], [ -97.216481472807487, 49.874072375419949 ], [ -97.21891631089315, 49.873570676861505 ], [ -97.219583387277481, 49.873420465485786 ], [ -97.219665036707653, 49.873402079445661 ], [ -97.220613720676042, 49.873222603848227 ], [ -97.221298787494405, 49.873171536153414 ], [ -97.22218669002487, 49.873178186736475 ], [ -97.223072291323348, 49.873247539799976 ], [ -97.223409639203339, 49.873314293652811 ], [ -97.224138267107833, 49.873595028685138 ], [ -97.225277641654472, 49.874000566402934 ], [ -97.226311060610797, 49.874403309537989 ], [ -97.227040487589619, 49.874663123507815 ], [ -97.227717214380519, 49.874839622278664 ], [ -97.228839686194718, 49.875168212235778 ], [ -97.229920598302272, 49.875454266656391 ], [ -97.22995457169533, 49.875460195295609 ], [ -97.230526240656332, 49.875559954572779 ], [ -97.231274297188861, 49.875606230004166 ], [ -97.232023192023775, 49.875569985707841 ], [ -97.233146797642164, 49.875573175425252 ], [ -97.234417560437606, 49.875633206822812 ], [ -97.23561263777114, 49.875667671578789 ], [ -97.236639972244717, 49.875648447103579 ], [ -97.237541811676621, 49.875530895122935 ], [ -97.239429323848526, 49.875134281859353 ], [ -97.240375458302481, 49.874974358819514 ], [ -97.241249481108312, 49.874869106757444 ], [ -97.241518803490138, 49.874879005617913 ], [ -97.243385701386813, 49.875059523887906 ], [ -97.24386347858001, 49.875072573277173 ], [ -97.244099931745467, 49.875047107157876 ], [ -97.244301625029109, 49.874988579904134 ], [ -97.244451964532956, 49.874908359709501 ], [ -97.244831044205768, 49.874579493900306 ], [ -97.245475093496012, 49.874111659561926 ], [ -97.245802043019054, 49.873970204480806 ], [ -97.24630169172957, 49.873875515022306 ], [ -97.246885318978883, 49.873844838036916 ], [ -97.24770348881502, 49.873890905948038 ], [ -97.248666159781664, 49.873968199843645 ], [ -97.249201457578735, 49.873990443507097 ], [ -97.249500925845808, 49.87400288646856 ], [ -97.249955553147231, 49.873959788351897 ], [ -97.250876517238893, 49.873798237809581 ], [ -97.252567602938271, 49.873569281306416 ], [ -97.252916002323417, 49.873480416611564 ], [ -97.253870598771783, 49.873183403090877 ], [ -97.254746533235391, 49.872973504263804 ], [ -97.255761695893895, 49.872791256606284 ], [ -97.256938781536704, 49.872516187014625 ], [ -97.25906959696114, 49.871895174550964 ], [ -97.259666187332144, 49.871763570150577 ], [ -97.26023344187783, 49.87172674027201 ], [ -97.261370845038456, 49.871793770038487 ], [ -97.262560073294338, 49.871919662106059 ], [ -97.263499827417647, 49.871983852478913 ], [ -97.263715036834398, 49.87199855137078 ], [ -97.264847262389452, 49.872009696649542 ], [ -97.265225473519052, 49.872001579619742 ], [ -97.265548950818896, 49.871994636285642 ], [ -97.265795446684606, 49.871958846691868 ], [ -97.266208964637585, 49.871898805277908 ], [ -97.26691275262715, 49.871724583375155 ], [ -97.268033069611562, 49.871364863177774 ], [ -97.269082742834826, 49.870969219300022 ], [ -97.27005269199843, 49.870489878922093 ], [ -97.270791001335766, 49.870153478328561 ], [ -97.271752488505044, 49.869859906667557 ], [ -97.272822629906628, 49.869644633713662 ], [ -97.273389218802407, 49.869585683226795 ], [ -97.274259270631248, 49.869587021343698 ], [ -97.275099948065829, 49.869706432814056 ], [ -97.276430713296435, 49.869996959232772 ], [ -97.277022083815012, 49.8700499048987 ], [ -97.277528407612735, 49.870067887710832 ], [ -97.278184918527757, 49.870007926184712 ], [ -97.278566389110253, 49.86990098759707 ], [ -97.278795039586541, 49.869836888611871 ], [ -97.279218888210977, 49.869595690553929 ], [ -97.279555273240405, 49.869292992621027 ], [ -97.280296157628769, 49.869494653677471 ], [ -97.28006638649552, 49.871511613455532 ], [ -97.278391676651594, 49.871434230367953 ], [ -97.278376105643844, 49.871570873251549 ], [ -97.278278837912268, 49.871566378286474 ], [ -97.278172957134032, 49.871561574217381 ], [ -97.277779835446637, 49.875031754854795 ], [ -97.277746536731016, 49.87518311387803 ], [ -97.277676918036789, 49.875346442010773 ], [ -97.277613779848835, 49.875520114403081 ], [ -97.277577847492566, 49.875690618410474 ], [ -97.277682988449456, 49.875695138437969 ], [ -97.277907253554488, 49.875705780723266 ], [ -97.277958030655739, 49.875708190170506 ], [ -97.278233072994794, 49.875721242150902 ], [ -97.278508114139456, 49.875734292560473 ], [ -97.27893125735396, 49.875754369020243 ], [ -97.279582896559674, 49.875785284298438 ], [ -97.279576684035177, 49.875839975712189 ], [ -97.279561153367268, 49.875976703802863 ], [ -97.279547176093772, 49.876099759265166 ], [ -97.279545622601901, 49.876113431887347 ], [ -97.27953009173909, 49.876250159965885 ], [ -97.279514560778807, 49.876386888038184 ], [ -97.279513784509319, 49.876393721998035 ], [ -97.27949902968912, 49.876523617003464 ], [ -97.279497477041659, 49.876537284919969 ], [ -97.279493748803802, 49.876570104468122 ], [ -97.279483497142778, 49.876660345042971 ], [ -97.27947293668575, 49.876753319988111 ], [ -97.279467965890149, 49.876797073097038 ], [ -97.279452434540033, 49.876933801144979 ], [ -97.279452124392705, 49.876936535497137 ], [ -97.27943690309246, 49.877070529186817 ], [ -97.279431311892694, 49.877119751894199 ], [ -97.279421371547429, 49.877207257222565 ], [ -97.279410499249622, 49.877302967381404 ], [ -97.279405839872993, 49.877343986151239 ], [ -97.279390306741846, 49.87748071415411 ], [ -97.279389686431571, 49.877486182857432 ], [ -97.279382541308763, 49.877549078186085 ], [ -97.279374774904412, 49.877617442171548 ], [ -97.2793688734385, 49.877669398322617 ], [ -97.279359242969548, 49.877754170182861 ], [ -97.279348060238462, 49.877852614675923 ], [ -97.279343710937184, 49.877890898188085 ], [ -97.279328178807376, 49.878027626187219 ], [ -97.279327246895363, 49.87803583011911 ], [ -97.279312646580081, 49.878164354180228 ], [ -97.279306433377243, 49.878219045551376 ], [ -97.279297112832154, 49.8783010830455 ], [ -97.279285619652143, 49.878402261871813 ], [ -97.279281580409929, 49.878437811026316 ], [ -97.279266047890232, 49.878574539001029 ], [ -97.27926449422192, 49.87858821161214 ], [ -97.279250515273048, 49.878711266969596 ], [ -97.279234982558393, 49.878847994932094 ], [ -97.279225600575813, 49.878930578392804 ], [ -97.279222369363282, 49.878959018255188 ], [ -97.27921913814653, 49.87898745811718 ], [ -97.279181858710416, 49.879315605362976 ], [ -97.279160981969468, 49.879499714485995 ], [ -97.279057284497796, 49.879475332512136 ], [ -97.278963104717107, 49.880506791102263 ], [ -97.278285145734444, 49.88793029045673 ], [ -97.277743519184469, 49.893857951797578 ], [ -97.277032378235887, 49.901639006260275 ], [ -97.264734251467388, 49.902449761840337 ] ] ] } },
{ "type": "Feature", "properties": { "cluster": "St. James-Assiniboia West", "neighbourhood_count": 7, "neighbourhoods": "Airport; Assiniboia Downs; Buchanan; Glendale; Kirkfield; Saskatchewan North; Westwood" }, "geometry": { "type": "Polygon", "coordinates": [ [ [ -97.279181858710416, 49.879315605362976 ], [ -97.27921913814653, 49.87898745811718 ], [ -97.279222369363282, 49.878959018255109 ], [ -97.279225600575813, 49.878930578392804 ], [ -97.279234982558393, 49.878847994932094 ], [ -97.279250515273048, 49.878711266969596 ], [ -97.27926449422192, 49.87858821161214 ], [ -97.279266047890232, 49.878574539001029 ], [ -97.279281580409929, 49.878437811026316 ], [ -97.279285619652157, 49.878402261871749 ], [ -97.279297112832154, 49.8783010830455 ], [ -97.279306433377243, 49.878219045551376 ], [ -97.279312646580081, 49.878164354180228 ], [ -97.279327246895363, 49.87803583011911 ], [ -97.279328178807376, 49.878027626187219 ], [ -97.279343710937184, 49.877890898188085 ], [ -97.279348060238462, 49.877852614675845 ], [ -97.279359242969548, 49.877754170182861 ], [ -97.2793688734385, 49.877669398322617 ], [ -97.279374774904426, 49.877617442171548 ], [ -97.279382541308763, 49.877549078186085 ], [ -97.279389686431571, 49.877486182857432 ], [ -97.279390306741846, 49.877480714154196 ], [ -97.279405839872993, 49.877343986151239 ], [ -97.279410499249636, 49.877302967381304 ], [ -97.279421371547429, 49.877207257222565 ], [ -97.279431311892694, 49.877119751894199 ], [ -97.279436903092446, 49.877070529186817 ], [ -97.279452124392691, 49.876936535497229 ], [ -97.279452434540033, 49.876933801144979 ], [ -97.279467965890149, 49.876797073097038 ], [ -97.27947293668575, 49.876753319988111 ], [ -97.279483497142778, 49.876660345042971 ], [ -97.279493748803802, 49.876570104468122 ], [ -97.279497477041659, 49.876537284919969 ], [ -97.27949902968912, 49.876523617003464 ], [ -97.279513784509305, 49.876393721998035 ], [ -97.279514560778807, 49.876386888038184 ], [ -97.27953009173909, 49.876250159965885 ], [ -97.279545622601901, 49.876113431887347 ], [ -97.279547176093772, 49.876099759265166 ], [ -97.279561153367268, 49.875976703802863 ], [ -97.279576684035192, 49.875839975712104 ], [ -97.279582896559674, 49.875785284298438 ], [ -97.278931257353975, 49.875754369020243 ], [ -97.278508114139456, 49.875734292560473 ], [ -97.278233072994794, 49.875721242150902 ], [ -97.277958030655739, 49.875708190170506 ], [ -97.277907253554474, 49.875705780723266 ], [ -97.277682988449456, 49.875695138437969 ], [ -97.277577847492566, 49.875690618410474 ], [ -97.277613779848835, 49.875520114403081 ], [ -97.277676918036789, 49.875346442010773 ], [ -97.277746536731016, 49.87518311387803 ], [ -97.277779835446637, 49.875031754854795 ], [ -97.278172957134032, 49.871561574217381 ], [ -97.278278837912268, 49.871566378286474 ], [ -97.278376105643844, 49.871570873251549 ], [ -97.278391676651594, 49.871434230367953 ], [ -97.28006638649552, 49.871511613455532 ], [ -97.280296157628769, 49.869494653677471 ], [ -97.279555273240405, 49.869292992621205 ], [ -97.280044181495796, 49.868579630914248 ], [ -97.280201673927564, 49.868143919743659 ], [ -97.280276001899466, 49.867772042604649 ], [ -97.280293612660159, 49.867276159158074 ], [ -97.280144361577911, 49.866821953228957 ], [ -97.279954083417223, 49.866460092761713 ], [ -97.279492191761875, 49.865749106649943 ], [ -97.27928223891783, 49.865283540977089 ], [ -97.279027286887171, 49.864617454398356 ], [ -97.278751599276674, 49.863523468126651 ], [ -97.278537016100955, 49.863036917319363 ], [ -97.278263441097906, 49.862541356220305 ], [ -97.278021361677517, 49.862019537899556 ], [ -97.277974691114039, 49.861613329964939 ], [ -97.278069136447257, 49.861181332214329 ], [ -97.278344856214957, 49.86075667497736 ], [ -97.278735914256913, 49.860323272643456 ], [ -97.279148131932288, 49.859951765610461 ], [ -97.279639366688471, 49.859632555078427 ], [ -97.28033778141311, 49.859350112731512 ], [ -97.281154568058071, 49.859125194538805 ], [ -97.281872539078876, 49.859051018998287 ], [ -97.282603463845376, 49.85906766172269 ], [ -97.283453745358131, 49.859165079055067 ], [ -97.284359445091738, 49.859372532144071 ], [ -97.285058840455747, 49.859619917186542 ], [ -97.285693367277716, 49.859923282089255 ], [ -97.286296779503076, 49.860343520767081 ], [ -97.286703696064095, 49.860800366322692 ], [ -97.286945053032468, 49.861294269184178 ], [ -97.287079385682787, 49.861663425046032 ], [ -97.287195744719554, 49.862083440107718 ], [ -97.287528786856711, 49.862526409559671 ], [ -97.288029251350594, 49.862911430621736 ], [ -97.288726902200054, 49.863261017280436 ], [ -97.289639264760041, 49.863537080854684 ], [ -97.290387630891288, 49.863705155904142 ], [ -97.290561385640629, 49.863744178512761 ], [ -97.290746733523804, 49.863785804403662 ], [ -97.291736558001773, 49.863853846089391 ], [ -97.294039242944365, 49.863851741695257 ], [ -97.295344822947726, 49.863937180847657 ], [ -97.296311385015727, 49.863951392469509 ], [ -97.297830968640227, 49.863880764578681 ], [ -97.298529759506764, 49.863944473694765 ], [ -97.299343334579959, 49.864117922369175 ], [ -97.300273334222936, 49.864405779921682 ], [ -97.302197089424979, 49.865214792315498 ], [ -97.303099770849784, 49.865513846099688 ], [ -97.304049657633215, 49.86574851546893 ], [ -97.305056713782946, 49.865942183575456 ], [ -97.307263745419291, 49.866313720163873 ], [ -97.307786712902697, 49.866368995660387 ], [ -97.308799637988258, 49.866395399038488 ], [ -97.309723946035888, 49.866385643419143 ], [ -97.310464884110402, 49.866427818288869 ], [ -97.310994774528567, 49.866542438551676 ], [ -97.311512525553255, 49.866747509956198 ], [ -97.311916552318991, 49.867069439477163 ], [ -97.312178310088399, 49.867502002983279 ], [ -97.312346115428312, 49.867948302975506 ], [ -97.312489364496642, 49.869254071861256 ], [ -97.312554582138432, 49.869652400666226 ], [ -97.31266674493196, 49.869993316425635 ], [ -97.312793610369567, 49.870186873396285 ], [ -97.312922793971183, 49.870383965456242 ], [ -97.31350262131437, 49.870821154722393 ], [ -97.315250714374002, 49.871835376486615 ], [ -97.315959231887078, 49.872191926802657 ], [ -97.316844887504985, 49.87246971021316 ], [ -97.317705049748511, 49.8726018759589 ], [ -97.318634002148471, 49.872668803341831 ], [ -97.319510154727396, 49.872651299071471 ], [ -97.320372833847529, 49.872555743866215 ], [ -97.321076202957315, 49.872388159239115 ], [ -97.321629325558447, 49.872146355477305 ], [ -97.322130924238095, 49.871782962915759 ], [ -97.322494316114046, 49.87141292038482 ], [ -97.322949248244726, 49.870787415439757 ], [ -97.323314074025689, 49.870375561725751 ], [ -97.324023439322161, 49.869825772212771 ], [ -97.324805160697707, 49.869366492486364 ], [ -97.325537901625111, 49.868971567826875 ], [ -97.32615284701707, 49.868759683857533 ], [ -97.326507743705093, 49.868668343030087 ], [ -97.32779937337132, 49.868347727306357 ], [ -97.328573419040211, 49.868109077594482 ], [ -97.329660934777451, 49.867850540074166 ], [ -97.331361335650399, 49.867542720905043 ], [ -97.332314105695858, 49.867333343419709 ], [ -97.333394597702679, 49.867068860287603 ], [ -97.334359887961014, 49.866808521311341 ], [ -97.335310434755129, 49.866506133237394 ], [ -97.33617265197735, 49.866210602963278 ], [ -97.337043804481397, 49.865968643097737 ], [ -97.337874746644744, 49.865798139505557 ], [ -97.338936754786189, 49.865612523195011 ], [ -97.338899356199633, 49.865991964644323 ], [ -97.338831583734461, 49.866679722096187 ], [ -97.338805275756457, 49.866946494321411 ], [ -97.338771270434265, 49.867291002391859 ], [ -97.338700258984247, 49.868010399936935 ], [ -97.33865696505903, 49.868448987089074 ], [ -97.338649875960797, 49.868520788905847 ], [ -97.338633941330883, 49.868682333967307 ], [ -97.338620676668711, 49.868816947866776 ], [ -97.338588086451367, 49.869148197351244 ], [ -97.338573656293391, 49.869294864953552 ], [ -97.338560739346946, 49.869426151476986 ], [ -97.338547822321758, 49.869557437995134 ], [ -97.338526952727975, 49.86976955141126 ], [ -97.338505480767907, 49.869987784936768 ], [ -97.338461788884217, 49.870430775927581 ], [ -97.338418097524254, 49.870873765982054 ], [ -97.338374403844242, 49.871316756858398 ], [ -97.338312909536654, 49.871940225031445 ], [ -97.338299422607577, 49.872076950098375 ], [ -97.338255727878987, 49.872519940839197 ], [ -97.338212030860959, 49.872962931502855 ], [ -97.338168334366586, 49.873405921230173 ], [ -97.338124635551878, 49.873848911779348 ], [ -97.338080937229904, 49.87429190229124 ], [ -97.338037238040386, 49.874734891846842 ], [ -97.337975732585946, 49.875358359378382 ], [ -97.33796224487763, 49.875495085227975 ], [ -97.337918541856652, 49.875938074608165 ], [ -97.337874839297427, 49.876381064850086 ], [ -97.337831134448464, 49.876824055014858 ], [ -97.337787430122944, 49.877267044243254 ], [ -97.33774372347672, 49.877710034293507 ], [ -97.337700017323058, 49.878153024306492 ], [ -97.337670460109678, 49.878452588722133 ], [ -97.337666006112599, 49.878497735818883 ], [ -97.337625535504856, 49.878907911157668 ], [ -97.337588505498672, 49.87928320862774 ], [ -97.343505737260017, 49.878568467968456 ], [ -97.343482809970894, 49.878799874668026 ], [ -97.341537267964611, 49.898427263227532 ], [ -97.334686135727253, 49.898579333446797 ], [ -97.331262127353384, 49.898654769169156 ], [ -97.329547257697428, 49.898692511709321 ], [ -97.328793607325693, 49.898709091339818 ], [ -97.322668967296067, 49.898843256337827 ], [ -97.321494404530341, 49.910678122937746 ], [ -97.321453900836332, 49.911051026973482 ], [ -97.321406763841551, 49.911423150706682 ], [ -97.321353008491172, 49.911794376152208 ], [ -97.321292348031747, 49.912166349503593 ], [ -97.321225042530074, 49.912537178082495 ], [ -97.321151113530121, 49.912906743189687 ], [ -97.320010825900169, 49.918359998341188 ], [ -97.319878721438883, 49.919145021527598 ], [ -97.319810255039201, 49.919938132707721 ], [ -97.31980587130964, 49.920734181559752 ], [ -97.319866057192371, 49.921531946929875 ], [ -97.319990600760491, 49.922322225884336 ], [ -97.320178685160471, 49.923099835159448 ], [ -97.320779229780797, 49.925231155492604 ], [ -97.320868637122985, 49.925568628664934 ], [ -97.320947178120235, 49.925908794986931 ], [ -97.321014772009136, 49.926251304667161 ], [ -97.3210708421052, 49.926592377872929 ], [ -97.321116056634153, 49.926935059115095 ], [ -97.321150370020277, 49.927279002975183 ], [ -97.321182923185063, 49.927550351197326 ], [ -97.321191908827203, 49.929366223947561 ], [ -97.298494280757581, 49.92923365393181 ], [ -97.298505713037926, 49.931314167245105 ], [ -97.26230769828932, 49.931341619011313 ], [ -97.262330565662211, 49.931070335736749 ], [ -97.262911410322033, 49.924178399452614 ], [ -97.263550955880078, 49.916566568847038 ], [ -97.264143245436969, 49.909500798139547 ], [ -97.264153200721779, 49.909381963625094 ], [ -97.264706933934548, 49.902771080531934 ], [ -97.2647222477827, 49.902588222558471 ], [ -97.264734251467388, 49.902449761840337 ], [ -97.277030076845236, 49.901639158104572 ], [ -97.27774, 49.89386 ], [ -97.27829, 49.88793 ], [ -97.27896, 49.88051 ], [ -97.27906, 49.87948 ], [ -97.27916, 49.8795 ], [ -97.279209895111251, 49.87951120106041 ], [ -97.279160981969468, 49.879499714485995 ], [ -97.279181858710416, 49.879315605362976 ] ] ] } },
{ "type": "Feature", "properties": { "cluster": "St. Vital North", "neighbourhood_count": 11, "neighbourhoods": "Alpine Place; Elm Park; Glenwood; Kingston Crescent; Lavalee; Norberry; Pulberry; St. George; Varennes; Victoria Crescent; Worthington" }, "geometry": { "type": "Polygon", "coordinates": [ [ [ -97.13911157268096, 49.822550744885724 ], [ -97.141725784681483, 49.821873323254522 ], [ -97.142723495053474, 49.821641656693835 ], [ -97.142844903302219, 49.821943482046898 ], [ -97.143091349981063, 49.822355277827114 ], [ -97.143485594891175, 49.822847292162031 ], [ -97.144123971084667, 49.82348648412264 ], [ -97.145517791834095, 49.824826131040126 ], [ -97.146842993683038, 49.826175711708224 ], [ -97.147781561782551, 49.82722758461221 ], [ -97.148172070661033, 49.827872943528412 ], [ -97.148411513657933, 49.828414750270866 ], [ -97.148532061192171, 49.828870517664306 ], [ -97.148526038059302, 49.829028256243944 ], [ -97.14851344468768, 49.829358056932357 ], [ -97.14846175870538, 49.829817021394042 ], [ -97.148248918915101, 49.830401743904098 ], [ -97.148008567601323, 49.83084664439788 ], [ -97.147662485484148, 49.831238860881854 ], [ -97.147286556338955, 49.831552409279077 ], [ -97.146863047337717, 49.831770007922628 ], [ -97.146406256365424, 49.831930130038586 ], [ -97.145603204977775, 49.832108506462539 ], [ -97.144642320733524, 49.832222308340413 ], [ -97.143685737264661, 49.832257981306441 ], [ -97.142930653562701, 49.832212736780257 ], [ -97.142166617623815, 49.832092553483172 ], [ -97.140626827204727, 49.831815438397591 ], [ -97.139519722689442, 49.831562248538781 ], [ -97.138780124141689, 49.831422037799641 ], [ -97.137651988327804, 49.831272178796134 ], [ -97.136486709121002, 49.831165905732007 ], [ -97.13560474594199, 49.831140669911946 ], [ -97.134641266273306, 49.831253497199299 ], [ -97.133772574324709, 49.831497876411262 ], [ -97.132884686840498, 49.831865173986465 ], [ -97.132138908160599, 49.83232909348736 ], [ -97.131763857159768, 49.832651105007251 ], [ -97.131467195682362, 49.832984578091761 ], [ -97.131230813706608, 49.833424409017503 ], [ -97.13108367956707, 49.834105348056198 ], [ -97.131116097690168, 49.834593708047649 ], [ -97.131313976975463, 49.835084736411318 ], [ -97.131714401744759, 49.835707363620187 ], [ -97.131878001326641, 49.835917500306103 ], [ -97.132266556027005, 49.836416574152302 ], [ -97.132808987408552, 49.836969245472616 ], [ -97.133295563391869, 49.83736888408832 ], [ -97.13402820524108, 49.837896567108146 ], [ -97.136012894746699, 49.839217791470681 ], [ -97.136728415822503, 49.839713735691646 ], [ -97.137175953243386, 49.84013907640901 ], [ -97.137422957941908, 49.840584989206157 ], [ -97.137565583424717, 49.841148208370711 ], [ -97.137560791850163, 49.841443892749901 ], [ -97.137516966024805, 49.841763596534847 ], [ -97.137246330334833, 49.842274279217598 ], [ -97.13692122270578, 49.84266340128012 ], [ -97.13645599364682, 49.843005225071529 ], [ -97.13613146244181, 49.843151248287107 ], [ -97.135874243687169, 49.84326698289744 ], [ -97.134698471780524, 49.843562522061482 ], [ -97.134279504339176, 49.84362376855475 ], [ -97.133658989659722, 49.843663070160375 ], [ -97.132706994064719, 49.843641784779848 ], [ -97.131705937596365, 49.843563607921119 ], [ -97.130740933306996, 49.843436710362397 ], [ -97.129902278263884, 49.843237053543319 ], [ -97.129215227923709, 49.843025390068327 ], [ -97.128303358520583, 49.842646062795644 ], [ -97.127253796445018, 49.842259403771955 ], [ -97.126651845088858, 49.842056749189588 ], [ -97.125898961063001, 49.841849100909684 ], [ -97.12516410820831, 49.841685083815761 ], [ -97.124464619463978, 49.841592175281228 ], [ -97.12390444524371, 49.841532964003889 ], [ -97.123082091782393, 49.841524746672505 ], [ -97.122474236537769, 49.841576941682028 ], [ -97.121853730596058, 49.841718166949903 ], [ -97.121334803250377, 49.84191712850037 ], [ -97.120893158562865, 49.842156435915967 ], [ -97.120420893985681, 49.842507430531981 ], [ -97.120044503950552, 49.842825983038637 ], [ -97.119724801100389, 49.843241491733394 ], [ -97.119491141158107, 49.843720437841284 ], [ -97.119410266448071, 49.844178915985182 ], [ -97.119433442686031, 49.844665429237821 ], [ -97.119599196249865, 49.845135558505483 ], [ -97.119939765097513, 49.845673115394284 ], [ -97.120292168587142, 49.846119497148628 ], [ -97.120637930829147, 49.846513082628881 ], [ -97.120952636717519, 49.846836894588044 ], [ -97.121309086102613, 49.847135035818262 ], [ -97.121668005718618, 49.84740346982268 ], [ -97.12207369230984, 49.847652263207145 ], [ -97.124272063045723, 49.84888791054594 ], [ -97.125560999167462, 49.849647319501848 ], [ -97.127785361649259, 49.850861222241619 ], [ -97.128688680652175, 49.8513296526312 ], [ -97.129654807134813, 49.851771893111454 ], [ -97.130473878412474, 49.852074071327053 ], [ -97.131237580773458, 49.85227846361078 ], [ -97.131912052398718, 49.852410871786915 ], [ -97.132526848712359, 49.852488771464017 ], [ -97.133100919340507, 49.852532016294944 ], [ -97.133681325450638, 49.852547314004326 ], [ -97.134298312817151, 49.852534301544097 ], [ -97.134914013261792, 49.852486419688297 ], [ -97.135598108189228, 49.852369094217153 ], [ -97.136338143843702, 49.852164276015692 ], [ -97.137273052554448, 49.851813855192411 ], [ -97.14010426843133, 49.850652487455214 ], [ -97.140619610458927, 49.850478881107172 ], [ -97.141145435186345, 49.850340286012667 ], [ -97.141835326309035, 49.85020771886969 ], [ -97.142730373649641, 49.85010648201844 ], [ -97.143053680900849, 49.850107413583835 ], [ -97.143324877210958, 49.850135389371303 ], [ -97.143443830602337, 49.850147660031894 ], [ -97.143833004808073, 49.850213386159226 ], [ -97.144441666364202, 49.850416907721218 ], [ -97.144915512026429, 49.850674360625923 ], [ -97.145217727256181, 49.850986007205918 ], [ -97.14538351761982, 49.851359211317572 ], [ -97.145428826220311, 49.851755133881788 ], [ -97.145310267075686, 49.852173930597935 ], [ -97.145044000739816, 49.852607916871754 ], [ -97.144689418982011, 49.853008780585412 ], [ -97.144613638705039, 49.853060862509722 ], [ -97.144216911155439, 49.853333520940055 ], [ -97.143183801023909, 49.853811607092375 ], [ -97.142621510654493, 49.853997466347742 ], [ -97.142050525401345, 49.854158895470704 ], [ -97.141121829496171, 49.854347126007326 ], [ -97.140142413477562, 49.85452093697053 ], [ -97.13981596656734, 49.854566802867538 ], [ -97.138931776472702, 49.854691026788103 ], [ -97.137934787275498, 49.854774448892073 ], [ -97.136947872877826, 49.854835077433648 ], [ -97.135911093866113, 49.854859200253927 ], [ -97.134770263081478, 49.854854442766381 ], [ -97.133744511534999, 49.854831129979729 ], [ -97.132435002707894, 49.854837231253711 ], [ -97.131513829501401, 49.854863177637036 ], [ -97.130695685242486, 49.854910326006859 ], [ -97.129917709543747, 49.855006560402913 ], [ -97.129096150082304, 49.855142030725467 ], [ -97.128021039011955, 49.855341390956745 ], [ -97.12685973862726, 49.855593741039364 ], [ -97.12661090355526, 49.855655745059678 ], [ -97.123874500373148, 49.856337548238095 ], [ -97.122893726962857, 49.85664547413721 ], [ -97.121937961720761, 49.857020088325655 ], [ -97.120287741145006, 49.857708090384001 ], [ -97.119538563535343, 49.858076686679652 ], [ -97.118127065381088, 49.858912162516482 ], [ -97.117535307175174, 49.859322396874951 ], [ -97.117081762901663, 49.859694079228653 ], [ -97.11664686245075, 49.860093259218367 ], [ -97.115205185063814, 49.861667612027276 ], [ -97.114835565310543, 49.862145186707885 ], [ -97.114494529041579, 49.862698865277984 ], [ -97.113957887362503, 49.863683652596258 ], [ -97.113192438895339, 49.864972372058467 ], [ -97.1129518983917, 49.865476688775892 ], [ -97.112835184029706, 49.865806244635557 ], [ -97.112776383652971, 49.86613419376058 ], [ -97.112716321134357, 49.867218097409037 ], [ -97.112833542563294, 49.867854022327329 ], [ -97.113100117504999, 49.868470281614314 ], [ -97.113431912632052, 49.868965218058243 ], [ -97.113890387900199, 49.869482612378597 ], [ -97.114485964457074, 49.869890050182718 ], [ -97.11495504164408, 49.870135648731868 ], [ -97.115811253539448, 49.870435133259427 ], [ -97.116642187125308, 49.870627558223752 ], [ -97.11511959944589, 49.871122544797721 ], [ -97.113542253177314, 49.871656240276003 ], [ -97.106876756950896, 49.873857171519681 ], [ -97.106708688459634, 49.873816871429121 ], [ -97.105353839149629, 49.87426368581356 ], [ -97.104673723329469, 49.874487970930879 ], [ -97.103739324645005, 49.874796103571668 ], [ -97.103658886065745, 49.874824833411921 ], [ -97.103138344579193, 49.874605883710245 ], [ -97.102692618198915, 49.874368314513532 ], [ -97.102432787538206, 49.874193922365222 ], [ -97.102417113856347, 49.874130597171501 ], [ -97.102450202934747, 49.874068070321613 ], [ -97.102540939318303, 49.874040221583186 ], [ -97.10334702452343, 49.874000613650573 ], [ -97.103844627488797, 49.873898752079732 ], [ -97.104080142833709, 49.873824869143029 ], [ -97.104254735881398, 49.873683987284245 ], [ -97.104560004067963, 49.873161697300006 ], [ -97.104589055297083, 49.873057302543437 ], [ -97.104512702523976, 49.872949717322349 ], [ -97.104341239318458, 49.872894844811071 ], [ -97.104180112545677, 49.872923743660515 ], [ -97.103641653522303, 49.873228811042075 ], [ -97.103467031683095, 49.873370424872014 ], [ -97.103295825820226, 49.873424825020692 ], [ -97.103140223728474, 49.873399544523416 ], [ -97.10304666267298, 49.873296810187348 ], [ -97.103035409562139, 49.873236490844072 ], [ -97.103071326878165, 49.873014871918372 ], [ -97.103051663752495, 49.872821677544955 ], [ -97.102992108797338, 49.872748833944854 ], [ -97.10287417513274, 49.872688968524777 ], [ -97.102749551699958, 49.872683995157956 ], [ -97.102650449250376, 49.872722707435067 ], [ -97.102548186905622, 49.872842037031326 ], [ -97.102421523514025, 49.872889098176394 ], [ -97.102225113564586, 49.872891749190764 ], [ -97.101092638813711, 49.872747796762148 ], [ -97.100934200390199, 49.872679198815973 ], [ -97.100860211076451, 49.872309108443503 ], [ -97.100741378279736, 49.871983017879593 ], [ -97.100730336444229, 49.871801698007026 ], [ -97.100631974369648, 49.871474476034038 ], [ -97.100671768663673, 49.871385658729736 ], [ -97.100741259455276, 49.871320795441875 ], [ -97.100966244940665, 49.871254813207933 ], [ -97.101085178841075, 49.87128902953787 ], [ -97.101171155005957, 49.871353506750516 ], [ -97.101357752504157, 49.871716641450234 ], [ -97.101464799577528, 49.871822531540232 ], [ -97.101723827323625, 49.871930177461032 ], [ -97.101906510842994, 49.871930235944653 ], [ -97.102657832135094, 49.871752598542706 ], [ -97.102757162336474, 49.871708023143945 ], [ -97.102856364448868, 49.87157984299396 ], [ -97.102731147925795, 49.871184714538884 ], [ -97.102739848174636, 49.871078520347766 ], [ -97.1028842656509, 49.870780941735461 ], [ -97.103008042772913, 49.870315086585919 ], [ -97.103133179018812, 49.870075127187675 ], [ -97.103072594637794, 49.869912797296713 ], [ -97.10296735580512, 49.869876607081572 ], [ -97.101987420382301, 49.869866430396605 ], [ -97.101658484732454, 49.869834642370883 ], [ -97.101597240005447, 49.869805038330078 ], [ -97.101550751819332, 49.86974634172288 ], [ -97.101539477331386, 49.869570884915476 ], [ -97.101561022617574, 49.86919502608599 ], [ -97.101404590127117, 49.868467907592859 ], [ -97.101228984986832, 49.868085152194439 ], [ -97.101297762214784, 49.867806870160308 ], [ -97.101264010108238, 49.867683846690305 ], [ -97.101103680770507, 49.8675770833309 ], [ -97.100830180016274, 49.867491932724704 ], [ -97.10066201082229, 49.867469376273739 ], [ -97.100388200329391, 49.867536757697145 ], [ -97.10035420946231, 49.867593402379647 ], [ -97.100372027553419, 49.867717631676555 ], [ -97.100510380928142, 49.867835036232158 ], [ -97.100583513132364, 49.867995373140538 ], [ -97.100544424256398, 49.868095202356415 ], [ -97.100307909151852, 49.86822406341031 ], [ -97.099904609418417, 49.868381724098818 ], [ -97.099795550976381, 49.868443004755719 ], [ -97.099652336510815, 49.868449456896201 ], [ -97.099550977388333, 49.868430194354886 ], [ -97.099362630822029, 49.86834350315911 ], [ -97.099228123869736, 49.868243760874527 ], [ -97.099135357701641, 49.868121235621103 ], [ -97.099084205286928, 49.867950257935426 ], [ -97.099147671924257, 49.86780756098053 ], [ -97.099319102359729, 49.86763143347865 ], [ -97.099368523017219, 49.867412970322832 ], [ -97.099360449403335, 49.867233086172526 ], [ -97.099358838963923, 49.867197204667271 ], [ -97.099463599400508, 49.867014116738957 ], [ -97.099437132594332, 49.866850144190622 ], [ -97.099059186747908, 49.866709008164264 ], [ -97.09895228907385, 49.866715321717805 ], [ -97.098654077069412, 49.866826300189317 ], [ -97.097815512440661, 49.867002479611386 ], [ -97.097722767217306, 49.866995090532427 ], [ -97.097604508510017, 49.866944014543371 ], [ -97.097571173297197, 49.866897265883502 ], [ -97.097563556364079, 49.866744602639336 ], [ -97.097704404394932, 49.866292966668397 ], [ -97.097707027190495, 49.866081802941899 ], [ -97.097768772956655, 49.865694137243892 ], [ -97.097793234267442, 49.865649070598785 ], [ -97.097752361870945, 49.865505395156191 ], [ -97.097549142472914, 49.865335587453878 ], [ -97.097451681653496, 49.865303919953647 ], [ -97.097235365362224, 49.865323102795273 ], [ -97.097057695409816, 49.865369320637377 ], [ -97.096629261706141, 49.865445154616189 ], [ -97.096262800158925, 49.865416401580426 ], [ -97.095941038584002, 49.865433849902544 ], [ -97.095737240938433, 49.865423167978264 ], [ -97.095542494474913, 49.86535543257316 ], [ -97.095486044149524, 49.865290702877701 ], [ -97.095479894437716, 49.865158597537011 ], [ -97.095685428866474, 49.864980835674565 ], [ -97.096085879433247, 49.86486641092759 ], [ -97.096425364382654, 49.864830919396113 ], [ -97.096699167086456, 49.86485008336679 ], [ -97.096921294438047, 49.864827330169454 ], [ -97.097057541064359, 49.864795832903575 ], [ -97.097215426720581, 49.864791091603415 ], [ -97.097438878112101, 49.86473462472977 ], [ -97.097648172372729, 49.864605322702204 ], [ -97.097880119114379, 49.864419190230464 ], [ -97.097921052601691, 49.864272457266893 ], [ -97.097852830648421, 49.864218535883523 ], [ -97.09764426118214, 49.864185044902683 ], [ -97.097034865473148, 49.864246909473913 ], [ -97.096376137560284, 49.864236091558766 ], [ -97.095557575268955, 49.864135374040643 ], [ -97.095347403280215, 49.864084985364002 ], [ -97.095239118009189, 49.864011336720701 ], [ -97.095210197559197, 49.863852456230283 ], [ -97.095371625645157, 49.863757572729703 ], [ -97.09591506664853, 49.863728367785768 ], [ -97.096377451801544, 49.863683161810371 ], [ -97.097125636630821, 49.86349597541242 ], [ -97.097421765328079, 49.863379833198522 ], [ -97.097652473133991, 49.863311751341016 ], [ -97.097846988426781, 49.86309640357738 ], [ -97.097857187717267, 49.863010034824548 ], [ -97.097710907039612, 49.862863895867292 ], [ -97.097567474553429, 49.862789672482734 ], [ -97.097307190898846, 49.862744331591109 ], [ -97.096526182601906, 49.862727840054497 ], [ -97.096069792399263, 49.862765078141017 ], [ -97.095511479116539, 49.862711169983086 ], [ -97.095412929480204, 49.86262081423687 ], [ -97.095296538226847, 49.862378360188728 ], [ -97.095296470994285, 49.862264688675793 ], [ -97.095458642319699, 49.861977677609566 ], [ -97.095546362012101, 49.861939517806775 ], [ -97.095881435895905, 49.861900288675592 ], [ -97.096126272085783, 49.861847842497617 ], [ -97.096229132793837, 49.861799663906908 ], [ -97.096356846907014, 49.861667557354068 ], [ -97.096510600468008, 49.861277003152622 ], [ -97.096702300269214, 49.861162080993893 ], [ -97.096962802219281, 49.861115023840263 ], [ -97.097211426792811, 49.861023769647417 ], [ -97.097307471621122, 49.860946877258456 ], [ -97.097428093536735, 49.86067751524272 ], [ -97.097386081448221, 49.860505219882356 ], [ -97.097331555999446, 49.860449322913908 ], [ -97.097280456921041, 49.860306212623712 ], [ -97.097179612539023, 49.86021655402223 ], [ -97.097006061085438, 49.860187303522309 ], [ -97.09659136166205, 49.860174626453002 ], [ -97.096299176908175, 49.860133159410537 ], [ -97.095960318641346, 49.860038123072492 ], [ -97.095587556732511, 49.859910994236145 ], [ -97.095348052207882, 49.859885790950983 ], [ -97.095202163001161, 49.859816657673633 ], [ -97.095155807182522, 49.859755027071913 ], [ -97.095170256863454, 49.859676061930088 ], [ -97.095381869233677, 49.859487400091631 ], [ -97.095908648086578, 49.859245981158828 ], [ -97.096548886935992, 49.859119360497424 ], [ -97.096701622490343, 49.859072000644993 ], [ -97.097159150922366, 49.858831638814245 ], [ -97.09718281746585, 49.858691222708231 ], [ -97.097132127081039, 49.858624388220484 ], [ -97.097036389455369, 49.858578081411153 ], [ -97.096816864406989, 49.858564209561301 ], [ -97.096710830169172, 49.85857786872797 ], [ -97.0963945314261, 49.858544072781157 ], [ -97.096075801559394, 49.85845670090584 ], [ -97.095815378562392, 49.858357819100618 ], [ -97.095395411366184, 49.858364118422621 ], [ -97.095157355680428, 49.858302270614615 ], [ -97.095002431489604, 49.858145718944634 ], [ -97.094860795980395, 49.857824379961812 ], [ -97.094947692368223, 49.857691603903035 ], [ -97.095106621510411, 49.857573212241185 ], [ -97.095376155052847, 49.857469105240021 ], [ -97.095661414960446, 49.857455459068426 ], [ -97.096114222230995, 49.857536967924112 ], [ -97.096665991797892, 49.85758269909136 ], [ -97.097129807384178, 49.85755731450584 ], [ -97.097220688249791, 49.857525072220739 ], [ -97.0972354755868, 49.857350775831243 ], [ -97.097055769983314, 49.857160818917627 ], [ -97.09682783873626, 49.856956869312953 ], [ -97.09679330058313, 49.856934945457184 ], [ -97.096696135346633, 49.856873303654815 ], [ -97.096656791367209, 49.856748719990449 ], [ -97.096487119853123, 49.856563327099451 ], [ -97.096391290129731, 49.856490617317498 ], [ -97.09621101297131, 49.856228780555945 ], [ -97.096140759489231, 49.856168018510509 ], [ -97.096068398609674, 49.856105433581263 ], [ -97.095997104552694, 49.855956857302353 ], [ -97.096042214375984, 49.855790392762223 ], [ -97.096111390088723, 49.855704259609155 ], [ -97.096277928010352, 49.855594058287878 ], [ -97.096485802777366, 49.85549993622385 ], [ -97.096929460624281, 49.855409685913607 ], [ -97.097272332984701, 49.855286244815439 ], [ -97.097572043811752, 49.855019822705827 ], [ -97.097619447690008, 49.854939198119084 ], [ -97.09773402465467, 49.854418927885902 ], [ -97.097739505503782, 49.854163809195761 ], [ -97.097783985608871, 49.854042068483039 ], [ -97.097765666594725, 49.853873095395194 ], [ -97.097705389205544, 49.853732767897263 ], [ -97.097588964580083, 49.85360691919545 ], [ -97.097513755020941, 49.853558016251149 ], [ -97.097432457218346, 49.853548614653938 ], [ -97.097288077648784, 49.853585845601195 ], [ -97.097125439014462, 49.853683645300023 ], [ -97.097061147689857, 49.853761058967535 ], [ -97.096534505520665, 49.854116155821778 ], [ -97.096398576797284, 49.85414032402263 ], [ -97.096330150466713, 49.8541208660669 ], [ -97.096156522713088, 49.853978675722097 ], [ -97.095996201897691, 49.853901972633189 ], [ -97.095546828405688, 49.853733983244318 ], [ -97.095479958871522, 49.853674949008891 ], [ -97.095506654171189, 49.853630652853646 ], [ -97.09566288908556, 49.853580418481933 ], [ -97.096118367771496, 49.853593035749896 ], [ -97.096193285913472, 49.853562732112408 ], [ -97.096254196234582, 49.853455929041694 ], [ -97.096173847329325, 49.853335805025615 ], [ -97.096076320115557, 49.853057849846529 ], [ -97.096288970903572, 49.852688481416266 ], [ -97.09634627732791, 49.852651233952031 ], [ -97.096424957289358, 49.852630307419588 ], [ -97.096508585584104, 49.852633764096446 ], [ -97.096676248903904, 49.852698661539542 ], [ -97.096849166165583, 49.852793848912718 ], [ -97.097171655818428, 49.852881424066062 ], [ -97.097282956485898, 49.852891236455726 ], [ -97.097401181793842, 49.852875124586774 ], [ -97.097711117678756, 49.852803834909501 ], [ -97.097943939694119, 49.85271357304164 ], [ -97.098549094022232, 49.85235758540702 ], [ -97.098931592208004, 49.852161112742074 ], [ -97.099045477056364, 49.852036610601836 ], [ -97.099083368723299, 49.851741442320375 ], [ -97.098991108896897, 49.851328531079758 ], [ -97.09899347425997, 49.851227195891589 ], [ -97.098918650406191, 49.851149937964841 ], [ -97.098774882617093, 49.851105571701332 ], [ -97.098503958151554, 49.851127164472402 ], [ -97.098097350242014, 49.851226726445802 ], [ -97.097812426198729, 49.85137237514774 ], [ -97.097685571578694, 49.851512633071223 ], [ -97.097479371750239, 49.851800177556186 ], [ -97.097246458437752, 49.85200222612017 ], [ -97.097096880956911, 49.852023724927179 ], [ -97.09692238498792, 49.851968783839467 ], [ -97.096629314551961, 49.851610897567177 ], [ -97.096297898746315, 49.851354448968642 ], [ -97.096034691355413, 49.851070304829648 ], [ -97.095938516557325, 49.850675726745202 ], [ -97.095831722242195, 49.85036012912569 ], [ -97.095710879386857, 49.850115123494696 ], [ -97.095696140849924, 49.849975195997487 ], [ -97.095694065810861, 49.8499554955444 ], [ -97.095746118948625, 49.849737632929418 ], [ -97.095713962086279, 49.848943817842425 ], [ -97.095686469300276, 49.848891984690901 ], [ -97.095541141935954, 49.848805580979324 ], [ -97.095457683981124, 49.848797960312417 ], [ -97.095165445563708, 49.84889765568564 ], [ -97.094899170198119, 49.848883210567635 ], [ -97.094748592176472, 49.84884844808542 ], [ -97.094187289677564, 49.848608696548695 ], [ -97.094093538557232, 49.848548829890603 ], [ -97.093867021940767, 49.848479141661706 ], [ -97.093326617027472, 49.848527187670534 ], [ -97.093025684252041, 49.848452107324441 ], [ -97.092779531700387, 49.848362999395562 ], [ -97.092672517170968, 49.84824458846154 ], [ -97.092688071246641, 49.848176798834267 ], [ -97.092826881998946, 49.84811485665913 ], [ -97.093311123645321, 49.848020409462563 ], [ -97.093681938210622, 49.847902222601007 ], [ -97.093853615571035, 49.847714449412322 ], [ -97.093875174750679, 49.847630441341252 ], [ -97.093867473751374, 49.847553242582777 ], [ -97.093372159063833, 49.847137862000459 ], [ -97.093165721960844, 49.84702198171675 ], [ -97.092705341055776, 49.846865121554721 ], [ -97.092456389653506, 49.846724585405035 ], [ -97.092370321433108, 49.84671518366622 ], [ -97.092150032641229, 49.846787587741396 ], [ -97.091998010200086, 49.846871530563682 ], [ -97.091534607842675, 49.847023251600206 ], [ -97.091306288565534, 49.847067748092392 ], [ -97.091204509991996, 49.847061905615305 ], [ -97.091160824205573, 49.846985155429699 ], [ -97.091285413110114, 49.846888958007959 ], [ -97.091519000504562, 49.846792472566783 ], [ -97.091690430790081, 49.846692880072034 ], [ -97.091820682693168, 49.846534631601102 ], [ -97.091779305382261, 49.846399247639773 ], [ -97.091731119402766, 49.846368597396221 ], [ -97.091588118658819, 49.846182588651736 ], [ -97.091425927667316, 49.846047645077867 ], [ -97.09135174648867, 49.846036355321196 ], [ -97.091185204415737, 49.846093672883356 ], [ -97.090912152483966, 49.846251651247918 ], [ -97.090754648174311, 49.846311200115494 ], [ -97.090682660659269, 49.846325983954678 ], [ -97.090434454992945, 49.846330226315338 ], [ -97.090252605336659, 49.846299108672397 ], [ -97.090226209838775, 49.84626048477908 ], [ -97.090227864364792, 49.846218504262602 ], [ -97.090298929772672, 49.846145380653638 ], [ -97.090421853446173, 49.846105051362393 ], [ -97.090498341693134, 49.846044168003985 ], [ -97.090504575975601, 49.845885960404829 ], [ -97.090460895635303, 49.845822749720149 ], [ -97.090269538131381, 49.845719610859682 ], [ -97.089920335135119, 49.845562141435558 ], [ -97.089819421530734, 49.845534440156982 ], [ -97.089670663094182, 49.845453874301441 ], [ -97.089650799402293, 49.84539938804064 ], [ -97.089698688989998, 49.845287693829391 ], [ -97.090026015402231, 49.84497855161213 ], [ -97.090192343976753, 49.844844854395774 ], [ -97.09024085909401, 49.844703660661679 ], [ -97.090181198700861, 49.844541936862953 ], [ -97.089945611811558, 49.844348845306847 ], [ -97.089743570884096, 49.844298993898185 ], [ -97.089641634219717, 49.844297313473326 ], [ -97.089405771021006, 49.844329183631913 ], [ -97.089268313605658, 49.844384200589211 ], [ -97.089118056913989, 49.844477889578087 ], [ -97.088986296066807, 49.844606253408585 ], [ -97.088750172136457, 49.844780805589025 ], [ -97.08840480535774, 49.844961887393431 ], [ -97.088246128036516, 49.844996764301492 ], [ -97.088122480291389, 49.844987433757815 ], [ -97.087968238038229, 49.844909899759983 ], [ -97.087869350457197, 49.844817309048125 ], [ -97.087845370396394, 49.84466311619574 ], [ -97.087992317558744, 49.844231575944782 ], [ -97.08813960882766, 49.844022578393989 ], [ -97.088497815177035, 49.843692772406712 ], [ -97.088542711168415, 49.843602553920597 ], [ -97.088547720038022, 49.843543617308015 ], [ -97.088432095503677, 49.843330976640637 ], [ -97.088262841534899, 49.843212229063774 ], [ -97.088096683900929, 49.843164702580097 ], [ -97.087938817285021, 49.843165569569216 ], [ -97.087690394153356, 49.84324375002609 ], [ -97.087345068070078, 49.843532799846514 ], [ -97.087187748894635, 49.843601373395146 ], [ -97.0864640369428, 49.843751901552785 ], [ -97.086333377142623, 49.843743494806873 ], [ -97.086228842313503, 49.843658100005207 ], [ -97.086168429274323, 49.843515803248621 ], [ -97.086035402881961, 49.843322661543191 ], [ -97.085930348700302, 49.842801904091552 ], [ -97.085817938531292, 49.842562581568515 ], [ -97.085829284974793, 49.842275310482684 ], [ -97.085878350204865, 49.842079621534317 ], [ -97.085935718136056, 49.842027104623789 ], [ -97.086013889637925, 49.842005135274924 ], [ -97.086125607678724, 49.842044475056568 ], [ -97.08615788018723, 49.842138050194535 ], [ -97.086155345515053, 49.842202235174646 ], [ -97.086275094275408, 49.842391685791668 ], [ -97.086406793379197, 49.842468849860069 ], [ -97.08647275617831, 49.842484173177006 ], [ -97.08660730962302, 49.84243466633572 ], [ -97.086741451966333, 49.842315391616367 ], [ -97.086838023207122, 49.842179485229011 ], [ -97.086923384659741, 49.841975368620439 ], [ -97.08710282458793, 49.841837410059192 ], [ -97.087188914115345, 49.84181727543595 ], [ -97.087271917978953, 49.841822464432433 ], [ -97.087773780993416, 49.841933162930836 ], [ -97.088159199531248, 49.841961047055932 ], [ -97.088420085886867, 49.841920565791597 ], [ -97.088610303424872, 49.841793513985401 ], [ -97.088654923692459, 49.84171023433187 ], [ -97.088642726080266, 49.841597549392922 ], [ -97.088106122947423, 49.841170007694565 ], [ -97.08805297419714, 49.841047620541751 ], [ -97.087965485870868, 49.840965633065281 ], [ -97.087912773486408, 49.840750558082085 ], [ -97.087990502676135, 49.840643845863369 ], [ -97.08844093831658, 49.840180536029365 ], [ -97.088598663616068, 49.839815482482031 ], [ -97.088730324143043, 49.839351151411215 ], [ -97.09287300637726, 49.838256562904419 ], [ -97.108892412173972, 49.832804306906198 ], [ -97.115045903774345, 49.830709022948554 ], [ -97.13911157268096, 49.822550744885724 ] ] ] } },
{ "type": "Feature", "properties": { "cluster": "St. Vital South", "neighbourhood_count": 9, "neighbourhoods": "Dakota Crossing; Maple Grove Park; Meadowood; Minnetonka; Normand Park; River Park South; St. Vital Centre; St. Vital Perimeter South; Vista" }, "geometry": { "type": "Polygon", "coordinates": [ [ [ -97.129826438115487, 49.747925069427453 ], [ -97.13094695159208, 49.749051676124353 ], [ -97.131598938366537, 49.749585081940999 ], [ -97.132104793982151, 49.749908134921938 ], [ -97.135304247547737, 49.751680565741623 ], [ -97.136036235289637, 49.752140868027837 ], [ -97.136667766292547, 49.752555394697829 ], [ -97.137396310041908, 49.75310626625101 ], [ -97.13804336939117, 49.753677900541547 ], [ -97.138576309884471, 49.754232591512725 ], [ -97.139721390756236, 49.755710419358316 ], [ -97.140224139959656, 49.756445884230779 ], [ -97.140393621779495, 49.756797776401719 ], [ -97.140563105990182, 49.757149668332524 ], [ -97.140760368575044, 49.757807022021375 ], [ -97.140821578057839, 49.758316945716032 ], [ -97.140821880636693, 49.759200044719421 ], [ -97.140697844796051, 49.760942164273452 ], [ -97.140555810817304, 49.761700971608391 ], [ -97.139842457702187, 49.764170313417274 ], [ -97.139713927226865, 49.764763175306797 ], [ -97.139642525657095, 49.765316285818137 ], [ -97.139506042899029, 49.766764281267832 ], [ -97.139341169706285, 49.77013915233352 ], [ -97.13922983567646, 49.771334241761558 ], [ -97.139376400682707, 49.772665121821284 ], [ -97.140143598473642, 49.773661535536554 ], [ -97.141022267852122, 49.774128322874169 ], [ -97.142081400575321, 49.774299067307872 ], [ -97.14314892754679, 49.774299917340564 ], [ -97.14452757027648, 49.774000145250419 ], [ -97.145825813298288, 49.773502702625322 ], [ -97.146927479957483, 49.772890543594919 ], [ -97.148223129587734, 49.771942186748483 ], [ -97.149803938011928, 49.770972214089497 ], [ -97.150722191036905, 49.770627261766549 ], [ -97.152017235747181, 49.770398094651711 ], [ -97.153140029604316, 49.770548474194804 ], [ -97.153918521987123, 49.770929251621112 ], [ -97.154419806974047, 49.771522886620595 ], [ -97.154727470598957, 49.772115683390432 ], [ -97.154725035632168, 49.772650209167146 ], [ -97.154373850777674, 49.773266324229361 ], [ -97.153893842211559, 49.773845401055908 ], [ -97.1533765163651, 49.77437975371334 ], [ -97.152774284514848, 49.77483381837704 ], [ -97.151243826020448, 49.775587866213748 ], [ -97.149483923403722, 49.776182789331095 ], [ -97.147806608556635, 49.776731675322587 ], [ -97.145162611088381, 49.777324107729093 ], [ -97.142569189809734, 49.777784438573121 ], [ -97.140417413422341, 49.778020540597105 ], [ -97.138418623120316, 49.778229538629034 ], [ -97.136190447182727, 49.778277356884928 ], [ -97.1341308798781, 49.778485303106521 ], [ -97.133039333867572, 49.778812148177053 ], [ -97.132331846541064, 49.779228823739714 ], [ -97.131850384598167, 49.779721237634455 ], [ -97.131510155205021, 49.780402470407076 ], [ -97.131484002363237, 49.780942361373214 ], [ -97.131868973620797, 49.781757296584296 ], [ -97.132670520495836, 49.782566164651016 ], [ -97.134740532411797, 49.784177459091723 ], [ -97.135171770718472, 49.784555656055616 ], [ -97.135949436169838, 49.785743174211994 ], [ -97.136378880278642, 49.786892607083367 ], [ -97.136121467205356, 49.788351676470405 ], [ -97.135493746855829, 49.789437946057689 ], [ -97.134589438091496, 49.790412731700279 ], [ -97.13346789560228, 49.791683144030721 ], [ -97.132354961736254, 49.793429765679008 ], [ -97.131186028783972, 49.795577303252841 ], [ -97.130381134632316, 49.796453924659751 ], [ -97.12925185573225, 49.797220610272596 ], [ -97.128166565299566, 49.797547790306929 ], [ -97.1266963763658, 49.797570722886164 ], [ -97.125543764789725, 49.797014849964263 ], [ -97.124776725436547, 49.796085215530724 ], [ -97.124170535463094, 49.795184386667252 ], [ -97.123277453922853, 49.794374997039391 ], [ -97.122256842750829, 49.793659572038898 ], [ -97.121165169217193, 49.793165841504717 ], [ -97.11962009130005, 49.792992270161953 ], [ -97.117873823799428, 49.79345443964008 ], [ -97.11695224257258, 49.794185985695989 ], [ -97.11648826358622, 49.794973679976188 ], [ -97.116413925315555, 49.795899520060608 ], [ -97.116554350685846, 49.796820551394319 ], [ -97.117392107489181, 49.797734461912547 ], [ -97.118343946816111, 49.798797062653421 ], [ -97.120693838340387, 49.800256550307857 ], [ -97.12309721006244, 49.8012378227412 ], [ -97.125786069853348, 49.80210041861622 ], [ -97.127728018597892, 49.802814159158103 ], [ -97.128731014545494, 49.80335273119892 ], [ -97.129585614033715, 49.804114213047342 ], [ -97.129895819749692, 49.804756658943212 ], [ -97.129959203677771, 49.805208517315101 ], [ -97.129932774611859, 49.805664187887672 ], [ -97.129696730337912, 49.806178450117237 ], [ -97.12957680924815, 49.806390666138668 ], [ -97.129225099301721, 49.806742978348744 ], [ -97.128745146630308, 49.807122415096835 ], [ -97.128154928422646, 49.807443810386502 ], [ -97.127429020663982, 49.807703442326932 ], [ -97.126104812323916, 49.808095694066573 ], [ -97.123745233437219, 49.808885974213254 ], [ -97.121471853980267, 49.809514368169914 ], [ -97.119213070967604, 49.810120631424226 ], [ -97.117837320992251, 49.81054921946459 ], [ -97.116910276312524, 49.810992006192542 ], [ -97.115594446465707, 49.812061128396756 ], [ -97.115249116011, 49.812808568558893 ], [ -97.115348574349568, 49.813805011738935 ], [ -97.115894029525364, 49.814739243385716 ], [ -97.116654420735671, 49.815390832935947 ], [ -97.118231507114615, 49.816227202093202 ], [ -97.119942532559293, 49.816754361633244 ], [ -97.121500058752716, 49.816970192610562 ], [ -97.12292017925455, 49.816879695281308 ], [ -97.124016118307537, 49.816618720059736 ], [ -97.1245009975936, 49.816456386251801 ], [ -97.125634684325235, 49.815977414109852 ], [ -97.127519876012613, 49.815056253271514 ], [ -97.129418226562777, 49.814071366742091 ], [ -97.130484337079125, 49.813619143366296 ], [ -97.131857658362705, 49.813209046708323 ], [ -97.132829009408766, 49.812978369704958 ], [ -97.133506428561915, 49.812873088992546 ], [ -97.134247205791993, 49.81284783769339 ], [ -97.135464802232093, 49.812890677742217 ], [ -97.136589809228283, 49.812959902854224 ], [ -97.136917410837242, 49.813005130004576 ], [ -97.138361552497798, 49.81330211257292 ], [ -97.139394287471234, 49.813603427008879 ], [ -97.140285287406329, 49.814130108513112 ], [ -97.140899167425189, 49.814558264424953 ], [ -97.141231925856971, 49.81496563999805 ], [ -97.141600791961764, 49.815602498984219 ], [ -97.141819865054444, 49.816259031624732 ], [ -97.141908716531162, 49.816846082089512 ], [ -97.141976892657709, 49.818394899761095 ], [ -97.142031857612125, 49.819069715080694 ], [ -97.142139393433979, 49.81982554813689 ], [ -97.142316425575075, 49.820548798548977 ], [ -97.142723495053474, 49.821641656693835 ], [ -97.141725784681483, 49.821873323254593 ], [ -97.13911157268096, 49.822550744885724 ], [ -97.115045903774345, 49.830709022948554 ], [ -97.108892412173972, 49.832804306906198 ], [ -97.09287300637726, 49.838256562904419 ], [ -97.088730324143043, 49.839351151411215 ], [ -97.088900207747244, 49.838675482166387 ], [ -97.088922587775812, 49.838489072611367 ], [ -97.089015192134596, 49.838141691735878 ], [ -97.088975149567688, 49.837754975826869 ], [ -97.089021931681856, 49.837453360296152 ], [ -97.088998908408158, 49.837274881226584 ], [ -97.0890101662483, 49.837179941680034 ], [ -97.08905897405144, 49.837085621380652 ], [ -97.089489870779772, 49.836585160685189 ], [ -97.089460339461652, 49.836462816302749 ], [ -97.089302669362908, 49.83644563532814 ], [ -97.089151238501174, 49.836460149300457 ], [ -97.088974539915114, 49.83654507033264 ], [ -97.088769614617803, 49.836678129255169 ], [ -97.088107760425146, 49.836923424110772 ], [ -97.087776402066183, 49.837010684650551 ], [ -97.087618381325171, 49.837000773810878 ], [ -97.087029405537933, 49.836827513079591 ], [ -97.086856041333107, 49.836731955899019 ], [ -97.086790804849102, 49.836657625435819 ], [ -97.086745231299531, 49.836573904607505 ], [ -97.086745545169606, 49.836376362851908 ], [ -97.086668030800098, 49.836245934829321 ], [ -97.086243752584124, 49.835911891964287 ], [ -97.086157714656551, 49.835793473844873 ], [ -97.086070775222936, 49.835711493876325 ], [ -97.086052421776827, 49.835591763398284 ], [ -97.086109087995638, 49.8355024345137 ], [ -97.086177360575675, 49.8354862035156 ], [ -97.086263574178901, 49.835504986030877 ], [ -97.086395245695783, 49.835609576452093 ], [ -97.086433467838745, 49.835688321462378 ], [ -97.08653538864688, 49.835785129789144 ], [ -97.086690070216463, 49.835877948793851 ], [ -97.086858427060235, 49.835909891024116 ], [ -97.086956150451172, 49.835909074218939 ], [ -97.087317551978671, 49.835741801162349 ], [ -97.087611257554514, 49.835739358178415 ], [ -97.087706456043023, 49.835721477227601 ], [ -97.087787655880561, 49.835676306532577 ], [ -97.088061128027661, 49.835329480649591 ], [ -97.088190377679609, 49.83520975567442 ], [ -97.088288049606874, 49.835033267656108 ], [ -97.088315381039351, 49.834911861044688 ], [ -97.088243702245208, 49.834810345643241 ], [ -97.088097201111566, 49.834700652221329 ], [ -97.08804135782924, 49.834687579772954 ], [ -97.087954518169326, 49.834698297903579 ], [ -97.087504831310824, 49.834817941889099 ], [ -97.086836973940848, 49.834916623594495 ], [ -97.086602583740785, 49.834939485718451 ], [ -97.086346566030628, 49.83492553708399 ], [ -97.085804452461957, 49.834816597217376 ], [ -97.085612535431267, 49.834756143213376 ], [ -97.085442072926782, 49.834682503647194 ], [ -97.085383487629585, 49.834630154110322 ], [ -97.085364316031104, 49.834544780057797 ], [ -97.085383199395665, 49.834447189411733 ], [ -97.085442935110493, 49.834375270183742 ], [ -97.085629195198948, 49.834239131354785 ], [ -97.085741001449378, 49.834184038944251 ], [ -97.085959822314308, 49.834076214513885 ], [ -97.086590062399026, 49.833869640422328 ], [ -97.087346982716497, 49.833744309349925 ], [ -97.087577965947361, 49.833630777485212 ], [ -97.087910109828996, 49.83333387154844 ], [ -97.087928399130504, 49.833251199111828 ], [ -97.087887666920594, 49.833140820445934 ], [ -97.08773338847125, 49.833037941619736 ], [ -97.087464373669334, 49.832972746546915 ], [ -97.087186221257824, 49.832948713540851 ], [ -97.086823549470694, 49.832971888567286 ], [ -97.085641923002868, 49.8331964351731 ], [ -97.085025062513793, 49.833349760636288 ], [ -97.084866732663983, 49.833349574114649 ], [ -97.084487984043506, 49.833304083117888 ], [ -97.084374710743973, 49.833304640745709 ], [ -97.084108782050322, 49.833256500346685 ], [ -97.084024588944033, 49.833186715224187 ], [ -97.083800617228249, 49.83285111453246 ], [ -97.083855116011847, 49.832803064416815 ], [ -97.083999481209659, 49.832776289123565 ], [ -97.084146065302846, 49.832788433679632 ], [ -97.084741350044624, 49.83289583013255 ], [ -97.084858185182071, 49.832900191437517 ], [ -97.084968758155995, 49.832872856418696 ], [ -97.085342597490836, 49.832662051325421 ], [ -97.085468489166701, 49.832532205847215 ], [ -97.085489769659219, 49.832469024858668 ], [ -97.0854081654646, 49.832333667877201 ], [ -97.085174938351315, 49.832137133146603 ], [ -97.085000347303051, 49.832073145464072 ], [ -97.084385243460716, 49.831992154934738 ], [ -97.084215021942967, 49.831994201115833 ], [ -97.084064877584282, 49.831977137347607 ], [ -97.084002297211839, 49.83194450985583 ], [ -97.083981702985156, 49.831895217964245 ], [ -97.084016339486453, 49.831833646771628 ], [ -97.084181599663651, 49.831753404988461 ], [ -97.084568531627369, 49.831686548366768 ], [ -97.084735421415729, 49.831565019181063 ], [ -97.084775723744784, 49.831509443351194 ], [ -97.084727640797013, 49.831286458034491 ], [ -97.08481840346559, 49.831040424057122 ], [ -97.084896826035362, 49.830970896988156 ], [ -97.085318652939776, 49.830794908025695 ], [ -97.08570778231433, 49.830767314461916 ], [ -97.085910005785138, 49.830702262140711 ], [ -97.086020648724315, 49.830632225043416 ], [ -97.086089487807968, 49.830506296887954 ], [ -97.086058094236549, 49.830445023109725 ], [ -97.085899786046269, 49.830349365804743 ], [ -97.085725282571971, 49.830283297581616 ], [ -97.085558724808749, 49.830192711105354 ], [ -97.085337455509176, 49.829979015519264 ], [ -97.085190495781376, 49.829881461708922 ], [ -97.084979251796554, 49.829645017678246 ], [ -97.084884664122384, 49.829458064078231 ], [ -97.08481906111345, 49.829408063030314 ], [ -97.08475326777436, 49.829211135422881 ], [ -97.08452222066478, 49.829041367544754 ], [ -97.084410932905087, 49.829005504831891 ], [ -97.084282268367474, 49.829015528711842 ], [ -97.084164673105647, 49.829125721263672 ], [ -97.08396687569865, 49.829364082991169 ], [ -97.083846292293742, 49.829454784128195 ], [ -97.083773064900114, 49.829487943261164 ], [ -97.083493262929338, 49.829519768824198 ], [ -97.083331710961858, 49.829492794537835 ], [ -97.083203681050918, 49.829405272138608 ], [ -97.083186498718192, 49.829351176098008 ], [ -97.083219662448855, 49.829286109030747 ], [ -97.08343671170914, 49.829131041324374 ], [ -97.083685671819651, 49.829037603404643 ], [ -97.083736603925274, 49.828984633928442 ], [ -97.083740936858376, 49.828874998946667 ], [ -97.083617326466893, 49.828689300144262 ], [ -97.083421415446878, 49.828581213575063 ], [ -97.083072170713237, 49.828482741108722 ], [ -97.082461017070614, 49.828506651673841 ], [ -97.082281124032434, 49.828482149754542 ], [ -97.082078564691798, 49.828420124866568 ], [ -97.081990512089703, 49.828409033815312 ], [ -97.081519435586614, 49.828444891577327 ], [ -97.08144920182481, 49.828415954842953 ], [ -97.081399085074452, 49.828353328212977 ], [ -97.081460988813575, 49.828240133287778 ], [ -97.081647533083753, 49.828218572595425 ], [ -97.081840538480762, 49.828169344722468 ], [ -97.081984029987908, 49.828029765522125 ], [ -97.081983586940169, 49.82799769008205 ], [ -97.081982753661208, 49.827937362976456 ], [ -97.081942224849499, 49.82787801400822 ], [ -97.081782327322941, 49.827822943894688 ], [ -97.0816385031425, 49.827727867599762 ], [ -97.081602496916787, 49.827674848337303 ], [ -97.081586236616403, 49.827597506704507 ], [ -97.081608358101576, 49.827526702484249 ], [ -97.081722036176387, 49.827420613717713 ], [ -97.082166654237852, 49.827210643417018 ], [ -97.0822894245116, 49.826996733767146 ], [ -97.082214794115444, 49.826834757429616 ], [ -97.082129587781097, 49.826818071505507 ], [ -97.081918353422324, 49.826866998085038 ], [ -97.081554537930671, 49.827015109667144 ], [ -97.081314327289576, 49.827063912700652 ], [ -97.081147183260157, 49.827070173512901 ], [ -97.080991257803674, 49.827036690612495 ], [ -97.08087957672376, 49.826970266712877 ], [ -97.080594326365684, 49.826706203478494 ], [ -97.080568950680984, 49.826628710682364 ], [ -97.080606661579637, 49.826448805343269 ], [ -97.080668070228867, 49.826348100843724 ], [ -97.080891257404531, 49.826132731405536 ], [ -97.080978582817608, 49.825973783729175 ], [ -97.081133026849002, 49.825800324748485 ], [ -97.081247284852225, 49.82557099956238 ], [ -97.081448048270317, 49.825311861071235 ], [ -97.081684800199113, 49.825106088390271 ], [ -97.081756599218423, 49.824986807982462 ], [ -97.082188156911869, 49.824441599273477 ], [ -97.082458521438369, 49.824227007685948 ], [ -97.082518702404172, 49.824157180299991 ], [ -97.082608331834692, 49.82388543822249 ], [ -97.082538831884222, 49.82370236933113 ], [ -97.082406372310984, 49.823564432467379 ], [ -97.082302976928958, 49.823519324572416 ], [ -97.082165881029496, 49.823498655249544 ], [ -97.082012068052265, 49.823520758524445 ], [ -97.08106088576686, 49.823826144598726 ], [ -97.080876630986609, 49.823912316432668 ], [ -97.080669931850224, 49.823955413874657 ], [ -97.080417714357679, 49.823941861950452 ], [ -97.080198002229494, 49.823893436386712 ], [ -97.080123553626237, 49.823849153331651 ], [ -97.080087386408479, 49.823786757198008 ], [ -97.080100088672822, 49.823709895198881 ], [ -97.080248411520856, 49.823582509980064 ], [ -97.080438838413556, 49.823462418410728 ], [ -97.080680838199839, 49.823259512073896 ], [ -97.08114104748951, 49.822708879800501 ], [ -97.081223475989788, 49.822429381641662 ], [ -97.081339956411867, 49.822252169091186 ], [ -97.081415313824522, 49.822097123664733 ], [ -97.081454479346533, 49.82201656926906 ], [ -97.08152387113951, 49.821943799955335 ], [ -97.08155214745733, 49.821839421789889 ], [ -97.081517614009954, 49.821749279266911 ], [ -97.081443304661406, 49.8217015276079 ], [ -97.081311108251214, 49.821665662740543 ], [ -97.08119230654286, 49.8216574462447 ], [ -97.080154195431319, 49.821868689881221 ], [ -97.079555981611094, 49.821920225859287 ], [ -97.079289337715224, 49.821918930549884 ], [ -97.078408390497898, 49.821955358164153 ], [ -97.078163582009921, 49.82198532083369 ], [ -97.077908061797842, 49.821947059288611 ], [ -97.077729501929383, 49.821876051015884 ], [ -97.07758233459387, 49.821744113618749 ], [ -97.077543339898824, 49.821644869342393 ], [ -97.077621138935768, 49.821482641448611 ], [ -97.077855440247063, 49.821230314575566 ], [ -97.077903716411285, 49.821095370596971 ], [ -97.077868090270627, 49.821032982696373 ], [ -97.077467075093779, 49.820807262871661 ], [ -97.077111782033214, 49.820565288941431 ], [ -97.07707206014976, 49.820484432610897 ], [ -97.077069558640176, 49.820425718758308 ], [ -97.077119361078942, 49.820374122076686 ], [ -97.077356297733871, 49.82028535868217 ], [ -97.077710724598546, 49.820251314516412 ], [ -97.078171559716125, 49.820172513042657 ], [ -97.078380072927629, 49.820083276103574 ], [ -97.078425404877237, 49.820022578209489 ], [ -97.07848140339965, 49.819733269809809 ], [ -97.078457462700271, 49.819524915789636 ], [ -97.078351754510805, 49.819348881475833 ], [ -97.078183116532074, 49.819244362549689 ], [ -97.078074386037443, 49.819252974205078 ], [ -97.077893402330375, 49.819351693806148 ], [ -97.077811455432311, 49.819605159762339 ], [ -97.077625849509374, 49.819820452597853 ], [ -97.077556303840495, 49.819855751927584 ], [ -97.077426672362009, 49.819877208781811 ], [ -97.077230684314443, 49.819855483945005 ], [ -97.077032114765146, 49.819800184822078 ], [ -97.076861268978661, 49.819711489961435 ], [ -97.07675333184595, 49.819631691626938 ], [ -97.076731567684234, 49.819571616489654 ], [ -97.076745841080964, 49.819509362161881 ], [ -97.076800042499542, 49.819468601016268 ], [ -97.076892576720027, 49.81946249911848 ], [ -97.076996632639734, 49.819477071619637 ], [ -97.077226221912454, 49.81946525910088 ], [ -97.077315195158278, 49.819440697568076 ], [ -97.077463676569238, 49.819349771722599 ], [ -97.077573714225878, 49.81921342243011 ], [ -97.077600553892708, 49.819037156371188 ], [ -97.077550905226872, 49.8189766187242 ], [ -97.077467859319484, 49.818946425350795 ], [ -97.077286835336864, 49.818951406452456 ], [ -97.077061798178164, 49.819051476741961 ], [ -97.076923506259945, 49.819088412107163 ], [ -97.076703620829818, 49.8190527289687 ], [ -97.076291562587514, 49.818908847919268 ], [ -97.076231550333318, 49.818798491787042 ], [ -97.076286260492239, 49.818744893899044 ], [ -97.07648020886451, 49.818711660688109 ], [ -97.076741348841495, 49.818715995752072 ], [ -97.076904278747804, 49.818666624124241 ], [ -97.07696619249414, 49.818620783304318 ], [ -97.076990025219246, 49.818572121986001 ], [ -97.076961466772985, 49.818388098491845 ], [ -97.076828032599167, 49.81830256204519 ], [ -97.07658988415551, 49.818233690195072 ], [ -97.076505399277352, 49.818130562911392 ], [ -97.076438775143018, 49.817983991034524 ], [ -97.076408149076187, 49.817741502469332 ], [ -97.076460070368697, 49.817555237818183 ], [ -97.076675013411005, 49.81730363337639 ], [ -97.076725475293784, 49.817140605017507 ], [ -97.076733696791436, 49.817016356310319 ], [ -97.076728354647813, 49.816864996827974 ], [ -97.076762330674924, 49.816725302601604 ], [ -97.0767145289539, 49.816604734148115 ], [ -97.076627048878123, 49.816483506992832 ], [ -97.076496671841184, 49.816429266506283 ], [ -97.076294772657178, 49.816446744879848 ], [ -97.076188892962293, 49.81649185532595 ], [ -97.07605494908131, 49.816622251594104 ], [ -97.075947118305876, 49.816798217289637 ], [ -97.075851770624169, 49.816983062869888 ], [ -97.075768918943993, 49.817353857224042 ], [ -97.075672576786999, 49.817493019230071 ], [ -97.075513769099473, 49.817604444998551 ], [ -97.075347611085789, 49.817640568439664 ], [ -97.075142159539908, 49.81765277820876 ], [ -97.075054607456224, 49.817628062998963 ], [ -97.074984284551334, 49.817574818554704 ], [ -97.074958769985429, 49.817514680738597 ], [ -97.07492622393876, 49.817126383685626 ], [ -97.07503638912749, 49.816933477507853 ], [ -97.075384302931369, 49.81668833517503 ], [ -97.07538748285198, 49.816608189047599 ], [ -97.075242669768855, 49.816483386382103 ], [ -97.075109894917773, 49.816389261042595 ], [ -97.074927155103467, 49.816281057405753 ], [ -97.074538388775863, 49.816103681729992 ], [ -97.074227678646793, 49.81603404961092 ], [ -97.073872286493454, 49.815986417345144 ], [ -97.073656286232662, 49.815930554243415 ], [ -97.07353279983559, 49.815928696970786 ], [ -97.073414767968757, 49.815965962529404 ], [ -97.073356770489752, 49.816009251108021 ], [ -97.073330360829289, 49.816065934961181 ], [ -97.073375290905062, 49.816152435315253 ], [ -97.073522005680971, 49.816317328857316 ], [ -97.073572555952168, 49.816420699900803 ], [ -97.073610444413518, 49.816681677315756 ], [ -97.073562479131695, 49.816800419710113 ], [ -97.073380527146682, 49.816939626228645 ], [ -97.073239615586544, 49.817037218016239 ], [ -97.073128660055858, 49.817050900160503 ], [ -97.073014212824901, 49.817018158202224 ], [ -97.072880406071093, 49.816924298116128 ], [ -97.072604328036675, 49.8166530161933 ], [ -97.072338508787681, 49.81631325684527 ], [ -97.071970308470341, 49.816113706606437 ], [ -97.071663506661608, 49.815873098186707 ], [ -97.071443980975445, 49.81573211343369 ], [ -97.071411014170806, 49.815629710016033 ], [ -97.071541467243549, 49.815327126675498 ], [ -97.071520233745986, 49.815120174404385 ], [ -97.071257195685448, 49.814821714610417 ], [ -97.071160579779189, 49.814354924757922 ], [ -97.071200483355412, 49.814262432841353 ], [ -97.071316120749827, 49.814223203148885 ], [ -97.071439098960155, 49.814227863266474 ], [ -97.071599700797449, 49.814352694174154 ], [ -97.071845081002749, 49.814427329051398 ], [ -97.07211101571292, 49.814442315567739 ], [ -97.072247952816014, 49.814443440497605 ], [ -97.072358539012896, 49.81439144379474 ], [ -97.072558093787421, 49.814171544673826 ], [ -97.072731204900464, 49.813897503420208 ], [ -97.072752831056931, 49.813697864737556 ], [ -97.072698619852815, 49.813517317111355 ], [ -97.072634920319317, 49.813252591978539 ], [ -97.072571884983518, 49.813119005804182 ], [ -97.072513243792201, 49.813079010672361 ], [ -97.072364613973349, 49.81306601900345 ], [ -97.07203127067946, 49.813102104464541 ], [ -97.071834897530834, 49.813153510564064 ], [ -97.071264062680754, 49.813370467577379 ], [ -97.070784385914649, 49.813491390041683 ], [ -97.07013741956554, 49.813758887141944 ], [ -97.069680179466104, 49.813912744654267 ], [ -97.06949082606134, 49.814011358201938 ], [ -97.069352784474134, 49.814052034510908 ], [ -97.0691884975531, 49.814053664883744 ], [ -97.068976880826824, 49.814003173231377 ], [ -97.0684789016194, 49.813940855712424 ], [ -97.06827582508231, 49.81386270444974 ], [ -97.068166653814671, 49.813785535084804 ], [ -97.068147021560662, 49.813686207708294 ], [ -97.068215568079395, 49.81360559746652 ], [ -97.068412264717423, 49.81355022597878 ], [ -97.068678686490045, 49.813499289107874 ], [ -97.068811916787752, 49.81342727594032 ], [ -97.068841010978261, 49.81331114386137 ], [ -97.068809743463362, 49.813175785680379 ], [ -97.068790513645226, 49.813128239901943 ], [ -97.068768715582024, 49.813079736970373 ], [ -97.068723637402783, 49.812989933128343 ], [ -97.068692057381796, 49.812910248990292 ], [ -97.068669843734, 49.812839716172853 ], [ -97.068672849740054, 49.812764206639507 ], [ -97.068690671258111, 49.81270063782852 ], [ -97.068737772359313, 49.812634858525215 ], [ -97.068798872222686, 49.812566613985005 ], [ -97.068870727313524, 49.81250754387726 ], [ -97.068976315427804, 49.812439141246792 ], [ -97.069090339296395, 49.812403261817153 ], [ -97.069225593755831, 49.812357841369604 ], [ -97.069304781243815, 49.812324079736385 ], [ -97.06936590971479, 49.812290017119615 ], [ -97.069410833378754, 49.812243990690781 ], [ -97.069412621945702, 49.812199044515857 ], [ -97.069384917200537, 49.812170314581429 ], [ -97.069365897824696, 49.8121505913875 ], [ -97.069283182604011, 49.812127873706835 ], [ -97.069268270363736, 49.812123777955648 ], [ -97.069155606772398, 49.812125498483198 ], [ -97.069006855039916, 49.812160799175544 ], [ -97.068847377200854, 49.812221107442085 ], [ -97.068681805611604, 49.812294806704067 ], [ -97.068582174197772, 49.812318332388102 ], [ -97.068508549414531, 49.812317105000687 ], [ -97.06837668784803, 49.812312208080861 ], [ -97.068256089428772, 49.812268819460151 ], [ -97.068150026971338, 49.8122094817357 ], [ -97.06806085354971, 49.812149504236096 ], [ -97.06804443012949, 49.812138457920426 ], [ -97.067978008905072, 49.812095972408088 ], [ -97.067965126827858, 49.812035489767659 ], [ -97.06798330695014, 49.811962931838039 ], [ -97.068024350567214, 49.811909645079396 ], [ -97.068080280807848, 49.811866501257391 ], [ -97.068155300860909, 49.81183267091604 ], [ -97.068294972493362, 49.811781028569904 ], [ -97.068404577369293, 49.811751372776705 ], [ -97.068468233467698, 49.811723649410212 ], [ -97.068534030148371, 49.811677071780466 ], [ -97.068609908447542, 49.811621666981011 ], [ -97.068805628269374, 49.811454020788737 ], [ -97.068870428721084, 49.811397531646321 ], [ -97.068894938271228, 49.811375452178837 ], [ -97.068907760193795, 49.811355961218652 ], [ -97.06894820247237, 49.811294483674324 ], [ -97.068941877637528, 49.811208923879363 ], [ -97.068910441449518, 49.811125644093487 ], [ -97.068823935534169, 49.81106393437171 ], [ -97.068732010126624, 49.811033617437175 ], [ -97.068612933791812, 49.811056819003795 ], [ -97.068498626481954, 49.811099889390462 ], [ -97.068383209511254, 49.811170826278328 ], [ -97.068255927655017, 49.811260455139937 ], [ -97.068125587586835, 49.811322147754296 ], [ -97.068018267544943, 49.811329353386959 ], [ -97.067965721941107, 49.811322424132079 ], [ -97.067885520786476, 49.811311847855393 ], [ -97.067754843461017, 49.81127728580767 ], [ -97.067652163448372, 49.811237793453529 ], [ -97.067570821572701, 49.811186063637827 ], [ -97.067530050561231, 49.811127814323022 ], [ -97.067527407168797, 49.811097127187345 ], [ -97.067526248551786, 49.811083674431828 ], [ -97.067518565659071, 49.811032273648493 ], [ -97.067511491465453, 49.810965591178714 ], [ -97.067464383873144, 49.810891944305155 ], [ -97.067404881914371, 49.810815392102946 ], [ -97.067321793819303, 49.810772628175521 ], [ -97.067217089037797, 49.810714211730001 ], [ -97.067124778957094, 49.810658700533025 ], [ -97.067021924654796, 49.81058130702251 ], [ -97.066925059855421, 49.810462424911258 ], [ -97.066924389546614, 49.810375358653182 ], [ -97.067002604067952, 49.810247643554419 ], [ -97.066994936666035, 49.810145728154573 ], [ -97.066959047392132, 49.810085530110463 ], [ -97.066877117092631, 49.810029474645766 ], [ -97.066759139738835, 49.809980946922032 ], [ -97.066726097176456, 49.809967355458646 ], [ -97.066573259292213, 49.809855651300992 ], [ -97.066431308329385, 49.809756405632186 ], [ -97.06633165836665, 49.809660321206415 ], [ -97.06623638727153, 49.809549577379656 ], [ -97.066233199027337, 49.809503477984336 ], [ -97.065981627882465, 49.808932006155075 ], [ -97.061192671076583, 49.810604963131574 ], [ -97.061005242100265, 49.810670432464292 ], [ -97.060817812624236, 49.810735901487007 ], [ -97.047024070212643, 49.815552718934377 ], [ -97.029545972761539, 49.821569161053439 ], [ -97.026819653193158, 49.822251602395006 ], [ -97.02566823172576, 49.822426597126103 ], [ -97.025913241141538, 49.821822474147645 ], [ -97.026328147062827, 49.820799398132138 ], [ -97.026405989196277, 49.820607449634714 ], [ -97.026676847627144, 49.820658922977856 ], [ -97.026675063466655, 49.81973103265279 ], [ -97.026674720957715, 49.819552930252406 ], [ -97.026609753451282, 49.819552664550017 ], [ -97.026322848194013, 49.812018110382162 ], [ -97.026353433192767, 49.804808274067227 ], [ -97.026364658536366, 49.802585183029166 ], [ -97.026391315754623, 49.797341268068209 ], [ -97.038610821419041, 49.7973528351285 ], [ -97.044028563220934, 49.795007332907808 ], [ -97.044484127383726, 49.794810091314815 ], [ -97.045823231397122, 49.794230270677915 ], [ -97.047109314709431, 49.793673379137175 ], [ -97.048699426223394, 49.79298480160044 ], [ -97.04910660554161, 49.792808471437965 ], [ -97.049092137067873, 49.7890251613358 ], [ -97.04907902119669, 49.78559694211161 ], [ -97.049077141443362, 49.785105722473041 ], [ -97.049073204823586, 49.784077088457451 ], [ -97.049069953361695, 49.78305557681032 ], [ -97.048934034151941, 49.783054662948416 ], [ -97.043451802161556, 49.783017985934869 ], [ -97.043441140166721, 49.776146612656149 ], [ -97.0438598187081, 49.776006823604575 ], [ -97.043859669086984, 49.775976390084949 ], [ -97.047891363668285, 49.774630752499625 ], [ -97.048264023330532, 49.774506360822663 ], [ -97.048481138842433, 49.774433856065492 ], [ -97.050028505103981, 49.773917098248617 ], [ -97.057092235143244, 49.771557694330241 ], [ -97.0581408418347, 49.771207385379341 ], [ -97.079772620278263, 49.763977562512729 ], [ -97.080153200061318, 49.76385030897773 ], [ -97.083567846180287, 49.762708469004153 ], [ -97.083546958166451, 49.761472948344981 ], [ -97.083504690347468, 49.75897297750506 ], [ -97.083483590035328, 49.757724928495648 ], [ -97.083462463001368, 49.756475237160053 ], [ -97.083443064788042, 49.75532788719638 ], [ -97.083439643066271, 49.755125436270198 ], [ -97.08342029852642, 49.75398127217008 ], [ -97.083417138483185, 49.75379239938465 ], [ -97.08340798031864, 49.753245095659025 ], [ -97.0830843453179, 49.753245234695058 ], [ -97.081931772526914, 49.753245721780033 ], [ -97.082628599214118, 49.753011740397923 ], [ -97.083045387237675, 49.752871469862221 ], [ -97.084188380543011, 49.752486463830074 ], [ -97.098257331701475, 49.747746039413066 ], [ -97.10640349586636, 49.745000037149332 ], [ -97.112067201665155, 49.743090325062433 ], [ -97.112448097906551, 49.742961877404802 ], [ -97.121009109381532, 49.740074377812036 ], [ -97.121773330037726, 49.739816569801128 ], [ -97.125464003191638, 49.73857141971245 ], [ -97.126387108141316, 49.738259956091277 ], [ -97.128007011049746, 49.737713359112689 ], [ -97.12899083694272, 49.737381373735381 ], [ -97.129005052048953, 49.737533085514954 ], [ -97.128917059608824, 49.738189339498888 ], [ -97.128737911140249, 49.738884789473673 ], [ -97.128459317950984, 49.739648350344595 ], [ -97.128125200096505, 49.740270414599699 ], [ -97.127802897487499, 49.74086478157917 ], [ -97.127609819102318, 49.741362469455602 ], [ -97.127474707172283, 49.741891305476734 ], [ -97.127383764391865, 49.742437123092586 ], [ -97.127371489760463, 49.743035339340061 ], [ -97.127428207317109, 49.743657910483634 ], [ -97.127546386883168, 49.744221052813195 ], [ -97.127721015600216, 49.744761868147172 ], [ -97.127943358479584, 49.745274405184567 ], [ -97.128155835231325, 49.745637579883947 ], [ -97.128727145042035, 49.746574534210083 ], [ -97.129244191051683, 49.747257991376721 ], [ -97.129826438115487, 49.747925069427453 ] ] ] } },
{ "type": "Feature", "properties": { "cluster": "Transcona", "neighbourhood_count": 14, "neighbourhoods": "Canterbury Park; Griffin; Kern Park; Kildare-Redonda; Meadows; Melrose; Mission Gardens; Peguis; Radisson; Regent; Transcona North; Transcona South; Transcona Yards; Victoria West" }, "geometry": { "type": "Polygon", "coordinates": [ [ [ -97.063599288177642, 49.892820032704442 ], [ -97.063900497963388, 49.892873930879652 ], [ -97.071165355321085, 49.894173624784678 ], [ -97.070743525729199, 49.895223478604478 ], [ -97.069941937701955, 49.896364882035122 ], [ -97.069338192267153, 49.897484019775725 ], [ -97.069042445026966, 49.89817009191303 ], [ -97.068952361124786, 49.898344904830417 ], [ -97.068343792133007, 49.89952583136423 ], [ -97.068020575100334, 49.900267328446219 ], [ -97.067574525441955, 49.900911955282943 ], [ -97.067130642654647, 49.901502061563868 ], [ -97.066186891822056, 49.902578276145483 ], [ -97.063225413949269, 49.905955054779092 ], [ -97.061511097481684, 49.906938551826634 ], [ -97.059061290579365, 49.907768349793983 ], [ -97.0582062757599, 49.908474935880264 ], [ -97.056879084346804, 49.91042217036172 ], [ -97.056771713431871, 49.910579695567293 ], [ -97.047464848717325, 49.91208637810135 ], [ -97.047041734625736, 49.912154855692286 ], [ -97.035733610522271, 49.913979373237453 ], [ -97.034452616105213, 49.914186590913346 ], [ -97.025400389351475, 49.915650451218006 ], [ -97.024979858726866, 49.915718436941859 ], [ -97.024975782525658, 49.915917676023327 ], [ -97.024659379982282, 49.915915826589114 ], [ -97.022966440777651, 49.915905913417163 ], [ -97.013775899015783, 49.915851665295456 ], [ -97.013277280690119, 49.915848647024205 ], [ -97.012778661134206, 49.915845625685968 ], [ -97.012280043058283, 49.915842603126499 ], [ -97.011781423715277, 49.915839578399122 ], [ -97.006759463504977, 49.91580899141578 ], [ -97.00379106541844, 49.915790809644321 ], [ -97.002578894530998, 49.915783362033324 ], [ -97.002157837258551, 49.9157811228973 ], [ -97.001812539667071, 49.915779352867595 ], [ -97.000886057482703, 49.915774677794367 ], [ -96.99856182711612, 49.915762713013898 ], [ -96.99834966590322, 49.915761618073148 ], [ -96.997187403451917, 49.915755615322162 ], [ -96.996729134283072, 49.915753245389212 ], [ -96.996449082045572, 49.915751795924336 ], [ -96.996236921004964, 49.91575069801668 ], [ -96.996024760022678, 49.915749598821954 ], [ -96.995812597669399, 49.915748499214949 ], [ -96.995600436691987, 49.915747400142685 ], [ -96.99538827577291, 49.915746299783358 ], [ -96.995176114837633, 49.915745199934683 ], [ -96.994963953960763, 49.915744098798967 ], [ -96.994751791675625, 49.915742998149831 ], [ -96.994539630840919, 49.915741896237783 ], [ -96.994327469990026, 49.915740794836232 ], [ -96.994115309197539, 49.915739692147696 ], [ -96.993903148388867, 49.915738589969848 ], [ -96.993690987638601, 49.915737486505023 ], [ -96.993478825480096, 49.915736383526557 ], [ -96.993266664772079, 49.915735279285236 ], [ -96.993054504047876, 49.91573417555469 ], [ -96.992842343382137, 49.915733070536945 ], [ -96.992630182700196, 49.915731966029803 ], [ -96.99241802068471, 49.915730860211582 ], [ -96.992205860045033, 49.915729754928144 ], [ -96.991925808401533, 49.915728294538397 ], [ -96.9909498688436, 49.915723200521036 ], [ -96.990841401203227, 49.915722610095031 ], [ -96.990555250521624, 49.915721051993302 ], [ -96.97974886147108, 49.915661694560882 ], [ -96.979328742499476, 49.915658378859085 ], [ -96.977141413074079, 49.915641089812858 ], [ -96.968048769065561, 49.915568739967846 ], [ -96.966386698265396, 49.915555606546882 ], [ -96.962376070618873, 49.908037591498086 ], [ -96.958360228308408, 49.900508678600843 ], [ -96.95806103170294, 49.899947461503182 ], [ -96.957182086281549, 49.898298705733566 ], [ -96.95674687004221, 49.89748226832377 ], [ -96.956541213995607, 49.886443577648599 ], [ -96.956529423018139, 49.885812608227589 ], [ -96.966977706175911, 49.885815966766614 ], [ -96.967958170774466, 49.88581561605546 ], [ -96.9681677136996, 49.885815657900594 ], [ -96.968376439652587, 49.885815816825158 ], [ -96.97980609609796, 49.885820417411779 ], [ -96.9810779569587, 49.885821194644045 ], [ -96.981076540063881, 49.883757378582104 ], [ -96.981074292324948, 49.878400785706241 ], [ -96.981070126709241, 49.870933744247367 ], [ -96.992687577488184, 49.870938932898447 ], [ -97.004252040127284, 49.870945658936222 ], [ -97.026810520712758, 49.870939032665724 ], [ -97.02681094038968, 49.871119869206495 ], [ -97.026950853099436, 49.87111981438661 ], [ -97.026970301716645, 49.878400328944679 ], [ -97.027110148253698, 49.878400269564473 ], [ -97.028021926632292, 49.878399889985694 ], [ -97.029987469015154, 49.878399048162876 ], [ -97.029991442981427, 49.880210474303794 ], [ -97.029991801227325, 49.880390258821272 ], [ -97.029995052650534, 49.881954063809737 ], [ -97.029995166399971, 49.882008014914945 ], [ -97.029995199192982, 49.882023374305042 ], [ -97.030000044097591, 49.884296591832637 ], [ -97.030000503942915, 49.884512378189328 ], [ -97.030001543964929, 49.885000558923828 ], [ -97.030974366847829, 49.885000263811456 ], [ -97.030975776433138, 49.885630473921935 ], [ -97.030976204846752, 49.885822277133379 ], [ -97.030983895884589, 49.886000399201549 ], [ -97.033721786166282, 49.885897651266262 ], [ -97.034141815284343, 49.887597420412909 ], [ -97.035207427285016, 49.88773558481077 ], [ -97.063298079083722, 49.892766133753902 ], [ -97.063599288177642, 49.892820032704442 ] ] ] } }
]
}
