{
"type": "FeatureCollection",
"name": "WpgNeighbourhoods",
"crs": { "type": "name", "properties": { "name": "urn:ogc:def:crs:OGC:1.3:CRS84" } },
"features": [
{ "type": "Feature", "properties": { "ID": 1452, "Name": "Agassiz", "Cluster": "Fort Garry South", "Location": "MULTIPOLYGON (((-97.14272349505347 49.82164165669384, -97.1438419231528 49.82145088065504, -97.14679394853059 49.82094727913431, -97.15097897341536 49.82012956576084, -97.15275557872094 49.819872412594904, -97.15267830937486 49.81902354778946, -97.1524114143811 49.81851539851339, -97.1517926096808 49.818096520499004, -97.15084863273886 49.81789338561736, -97.15003955454092 49.817595326763765, -97.14920793715233 49.81717468668177, -97.14850798424736 49.81667563342505, -97.14788888262395 49.816089748041875, -97.14672197121966 49.81465445753179, -97.1463483638708 49.81398526263825, -97.14592013542301 49.812565856185074, -97.14545744180136 49.81176444363785, -97.14480422090826 49.811140815649686, -97.14400032517881 49.81059268528436, -97.14377188869184 49.81066854488647, -97.14178920968932 49.81133939719532, -97.14085108834324 49.8116568203007, -97.13992088790725 49.811971552032496, -97.13800352984717 49.81262024945342, -97.13691741083724 49.813005130004576, -97.1383615524978 49.81330211257292, -97.13939428747123 49.813603427008886, -97.14028528740633 49.81413010851311, -97.14089916742519 49.814558264424946, -97.14123192585697 49.81496563999806, -97.14160079196176 49.81560249898421, -97.14181986505444 49.81625903162473, -97.14190871653118 49.816846082089405, -97.14197689265771 49.818394899761095, -97.14203185761211 49.8190697150807, -97.14213939343398 49.81982554813679, -97.14231642557507 49.820548798548984, -97.14272349505347 49.82164165669384)))", "lon": -97.145011886936473, "lat": 49.816534779435209 }, "geometry": { "type": "Polygon", "coordinates": [ [ [ -97.1427235, 49.8216417 ], [ -97.1412319, 49.8149656 ], [ -97.1369174, 49.8130051 ], [ -97.144000300000016, 49.8105927 ], [ -97.1454574, 49.8117644 ], [ -97.1478889, 49.8160897 ], [ -97.1524114, 49.8185154 ], [ -97.1527556, 49.8198724 ], [ -97.1427235, 49.8216417 ] ] ] } },
{ "type": "Feature", "properties": { "ID": 435, "Name": "Airport", "Cluster": "St. James-Assiniboia East", "Location": "MULTIPOLYGON (((-97.22530106327508 49.916443566823084, -97.22548984157416 49.916583883518406, -97.22714947163574 49.91781693309847, -97.22943646909935 49.919515954991084, -97.22985675834103 49.919828178831914, -97.22985705970383 49.916583702937885, -97.24108894439813 49.916579079402936, -97.24162997330127 49.91657882922019, -97.24373419379133 49.91657783217919, -97.24585999866368 49.91657678612762, -97.24837818235557 49.91657549655899, -97.25007234486162 49.9165745981947, -97.25021264697256 49.91657452268665, -97.25267519753815 49.91657316974029, -97.2551377504483 49.91657176448346, -97.25527805315112 49.91657168284466, -97.25697934535506 49.91657067938981, -97.25849568519104 49.91656976398032, -97.26016074872093 49.916568735939855, -97.26178474365092 49.916567710218665, -97.26187682095451 49.91656765138077, -97.26192267798103 49.91656762205063, -97.26355095588008 49.91656656884704, -97.26414324543697 49.90950079813955, -97.26415320072178 49.9093819636251, -97.26470693393455 49.90277108053194, -97.2647222477827 49.90258822255848, -97.26473425146739 49.90244976184034, -97.26462510621849 49.90245695659447, -97.26463764801002 49.90231839558379, -97.26480868344039 49.900427845226076, -97.2649309788307 49.89907593779149, -97.26335972888427 49.89901786741913, -97.2632877308392 49.899015205736376, -97.2632157328032 49.89901254400897, -97.26321101426458 49.89906533937486, -97.26236376962255 49.899034926799686, -97.26111246670081 49.89898774552252, -97.26068892490692 49.89897197675086, -97.25890778470466 49.89890579178469, -97.25836065162511 49.89888545616622, -97.25834976331072 49.899009678760066, -97.25826103384205 49.899006273261996, -97.2576257381768 49.89898188769569, -97.25467480168327 49.89886857172413, -97.25476369294283 49.89785649931421, -97.2548127177701 49.89729831334487, -97.25484315681257 49.89695173359064, -97.25497876320472 49.895407637042574, -97.2570987826161 49.89548917982529, -97.25801721055089 49.8955244929308, -97.25865225115355 49.89554890601052, -97.25888398869354 49.8929108141939, -97.2589324242894 49.89235760616444, -97.25912741576994 49.89013684476747, -97.25912769774482 49.89013363061187, -97.25916728252948 49.88968240983103, -97.25917695145004 49.88957251986485, -97.23721814124703 49.888684541520036, -97.2284270142637 49.88834225700254, -97.22267149570935 49.88811780115692, -97.22249604397143 49.889963289505964, -97.22236904053445 49.88995818519547, -97.22197109678675 49.88994219028268, -97.22195822538411 49.890078955464475, -97.22189048926457 49.89007623261461, -97.22149254474806 49.89006023605029, -97.22147967198693 49.89019700026219, -97.2212256641903 49.89018678926437, -97.22082750773521 49.890170781770124, -97.22081466363846 49.890307547253684, -97.22074691778094 49.89030493062703, -97.22032096746793 49.89028847319711, -97.2203015301501 49.890493615116675, -97.22004741089975 49.890484618647726, -97.2196206605304 49.89046951000046, -97.21960118818156 49.89067465037271, -97.21953342275665 49.89067225041612, -97.21910662783995 49.890657138298934, -97.21910171792995 49.89070877668133, -97.21909196152598 49.89081138611396, -97.21908712263709 49.89086227718454, -97.2188330031391 49.89085327805639, -97.2184060803844 49.89083815870247, -97.21839307489638 49.89097491785603, -97.21832530909658 49.890972518088304, -97.21794236129207 49.890958953922436, -97.21791371711105 49.89095793928285, -97.21790380362494 49.891063773908215, -97.21781965055428 49.89106059340009, -97.21735367882752 49.89604091934257, -97.2171841335321 49.896035743036784, -97.21717604344755 49.89612213983105, -97.21715478605842 49.89634913996306, -97.21711637333343 49.896759362124044, -97.21707646558109 49.89718553089091, -97.21724596347993 49.897191252150286, -97.21699812925137 49.899846314735164, -97.21682872791546 49.89984115807153, -97.21449812547401 49.8997701881123, -97.21431292749902 49.899764546810125, -97.21415088037273 49.90168085750858, -97.21255982749642 49.90163223509229, -97.21254959593877 49.90174163678231, -97.21222514747093 49.905210531760424, -97.21210489479988 49.9052198779937, -97.21209710463845 49.905330636519075, -97.21208931443468 49.90544139504152, -97.21207638186213 49.90562526131699, -97.21190552858192 49.90563829037728, -97.21139513295272 49.912891901997746, -97.21156482016431 49.912896836658916, -97.21239135034183 49.91292096604242, -97.21319668843597 49.912944471480095, -97.2139384482683 49.912966115766174, -97.21478617436802 49.912990846027284, -97.21563390146393 49.91301557099763, -97.21648162823 49.91304028885783, -97.21690549269495 49.91305264547747, -97.21717931043356 49.913060627144205, -97.21777592242093 49.91298038241047, -97.2179859175279 49.912952137123376, -97.21798987485397 49.9164484223007, -97.22530106327508 49.916443566823084)))", "lon": -97.238412384302194, "lat": 49.90346705804663 }, "geometry": { "type": "Polygon", "coordinates": [ [ [ -97.2253011, 49.9164436 ], [ -97.2179899, 49.9164484 ], [ -97.2179859, 49.9129521 ], [ -97.2113951, 49.9128919 ], [ -97.2125598, 49.9016322 ], [ -97.2141509, 49.9016809 ], [ -97.2143129, 49.8997645 ], [ -97.2169981, 49.8998463 ], [ -97.2178197, 49.8910606 ], [ -97.222496, 49.8899633 ], [ -97.2226715, 49.8881178 ], [ -97.259177, 49.8895725 ], [ -97.2586523, 49.8955489 ], [ -97.254978799999989, 49.8954076 ], [ -97.254674799999989, 49.8988686 ], [ -97.264931, 49.8990759 ], [ -97.263551, 49.9165666 ], [ -97.2298571, 49.9165837 ], [ -97.2298568, 49.9198282 ], [ -97.2253011, 49.9164436 ] ] ] } },
{ "type": "Feature", "properties": { "ID": 1252, "Name": "Alpine Place", "Cluster": "St. Vital North", "Location": "MULTIPOLYGON (((-97.09903454641417 49.84884350681654, -97.0988488112727 49.848907196737066, -97.09847439691487 49.84903558469559, -97.09841419149585 49.84905622915064, -97.09741794203036 49.84939783800337, -97.09723073204627 49.84946202978725, -97.09704352018191 49.84952622123936, -97.0967951294363 49.849611389932114, -97.09573965391291 49.84997327979952, -97.09569614084991 49.84997519599739, -97.09571087938686 49.8501151234947, -97.0958317222422 49.8503601291257, -97.09593851655733 49.8506757267452, -97.09603469135541 49.85107030482965, -97.09629789874631 49.85135444896864, -97.09662931455196 49.851610897567184, -97.09692238498792 49.85196878383948, -97.09709688095691 49.85202372492718, -97.09724645843775 49.85200222612017, -97.09747937175024 49.85180017755619, -97.09768557157868 49.85151263307122, -97.09781242619873 49.85137237514774, -97.09809735024201 49.8512267264458, -97.09850395815155 49.851127164472395, -97.09877488261709 49.851105571701325, -97.09891865040619 49.851149937964855, -97.09899347425997 49.851227195891596, -97.0989911088969 49.85132853107976, -97.0990833687233 49.85174144232038, -97.09904547705636 49.85203661060184, -97.098931592208 49.85216111274208, -97.09854909402222 49.85235758540702, -97.09794393969412 49.85271357304164, -97.09771111767876 49.852803834909516, -97.09740118179384 49.852875124586774, -97.0972829564859 49.85289123645573, -97.09717165581843 49.85288142406607, -97.09684916616558 49.852793848912725, -97.0966762489039 49.852698661539556, -97.0965085855841 49.85263376409645, -97.09642495728936 49.852630307419595, -97.09634627732791 49.85265123395203, -97.09628897090357 49.85268848141627, -97.09607632011556 49.853057849846536, -97.09617384732933 49.853335805025615, -97.09625419623458 49.85345592904171, -97.09619328591347 49.853562732112415, -97.0961183677715 49.8535930357499, -97.09566288908556 49.85358041848193, -97.09550665417119 49.853630652853646, -97.09547995887151 49.8536749490089, -97.09554682840569 49.85373398324432, -97.09599620189769 49.853901972633196, -97.09615652271309 49.8539786757221, -97.09633015046671 49.85412086606689, -97.09639857679727 49.85414032402264, -97.09653450552067 49.854116155821785, -97.09706114768986 49.85376105896754, -97.09712543901446 49.85368364530002, -97.09728807764878 49.853585845601195, -97.09743245721835 49.85354861465394, -97.09751375502094 49.85355801625115, -97.09758896458008 49.85360691919545, -97.09770538920554 49.853732767897256, -97.09776566659473 49.853873095395194, -97.09778398560887 49.85404206848305, -97.09773950550378 49.85416380919576, -97.09773402465467 49.8544189278859, -97.09761944769001 49.85493919811909, -97.09757204381175 49.85501982270583, -97.0972723329847 49.855286244815446, -97.09692946062427 49.855409685913614, -97.09648580277737 49.85549993622386, -97.09627792801035 49.855594058287885, -97.09611139008872 49.85570425960915, -97.09604221437597 49.85579039276224, -97.0959971045527 49.85595685730235, -97.09606839860967 49.85610543358127, -97.09614075948923 49.85616801851051, -97.09621101297131 49.856228780555945, -97.09639129012973 49.8564906173175, -97.09648711985312 49.85656332709946, -97.09665679136721 49.85674871999046, -97.09669613534663 49.856873303654815, -97.09679330058312 49.85693494545719, -97.09682783873626 49.85695686931296, -97.0970557699833 49.85716081891762, -97.0972354755868 49.85735077583125, -97.09722068824978 49.857525072220746, -97.09712980738418 49.85755731450585, -97.09666599179789 49.857582699091374, -97.096114222231 49.857536967924105, -97.09566141496043 49.85745545906844, -97.09537615505285 49.85746910524003, -97.09510662151041 49.857573212241185, -97.09494769236822 49.85769160390305, -97.09486079598034 49.85782437996181, -97.09762620753963 49.857804898586814, -97.10129019195888 49.85664981410813, -97.10392700534817 49.855300735819924, -97.10090803663468 49.85133930790825, -97.09925056150696 49.84918051051849, -97.09903454641417 49.84884350681654)))", "lon": -97.099276408389343, "lat": 49.853732303537186 }, "geometry": { "type": "Polygon", "coordinates": [ [ [ -97.0990345, 49.8488435 ], [ -97.103927, 49.8553007 ], [ -97.0976262, 49.8578049 ], [ -97.0948608, 49.8578244 ], [ -97.0972207, 49.8575251 ], [ -97.0959971, 49.8559569 ], [ -97.097734, 49.8544189 ], [ -97.0975138, 49.853558 ], [ -97.0963986, 49.8541403 ], [ -97.0955067, 49.8536307 ], [ -97.0990834, 49.851741399999987 ], [ -97.098504, 49.8511272 ], [ -97.0969224, 49.8519688 ], [ -97.095696100000012, 49.8499752 ], [ -97.0990345, 49.8488435 ] ] ] } },
{ "type": "Feature", "properties": { "ID": 555, "Name": "Amber Trails", "Cluster": "Seven Oaks West", "Location": "MULTIPOLYGON (((-97.18357283433912 49.97196353110339, -97.1841082922463 49.9716576953816, -97.19068385849712 49.968021777651636, -97.18954663125896 49.96720257006929, -97.18851659757335 49.96659082339089, -97.18432719634384 49.96524449766571, -97.18186501601183 49.96437651911244, -97.18049481600397 49.96393582292009, -97.16101862488907 49.95767223212507, -97.16101807868874 49.96809567998849, -97.16122821753072 49.96816322454736, -97.1733473711434 49.97205770038832, -97.17447245320439 49.972370620479886, -97.17583329669777 49.97263108853416, -97.17722196379319 49.972777133751855, -97.17853564324564 49.972810630000346, -97.17986091216979 49.97274289718676, -97.18118271957968 49.97257086447315, -97.18237439328637 49.972319728472144, -97.18357283433912 49.97196353110339)))", "lon": -97.173349482251197, "lat": 49.966358831134187 }, "geometry": { "type": "Polygon", "coordinates": [ [ [ -97.1835728, 49.9719635 ], [ -97.1758333, 49.9726311 ], [ -97.1610181, 49.9680957 ], [ -97.1610186, 49.9576722 ], [ -97.188516600000014, 49.9665908 ], [ -97.1906839, 49.9680218 ], [ -97.1835728, 49.9719635 ] ] ] } },
{ "type": "Feature", "properties": { "ID": 1164, "Name": "Archwood", "Cluster": "St. Boniface East", "Location": "MULTIPOLYGON (((-97.10365888606574 49.87482483341192, -97.1031383445792 49.87460588371025, -97.10269261819892 49.874368314513525, -97.1024327875382 49.87419392236523, -97.10241711385635 49.8741305971715, -97.10245020293475 49.874068070321606, -97.1025409393183 49.87404022158319, -97.10334702452343 49.87400061365058, -97.1038446274888 49.87389875207974, -97.10408014283371 49.873824869143036, -97.1042547358814 49.87368398728425, -97.10456000406796 49.87316169730001, -97.10458905529708 49.87305730254344, -97.10451270252398 49.87294971732235, -97.10434123931846 49.87289484481108, -97.10418011254568 49.872923743660515, -97.10364165352229 49.873228811042075, -97.1034670316831 49.873370424872014, -97.10329582582023 49.87342482502069, -97.10314022372847 49.87339954452342, -97.10304666267298 49.87329681018735, -97.10303540956214 49.87323649084407, -97.10307132687817 49.873014871918386, -97.1030516637525 49.87282167754495, -97.10299210879734 49.872748833944854, -97.10287417513273 49.872688968524784, -97.10274955169996 49.872683995157956, -97.10265044925038 49.87272270743515, -97.10254818690562 49.87284203703133, -97.10242152351402 49.87288909817647, -97.10222511356459 49.87289174919077, -97.10109263881371 49.87274779676224, -97.1009342003902 49.87267919881597, -97.10086021107645 49.872309108443595, -97.10074137827974 49.87198301787959, -97.10073033644423 49.87180169800702, -97.10063197436965 49.871474476034116, -97.10067176866367 49.871385658729736, -97.10074125945528 49.871320795441875, -97.10096624494066 49.87125481320803, -97.10108517884107 49.87128902953787, -97.10117115500596 49.87135350675051, -97.10135775250416 49.871716641450234, -97.10146479957753 49.87182253154023, -97.10172382732362 49.87193017746103, -97.101906510843 49.87193023594466, -97.1026578321351 49.87175259854271, -97.10275716233647 49.871708023143945, -97.10285636444887 49.87157984299396, -97.1027311479258 49.87118471453889, -97.10273984817464 49.87107852034776, -97.1028842656509 49.87078094173546, -97.1030080427729 49.870315086586004, -97.1031331790188 49.870075127187754, -97.1030725946378 49.869912797296706, -97.10296735580512 49.86987660708156, -97.10198742038229 49.8698664303966, -97.10165848473245 49.8698346423709, -97.10159724000543 49.869805038330085, -97.10155075181932 49.86974634172289, -97.10153947733139 49.86957088491548, -97.10156102261757 49.86919502608609, -97.10140459012712 49.868467907592866, -97.10122898498683 49.86808515219445, -97.10129776221478 49.867806870160315, -97.10126401010824 49.867683846690305, -97.1011036807705 49.8675770833309, -97.10083018001627 49.86749193272471, -97.10066201082229 49.86746937627374, -97.10038820032938 49.86753675769715, -97.10035420946231 49.86759340237972, -97.1003720275534 49.867717631676655, -97.10051038092814 49.867835036232165, -97.10058351313236 49.86799537314054, -97.1005444242564 49.868095202356415, -97.10030790915184 49.86822406341031, -97.09990460941842 49.868381724098825, -97.09979555097638 49.86844300475572, -97.09965233651081 49.8684494568962, -97.09955097738832 49.868430194354886, -97.09936263082203 49.86834350315911, -97.09922812386974 49.86824376087453, -97.09913535770163 49.86812123562111, -97.09908420528693 49.86795025793543, -97.09914767192426 49.86780756098053, -97.09931910235973 49.86763143347866, -97.09936852301722 49.86741297032283, -97.09936044940332 49.86723308617244, -97.09928611752234 49.8672331406811, -97.09896312497162 49.867233376982455, -97.09807280386839 49.86723402382414, -97.095952987296 49.867235537935535, -97.09584439026666 49.86715914126003, -97.09567106611422 49.867150284763525, -97.09548700953982 49.867235865669, -97.09534761992111 49.86723596331521, -97.09356846303344 49.86723719493483, -97.091374907589 49.86723867582229, -97.0912099431793 49.86723878551246, -97.09319213196396 49.87098784079466, -97.09444630862781 49.873473340503786, -97.0951319731922 49.874831240413315, -97.09644296395078 49.877372780860775, -97.09879084205764 49.881923787040016, -97.10487808905778 49.88212716607869, -97.10487006675194 49.88202424221342, -97.10494388835959 49.88190664852197, -97.10506850027237 49.881796450201044, -97.10510251404897 49.88171049132619, -97.10502233668693 49.88138065757231, -97.10498720657156 49.881351484731326, -97.10493375261086 49.88135348862488, -97.10446108268445 49.88125043133263, -97.10395454529264 49.881115341759404, -97.10350966779629 49.88108818847135, -97.1030549343444 49.88087615101729, -97.10299464335506 49.8805898986915, -97.10314139115097 49.88049481361592, -97.10328776318048 49.880494241166666, -97.10378921878096 49.880556675124474, -97.10433133725563 49.88059495060988, -97.10446096122543 49.88058825715643, -97.10509193321458 49.88044452006338, -97.10554925692023 49.880270871840544, -97.10565877608475 49.88020008638313, -97.10572163763769 49.88007206076593, -97.10558751816059 49.87984467805949, -97.10541711915242 49.8797612235414, -97.1047230474087 49.8796347629218, -97.10443263619523 49.87960285426319, -97.10425753557028 49.879522288901235, -97.10422344220927 49.87946669263924, -97.10421943190943 49.87933757403334, -97.10438181068315 49.87907474930531, -97.1047150993989 49.87885285050622, -97.10489424982833 49.878566107486066, -97.10487223037727 49.87843372666636, -97.10487808239557 49.878284264731434, -97.10472619085971 49.878074217095566, -97.10466537019018 49.87803581066237, -97.10452838576376 49.877996158676716, -97.10381236501196 49.87808202370353, -97.10324884468177 49.878127841971256, -97.10277849084144 49.87825648147318, -97.1024649511882 49.87852492333746, -97.1022980795732 49.878585953417996, -97.1021159260184 49.8785712797101, -97.10165101132121 49.87838838778956, -97.10129434411412 49.87828137162185, -97.10099187684665 49.87820887711225, -97.10087953032755 49.87812348911433, -97.1008081113987 49.87800423757032, -97.10091540052798 49.87790257318863, -97.1011739460325 49.87787749111187, -97.10167345367586 49.87787470145093, -97.10186393018138 49.877791215996126, -97.10189705493714 49.87772799634837, -97.1018776193855 49.877673358860655, -97.10167819171028 49.877522693472244, -97.10125166297703 49.87725688128652, -97.10103179618213 49.87707728139838, -97.1009797437937 49.87686814495737, -97.10107607763085 49.87646637610737, -97.1012205006772 49.87631621667922, -97.10179470830144 49.87609354291893, -97.10220161944385 49.87598172865223, -97.10302835751891 49.87581998415707, -97.10348357100985 49.87578714384901, -97.10368395326846 49.875799145930344, -97.10404244184527 49.87585932982327, -97.10429902197181 49.875854803207304, -97.1045617876377 49.875824206832355, -97.10493987540472 49.87560366952275, -97.1047880450193 49.87542743744885, -97.10472896588071 49.87534463285671, -97.1045533455614 49.875298233658235, -97.10392250535998 49.87498025645541, -97.1038058898843 49.87488670748268, -97.10365888606574 49.87482483341192)))", "lon": -97.09878676483298, "lat": 49.874001670469532 }, "geometry": { "type": "Polygon", "coordinates": [ [ [ -97.1024171, 49.8741306 ], [ -97.1049399, 49.8756037 ], [ -97.1012205, 49.8763162 ], [ -97.1018971, 49.877728 ], [ -97.1008081, 49.8780042 ], [ -97.1022981, 49.878586 ], [ -97.104726200000016, 49.8780742 ], [ -97.1042234, 49.8794667 ], [ -97.1056588, 49.8802001 ], [ -97.102994600000017, 49.8805899 ], [ -97.1049872, 49.8813515 ], [ -97.1048781, 49.8821272 ], [ -97.098790799999989, 49.8819238 ], [ -97.0912099, 49.8672388 ], [ -97.0993604, 49.8672331 ], [ -97.0996523, 49.8684495 ], [ -97.1011037, 49.8675771 ], [ -97.1015972, 49.869805 ], [ -97.1031332, 49.8700751 ], [ -97.1027572, 49.871708 ], [ -97.1006718, 49.8713857 ], [ -97.1009342, 49.8726792 ], [ -97.1028742, 49.872689 ], [ -97.1032958, 49.8734248 ], [ -97.1045127, 49.8729497 ], [ -97.1040801, 49.8738249 ], [ -97.1024171, 49.8741306 ] ] ] } },
{ "type": "Feature", "properties": { "ID": 1474, "Name": "Armstrong Point", "Cluster": "Downtown East", "Location": "MULTIPOLYGON (((-97.1523577504221 49.875597455979374, -97.15310201704283 49.87734293755484, -97.15483156899954 49.87908341831767, -97.15534314592963 49.879060657636025, -97.15579025072135 49.87903325010865, -97.15579711374824 49.87908025799852, -97.15580336159067 49.87912305214693, -97.15979624445959 49.8788907506096, -97.16126211853856 49.87835611387463, -97.16169652453162 49.8781976705045, -97.16126119033011 49.87796792396185, -97.16084969314547 49.87772294565488, -97.16053705147534 49.877433308582575, -97.16028898360908 49.87710054176683, -97.15971302056774 49.876217617697144, -97.15937444013794 49.87580672345318, -97.15858642106855 49.87496922736175, -97.15811480393755 49.87455853951219, -97.1576141058786 49.87425080037903, -97.1570292416988 49.8740288665294, -97.1568592930842 49.87398399488302, -97.1558796037573 49.87373897600924, -97.15476666307174 49.87373770244195, -97.15388218632782 49.87394431806978, -97.15298601971517 49.87443884829153, -97.15250360806651 49.87502399348035, -97.1523577504221 49.875597455979374)))", "lon": -97.156447736166641, "lat": 49.876584842424101 }, "geometry": { "type": "Polygon", "coordinates": [ [ [ -97.1523578, 49.8755975 ], [ -97.1538822, 49.8739443 ], [ -97.1570292, 49.8740289 ], [ -97.1616965, 49.8781977 ], [ -97.1548316, 49.8790834 ], [ -97.1523578, 49.8755975 ] ] ] } },
{ "type": "Feature", "properties": { "ID": 1791, "Name": "Assiniboia Downs", "Cluster": "St. James-Assiniboia West", "Location": "MULTIPOLYGON (((-97.32574435959923 49.88524684654969, -97.32570415101726 49.88540681902433, -97.32565761341601 49.88556506621823, -97.32560482040111 49.885721337841645, -97.32554434062554 49.885879115027464, -97.32547748454867 49.88603429785063, -97.32540436313414 49.8861866287482, -97.32535663378695 49.886278971126416, -97.32530689940977 49.886370249257, -97.32525518371983 49.88646041961139, -97.32520041692399 49.88655120953068, -97.32514364151604 49.88664075708466, -97.32508488566596 49.88672901784295, -97.32457309624995 49.88748166860136, -97.32416723643703 49.88807851908788, -97.32400947363692 49.88832549249945, -97.32387341159469 49.88858505383668, -97.32376004739471 49.8888553009926, -97.32367416229148 49.88912002908397, -97.32361006457818 49.889390858728696, -97.32356817788039 49.88966599999762, -97.32271959172593 49.89817612456704, -97.32269507409605 49.898421952262076, -97.32266896729607 49.89884325633783, -97.3287936073257 49.89870909133981, -97.32954725769743 49.89869251170932, -97.33126212735338 49.89865476916916, -97.33468613572725 49.89857933344679, -97.34153726796461 49.89842726322753, -97.3434828099709 49.878799874668026, -97.34350573726002 49.87856846796846, -97.33758850549867 49.87928320862774, -97.33762553550486 49.87890791115767, -97.3376660061126 49.87849773581888, -97.33767046010968 49.878452588722126, -97.33770001732306 49.8781530243065, -97.33774372347672 49.87771003429352, -97.33778743012294 49.87726704424327, -97.33783113444845 49.87682405501486, -97.33787483929743 49.8763810648501, -97.33791854185665 49.875938074608165, -97.33796224487763 49.875495085227975, -97.33797573258595 49.875358359378374, -97.33803723804039 49.87473489184684, -97.3380809372299 49.87429190229124, -97.33812463555188 49.87384891177935, -97.33816833436659 49.87340592123017, -97.33821203086096 49.87296293150286, -97.33825572787897 49.8725199408392, -97.33829942260758 49.872076950098375, -97.33831290953665 49.871940225031445, -97.33837440384424 49.8713167568584, -97.33841809752425 49.870873765982054, -97.33846178888422 49.87043077592758, -97.3385054807679 49.86998778493677, -97.33852695272797 49.86976955141126, -97.33854782232176 49.869557437995134, -97.33856073934695 49.869426151476986, -97.33857365629339 49.86929486495355, -97.33858808645135 49.869148197351244, -97.33862067666871 49.86881694786679, -97.33863394133088 49.86868233396732, -97.3386498759608 49.86852078890585, -97.33865696505903 49.868448987089074, -97.33870025898425 49.86801039993695, -97.33877127043425 49.867291002391866, -97.33880527575646 49.86694649432141, -97.33883158373446 49.866679722096194, -97.33889935619963 49.86599196464432, -97.33893675478619 49.86561252319501, -97.33787474664474 49.865798139505564, -97.3370438044814 49.86596864309775, -97.33617265197735 49.866210602963285, -97.33531043475513 49.866506133237394, -97.334359887961 49.86680852131135, -97.33339459770268 49.8670688602876, -97.33231410569586 49.86733334341971, -97.3313613356504 49.86754272090504, -97.32966093477744 49.86785054007417, -97.32857341904021 49.86810907759448, -97.32779937337132 49.868347727306364, -97.3265077437051 49.86866834303009, -97.32741723351748 49.868918051942515, -97.32706636849939 49.87240985035493, -97.32687316021811 49.87432458472565, -97.32681143343882 49.87493627395757, -97.32679332202261 49.8751157479472, -97.3264658167135 49.878360882242255, -97.32625606792794 49.88044857171272, -97.32594378952722 49.88462642236595, -97.32574435959923 49.88524684654969)))", "lon": -97.333233357928719, "lat": 49.884632658461832 }, "geometry": { "type": "Polygon", "coordinates": [ [ [ -97.3257444, 49.8852468 ], [ -97.3274172, 49.8689181 ], [ -97.3265077, 49.8686683 ], [ -97.3389368, 49.8656125 ], [ -97.3375885, 49.8792832 ], [ -97.3435057, 49.8785685 ], [ -97.3415373, 49.8984273 ], [ -97.322669, 49.8988433 ], [ -97.3236101, 49.8893909 ], [ -97.3257444, 49.8852468 ] ] ] } },
{ "type": "Feature", "properties": { "ID": 1542, "Name": "Assiniboine Park", "Cluster": "Assiniboine South", "Location": "MULTIPOLYGON (((-97.25059062743455 49.85847117036207, -97.25066569349357 49.857650228928584, -97.25069571016721 49.857321937979926, -97.2507119649625 49.85714417267208, -97.25072696759169 49.85698008061689, -97.25074197146307 49.856815989474214, -97.25075697386045 49.85665189740405, -97.25077197750001 49.8564878062464, -97.25078698105612 49.85632371418225, -97.25080198307333 49.85615962298863, -97.25081698639764 49.85599553090951, -97.25083198818305 49.855831439700914, -97.25084699124312 49.85566734850582, -97.25086199421973 49.85550325640423, -97.25087699565746 49.85533916517317, -97.2508885369356 49.855212932868135, -97.25089199840228 49.85517507305661, -97.25090699960823 49.85501098181058, -97.25092200212127 49.85484688967903, -97.25092950260662 49.854764844498966, -97.2509633373851 49.85476613678333, -97.25097744968667 49.85461178086717, -97.25099584132138 49.85441060497396, -97.25101972984844 49.85414741605474, -97.25103561862424 49.85397235798605, -97.25104753581532 49.85384106443946, -97.25105895633372 49.85371524133959, -97.25107112101563 49.853581211648326, -97.25108303798709 49.85344991808753, -97.25109247190203 49.853345977681265, -97.251101656814 49.853244771588614, -97.25111407018144 49.85310800756319, -97.2511264834689 49.85297124353259, -97.25113889531838 49.85283447857684, -97.25115130844586 49.852697714535886, -97.25116372149336 49.85256095048975, -97.25117365022471 49.85245153868454, -97.25118358029532 49.852342126897, -97.25119351028228 49.85223271600515, -97.25120468234978 49.85210962808671, -97.25121734266972 49.85197012788177, -97.25134835227433 49.85053581742793, -97.25135509943324 49.85046195883688, -97.25137633668228 49.85022943948607, -97.25139332600364 49.85004342488941, -97.25140581859125 49.84990664937326, -97.25141831109843 49.849769873851905, -97.2514308035252 49.84963309832535, -97.25144329587152 49.849496322793584, -97.2514557867795 49.84935954633665, -97.25146827896496 49.8492227707945, -97.25147827319209 49.849113350904844, -97.25148901564127 49.84899572357831, -97.25150275653719 49.84884527019255, -97.25152199360852 49.84863463598133, -97.25153823346513 49.84845682693897, -97.25155799938287 49.848240393522275, -97.25158176819019 49.84798013661825, -97.2515937674452 49.84784874969512, -97.25160576523572 49.847717362746224, -97.25161776434233 49.847585975813494, -97.2516297633423 49.84745458977498, -97.2516417623005 49.847323202832676, -97.25165376118449 49.84719181588556, -97.25166575999427 49.84706042893365, -97.25167775733956 49.84692904195597, -97.25169862000315 49.84670059960691, -97.25172313287526 49.84643216300049, -97.25174116457008 49.84623471424964, -97.25174152064433 49.8462308148941, -97.25176419828104 49.84598247147959, -97.25178116280782 49.84579670280345, -97.25179320977561 49.84566476874375, -97.25180525805887 49.84553283470018, -97.25181730484464 49.845400901529814, -97.25182927033734 49.84526987022703, -97.25184066105912 49.84514513034544, -97.2518619684792 49.84491179054659, -97.25187125777597 49.844810056941284, -97.25188599433152 49.84464866163494, -97.25188949143943 49.8446103642186, -97.25190248141813 49.844468117194246, -97.25191488109364 49.844331866308316, -97.24543909403891 49.84404725728139, -97.23168585709794 49.84533320872601, -97.2307518468464 49.85484633002981, -97.23045107249435 49.85790888418511, -97.23418999386966 49.8580468088051, -97.23542995489476 49.85809252279338, -97.23596249904507 49.85811215215153, -97.23919938022175 49.85823149725815, -97.23918174570728 49.858411526408005, -97.23863207549545 49.86402229550628, -97.23831852809201 49.86722217355821, -97.23830084909243 49.867402580556806, -97.22021000312486 49.86673309434584, -97.21967763168428 49.872426633672774, -97.21961129666487 49.873126117951564, -97.21958338727748 49.873420465485786, -97.21966503670765 49.873402079445576, -97.22061372067604 49.873222603848234, -97.2212987874944 49.87317153615343, -97.22218669002487 49.87317818673648, -97.22307229132335 49.87324753979998, -97.22340963920334 49.87331429365281, -97.22413826710782 49.87359502868514, -97.22527764165447 49.874000566402934, -97.2263110606108 49.874403309537996, -97.22704048758962 49.87466312350782, -97.22771721438052 49.874839622278664, -97.22883968619472 49.87516821223578, -97.22992059830229 49.87545426665639, -97.22995457169533 49.87546019529561, -97.23052624065633 49.87555995457278, -97.23127429718886 49.875606230004166, -97.23202319202377 49.87556998570784, -97.23314679764216 49.87557317542525, -97.2344175604376 49.87563320682281, -97.23561263777114 49.8756676715788, -97.23663997224472 49.87564844710358, -97.2375418116766 49.87553089512295, -97.23942932384851 49.87513428185935, -97.2403754583025 49.874974358819514, -97.24124948110831 49.87486910675745, -97.24151880349014 49.87487900561792, -97.24338570138681 49.87505952388791, -97.24386347858001 49.87507257327718, -97.24409993174547 49.87504710715789, -97.24430162502911 49.87498857990414, -97.24445196453296 49.8749083597095, -97.24483104420577 49.874579493900306, -97.24547509349601 49.87411165956193, -97.24580204301905 49.87397020448081, -97.24630169172957 49.87387551502231, -97.24688531897888 49.87384483803692, -97.24770348881502 49.873890905948045, -97.24866615978166 49.87396819984365, -97.24920145757874 49.8739904435071, -97.24924726562509 49.87349149646517, -97.24926072194467 49.87334492628776, -97.2492759980758 49.87317852722233, -97.24930856797631 49.87282374708514, -97.24932092799588 49.87268912362381, -97.24935470806511 49.87232115442862, -97.24937103727476 49.87214334381697, -97.24938484028377 49.871993047043034, -97.2493873670963 49.8719655332328, -97.24940872063875 49.87173301858216, -97.24942505014546 49.87155520797065, -97.24944137951535 49.87137739735175, -97.24945804885374 49.87119588326906, -97.24954889653108 49.87020661319292, -97.24960881785556 49.86955408985062, -97.24973720133441 49.86815594175311, -97.24974848160859 49.868032790679976, -97.24987110079249 49.86803947813896, -97.25073420950632 49.858613284038405, -97.25074721793632 49.85847634751146, -97.25059062743455 49.85847117036207)))", "lon": -97.239479454399415, "lat": 49.860586823315238 }, "geometry": { "type": "Polygon", "coordinates": [ [ [ -97.251914899999989, 49.8443319 ], [ -97.2492015, 49.8739904 ], [ -97.245802, 49.8739702 ], [ -97.243863499999989, 49.8750726 ], [ -97.2312743, 49.8756062 ], [ -97.2230723, 49.8732475 ], [ -97.2195834, 49.8734205 ], [ -97.22021, 49.8667331 ], [ -97.2383008, 49.8674026 ], [ -97.2391994, 49.8582315 ], [ -97.2304511, 49.8579089 ], [ -97.231685900000016, 49.8453332 ], [ -97.2454391, 49.8440473 ], [ -97.251914899999989, 49.8443319 ] ] ] } },
{ "type": "Feature", "properties": { "ID": 1430, "Name": "Beaumont", "Cluster": "Fort Garry North", "Location": "MULTIPOLYGON (((-97.17051694909378 49.845395919515056, -97.17032156058254 49.8451538629345, -97.17019216645936 49.84499355986526, -97.17017444586934 49.844971606454926, -97.16998893846267 49.8447417865736, -97.16995757037465 49.84470292547249, -97.16975434617635 49.844451151806766, -97.16962526715848 49.8442907424071, -97.16845766203537 49.84283879229153, -97.16845580155632 49.84283632915008, -97.16840706026785 49.84275386916396, -97.16820835835553 49.84251128166116, -97.16817737016615 49.842472298133785, -97.16798112609214 49.84222989586179, -97.16788264014485 49.84210857951749, -97.16769264432921 49.841873367745855, -97.16768362385038 49.84187642228366, -97.16716596899781 49.8412342938589, -97.16714641427949 49.841209989323076, -97.16584446552265 49.83959051351387, -97.16483188789185 49.838341955465324, -97.16481686545747 49.83832341437576, -97.16480042243941 49.8383031255306, -97.1645473985369 49.83799085906189, -97.15346201827545 49.841662307165336, -97.15339690799286 49.84239134434038, -97.15313355201818 49.845339871235225, -97.15288622251585 49.8481085877331, -97.15270760805574 49.85010784957865, -97.1519346105842 49.85235979145012, -97.15201010542503 49.85263662581719, -97.15343385443016 49.852219583843144, -97.15343955826069 49.852156695762616, -97.15348936611723 49.852139866241146, -97.15373728166755 49.85205609709438, -97.15383135966619 49.85202430778392, -97.15387804274293 49.85200853381106, -97.15524909471775 49.85154524548212, -97.15525115939447 49.85154454704906, -97.15561901527076 49.85142024253904, -97.1556535580379 49.85140852772667, -97.15586687989783 49.85133648244017, -97.15581991836238 49.85127814017718, -97.15995344646814 49.84988195948288, -97.16208215886 49.849162855152, -97.16178898343279 49.8487987007918, -97.17030047625188 49.845920810035146, -97.17080046144746 49.84575172559174, -97.17075332791423 49.84569344948251, -97.17055333441427 49.84544534520575, -97.17055622828678 49.845444366232186, -97.17052482010281 49.84540562801279, -97.17051694909378 49.845395919515056)))", "lon": -97.160293618668192, "lat": 49.844921540917916 }, "geometry": { "type": "Polygon", "coordinates": [ [ [ -97.164547399999989, 49.8379909 ], [ -97.1708005, 49.8457517 ], [ -97.1520101, 49.8526366 ], [ -97.153462, 49.8416623 ], [ -97.164547399999989, 49.8379909 ] ] ] } },
{ "type": "Feature", "properties": { "ID": 1584, "Name": "Betsworth", "Cluster": "Assiniboine South", "Location": "MULTIPOLYGON (((-97.31247304763289 49.849763383212725, -97.31248181189 49.84967849513725, -97.31249930995817 49.84950899108471, -97.31251483096528 49.84935862556051, -97.312529225428 49.849219194970274, -97.3125302835459 49.849208943549826, -97.31254361837625 49.849079765252974, -97.31255801126305 49.84894033463075, -97.3125680930787 49.84884266724858, -97.31257240402579 49.848800904901694, -97.3125874890095 49.84865477681834, -97.31258792594662 49.84865053846652, -97.31260231851658 49.84851110872526, -97.3126164294191 49.848374412039746, -97.31263195100264 49.84822404648424, -97.31264462799284 49.84810123869356, -97.31264606171793 49.848087349786866, -97.3126616167676 49.84793665639311, -97.31268532105875 49.847707006186624, -97.31272369987072 49.84733519223225, -97.31274232515403 49.847154753152594, -97.31275642496493 49.8470181498099, -97.29395730895742 49.846191624906275, -97.2939445819408 49.84632838989556, -97.29392549157888 49.846533533976235, -97.29390869076109 49.846714060164956, -97.29388773182049 49.84693927047344, -97.29387449586764 49.84708149365558, -97.29386126030262 49.84722371171784, -97.29385436859418 49.84729776374556, -97.29384802529968 49.847365923403785, -97.293834790736 49.84750813008602, -97.29382155626777 49.84765033479035, -97.29380832160452 49.84779254063727, -97.29379508651623 49.847934750098766, -97.29379001565111 49.84798923569386, -97.2937818507948 49.8480769649324, -97.29376861436795 49.84821918609567, -97.29376416837195 49.84826695668352, -97.29375537727101 49.84836141350579, -97.29374872453579 49.84843289417441, -97.29374213969983 49.848503646244346, -97.29373472330361 49.848583332895245, -97.29372890118238 49.84864588317538, -97.29372072058246 49.84873377158926, -97.29371566198905 49.848788123573684, -97.29370747881164 49.848876047311286, -97.29370242316222 49.84893036729995, -97.29369093536675 49.84905379640958, -97.29368918390745 49.84907261467107, -97.29367594414241 49.8492148665716, -97.29366270372243 49.849357124555404, -97.29366114970472 49.84937382120113, -97.2936494621367 49.84949939106693, -97.2936466339285 49.849529776893796, -97.29363621939576 49.84964166863121, -97.29363136291695 49.849693845504184, -97.2936229759354 49.84978395297124, -97.29361660061016 49.84985244748979, -97.29360973370859 49.84992622310482, -97.29360157568281 49.85001386977846, -97.29358644413928 49.85017643758786, -97.29357938207431 49.850252309423595, -97.29354883631089 49.8505804770486, -97.29354021454284 49.85067307009673, -97.29353159273744 49.850765663142276, -97.29350603815281 49.85103925159807, -97.2934857056461 49.8512569107484, -97.29346227021743 49.85150779923138, -97.29348765859729 49.85150875773961, -97.29348410536491 49.85154679994851, -97.29345885969983 49.85181704588953, -97.29344121352518 49.85200593462781, -97.2934336155175 49.85208728014309, -97.29340995973061 49.852340492334875, -97.2934071236449 49.852370849015536, -97.2933818785231 49.852641091318226, -97.29338032887807 49.85265767497998, -97.29336371614855 49.85283549172396, -97.29335663181816 49.852911329983755, -97.29334838007132 49.85299965313489, -97.29333177058521 49.853177449225015, -97.29333014031413 49.85319489881089, -97.29331643685644 49.853341576477526, -97.29329105826525 49.85334062887417, -97.2932795165447 49.85346416557445, -97.29327508511471 49.85351160150775, -97.29326442292981 49.8536257336882, -97.29325911319035 49.85368257418586, -97.29324983569991 49.85378188889619, -97.29324250418122 49.85386036119883, -97.29323577216937 49.85393241647463, -97.29322716839336 49.854024519495496, -97.29322170993022 49.854082944067166, -97.29320764759198 49.85423347165333, -97.29319358515467 49.854383999233114, -97.29317824955508 49.854548152497415, -97.29316327786653 49.85470841000563, -97.2931629875006 49.85471155755968, -97.29314513081859 49.854890989383904, -97.29312978769029 49.85505715680998, -97.29312424661775 49.85511717373509, -97.29311476182656 49.85521989488712, -97.2930996013695 49.85538407498734, -97.29309893034294 49.855391352812106, -97.293084442218 49.85554825420147, -97.29308313542562 49.855562401099625, -97.29306928155926 49.855712433387595, -97.29306734417645 49.855733420651035, -97.29305412217438 49.85587661258668, -97.29304712785434 49.855952354075754, -97.29303896125059 49.85604079265677, -97.2930281776649 49.856157578948455, -97.29302380163234 49.85620497184079, -97.29300864050683 49.85636915099679, -97.2929943173783 49.85652427288421, -97.2929934806552 49.856533330165746, -97.29298547579043 49.85662001530421, -97.29297831926462 49.85669751020572, -97.29296315917962 49.85686168935962, -97.2929599623639 49.85689630340207, -97.29290612785215 49.85690463945054, -97.29289511970256 49.857023833953576, -97.29287995778364 49.857188013962215, -97.29286479435738 49.85735219394286, -97.29286278527756 49.857373947410906, -97.29284963223671 49.85751637303742, -97.29283475325911 49.85767748902033, -97.29283446996766 49.857680553023485, -97.29281930758187 49.857844733002004, -97.29280481856921 49.85800160730457, -97.29279629347027 49.85809390904581, -97.2933998529257 49.858201926597445, -97.29331235549706 49.85837748789702, -97.29319980043125 49.85851765181663, -97.29308815690949 49.858631928884385, -97.29296298678588 49.85877190678601, -97.29286879362911 49.85893140622455, -97.29280619854185 49.859092809920526, -97.29278453913363 49.8592288264725, -97.29278160872767 49.85931196960131, -97.2927398494498 49.85943814786212, -97.31111210504343 49.86279685926145, -97.3112085977699 49.86187028298032, -97.31117260930394 49.8612114073548, -97.31119181312262 49.8609188283618, -97.31131847803697 49.86092429665416, -97.3113302628889 49.86081029035692, -97.31134956159524 49.8606235607084, -97.3113627447463 49.860496022119065, -97.31136568633588 49.86046756185151, -97.31137529273944 49.86037460701349, -97.31138502451175 49.86028044957923, -97.31139477310298 49.86018612778076, -97.31140451251589 49.86009190838868, -97.31140673445404 49.86007039970774, -97.3114132343627 49.860007519117936, -97.31141416902253 49.85999846944588, -97.31142405975557 49.859902780684074, -97.31143989942309 49.85974951570392, -97.31144770738229 49.85967397581493, -97.31145954912806 49.859559395537445, -97.31146719786038 49.85948538786018, -97.31147098129314 49.85944877965132, -97.31148415156072 49.85932135057755, -97.31149641104136 49.859202724160994, -97.31150110513246 49.85915731328679, -97.31151805860699 49.85899327508886, -97.31152190697003 49.858956039076176, -97.3115350119216 49.858829237781805, -97.31153886025545 49.85879200176729, -97.31155196510764 49.858665200466646, -97.31155440054089 49.8586416341504, -97.3115705055849 49.85848579864232, -97.31157145467677 49.85847661245438, -97.31158689224878 49.858327229174456, -97.31160356333896 49.858165924887935, -97.31160592525656 49.85814306899697, -97.31161242319547 49.85808018835026, -97.31161995115116 49.858007355425, -97.31163662057283 49.85784605200163, -97.3116389824555 49.85782319610846, -97.31165357298832 49.857682014637696, -97.31166073811603 49.8576126817449, -97.31167024215928 49.857520711198454, -97.31168051457549 49.85742130403993, -97.31168662948268 49.8573621417046, -97.31170029454988 49.85722990029234, -97.31170329840714 49.85720083824977, -97.3117172464825 49.85706586289784, -97.311720250317 49.85703680085382, -97.31173419831792 49.85690182459617, -97.3117363541662 49.85688096527013, -97.31175114999344 49.856737787185395, -97.31175274103629 49.85672239484656, -97.31176810154041 49.85657374976649, -97.31176827983494 49.85657202713556, -97.31178505295885 49.85640971233945, -97.31178523125202 49.85640798970844, -97.31180218254055 49.856243952273175, -97.31181065742567 49.856161933991885, -97.31181089703499 49.8561596095934, -97.31181913370055 49.85607991482978, -97.31183632433861 49.85591355297958, -97.31183773703188 49.85589988326819, -97.31186598799137 49.8556264871898, -97.31188413569609 49.85544650384191, -97.31190114163606 49.85528247346247, -97.31191290418097 49.85516901897958, -97.31191814744712 49.85511844307487, -97.3119270762888 49.85503232789494, -97.31193515309795 49.85495441357814, -97.3119412469479 49.85489563588535, -97.31195216004178 49.854790383194484, -97.31195541890801 49.85475894389035, -97.31196916546615 49.85462635278242, -97.31196968341331 49.85462135014741, -97.31198395158007 49.854483728569086, -97.31198617076163 49.854462322362195, -97.31199821826556 49.85434610696477, -97.31200317592821 49.85429829193382, -97.31201248625085 49.85420848537497, -97.3120226602442 49.85411034049479, -97.3120267541141 49.85407086467846, -97.3120410205274 49.85393324305693, -97.31205528824051 49.853795621449905, -97.31205560874105 49.85379253185969, -97.31206127696879 49.85373785504003, -97.31206955447239 49.85365799981689, -97.31208073551176 49.85355014966234, -97.3120839123038 49.85351950340667, -97.3120982807858 49.85338089830837, -97.3121094555999 49.85327310292531, -97.31211273481412 49.85324147231424, -97.31211738250579 49.85319663727671, -97.31212646122258 49.85310907245807, -97.31213681668483 49.85300917798177, -97.31214346532586 49.8529450419624, -97.31216046930027 49.852781011458596, -97.31217037406378 49.852685463960825, -97.31217747311447 49.85261698184568, -97.31219447683114 49.852452951325546, -97.31221148041894 49.85228892079728, -97.31222797440229 49.85212981116819, -97.31222848387785 49.85212489026084, -97.31224548859836 49.85196085973651, -97.31226249176824 49.851796830082804, -97.31227949484054 49.85163279952192, -97.31228554424416 49.85157443220505, -97.31229649778399 49.85146876895288, -97.31231350059858 49.85130473837567, -97.31233050328431 49.85114070779032, -97.31234308504474 49.851019325293734, -97.31234750580988 49.85097667809585, -97.31236450823789 49.85081264749419, -97.31238151192748 49.85064861690462, -97.31240013780551 49.85046892185433, -97.31240951572411 49.850378445176965, -97.3124188936035 49.85028796849711, -97.312434099865 49.85014066479247, -97.31244543816186 49.850030843349174, -97.3124470825402 49.850014903970994, -97.31246006510862 49.84988914404376, -97.31247304763289 49.849763383212725)))", "lon": -97.302921602289587, "lat": 49.853875777028492 }, "geometry": { "type": "Polygon", "coordinates": [ [ [ -97.3127564, 49.8470181 ], [ -97.3111121, 49.8627969 ], [ -97.2927398, 49.8594381 ], [ -97.2933999, 49.8582019 ], [ -97.2927963, 49.8580939 ], [ -97.2939573, 49.8461916 ], [ -97.3127564, 49.8470181 ] ] ] } },
{ "type": "Feature", "properties": { "ID": 1556, "Name": "Birchwood", "Cluster": "St. James-Assiniboia East", "Location": "MULTIPOLYGON (((-97.2657954466846 49.871958846691875, -97.2655489508189 49.87199463628564, -97.26522547351905 49.87200157961975, -97.26484726238945 49.87200969664954, -97.2637150368344 49.87199855137077, -97.26349982741765 49.87198385247892, -97.26256007329432 49.871919662106066, -97.26137084503846 49.87179377003848, -97.26023344187783 49.87172674027202, -97.25966618733214 49.87176357015058, -97.25906959696113 49.87189517455096, -97.2569387815367 49.87251618701463, -97.2557616958939 49.87279125660629, -97.25474653323539 49.87297350426381, -97.25387059877178 49.873183403090884, -97.25291600232342 49.873480416611564, -97.25256760293826 49.873569281306416, -97.2508765172389 49.87379823780959, -97.24995555314723 49.8739597883519, -97.24950092584581 49.87400288646857, -97.24920145757874 49.8739904435071, -97.24866615978166 49.87396819984365, -97.24770348881502 49.873890905948045, -97.24688531897888 49.87384483803692, -97.24630169172957 49.87387551502231, -97.24580204301905 49.87397020448081, -97.24547509349601 49.87411165956193, -97.24483104420577 49.874579493900306, -97.24445196453296 49.8749083597095, -97.24430162502911 49.87498857990414, -97.24409993174547 49.87504710715789, -97.24386347858001 49.87507257327718, -97.24338570138681 49.87505952388791, -97.24151880349014 49.87487900561792, -97.24124948110831 49.87486910675745, -97.24037545830248 49.87497435881951, -97.23942932384851 49.87513428185935, -97.23754181167662 49.87553089512295, -97.23663997224472 49.87564844710358, -97.23561263777114 49.8756676715788, -97.2344175604376 49.87563320682281, -97.23314679764216 49.87557317542525, -97.23202319202377 49.87556998570784, -97.23127429718886 49.875606230004166, -97.23052624065633 49.87555995457278, -97.22995457169533 49.87546019529561, -97.22991780245813 49.87585262219084, -97.2298693447029 49.87636413632956, -97.22980826661073 49.8770088515878, -97.22977717018863 49.877337085103214, -97.2297585880952 49.87753516692905, -97.2308702368255 49.87722726501668, -97.23501518055085 49.87723766470472, -97.2417160629903 49.87646993661897, -97.2444908799401 49.87615193375346, -97.25131042922531 49.87568220585045, -97.2527538348767 49.87558134622086, -97.2607752364918 49.874799704273045, -97.26293412694929 49.875388931683915, -97.27082081300404 49.8775409152543, -97.27506639953126 49.8785380434241, -97.27494197797506 49.878119888148625, -97.27474925414867 49.87782709769864, -97.2744612271447 49.87759579584849, -97.27404905238002 49.877216717083755, -97.27382241553144 49.87711678611345, -97.27359590136554 49.877128066278246, -97.27324093038354 49.87715915090054, -97.2729426375523 49.87709726941217, -97.27234907871316 49.876888760658034, -97.27212690447037 49.876796337961174, -97.27178747808517 49.87661508254982, -97.27120092721299 49.876092134006065, -97.27081867519567 49.87470793351696, -97.270480353721 49.87422697554185, -97.26975774301597 49.87348607876973, -97.26911109025869 49.873107019194016, -97.26857377059098 49.87292464518264, -97.2678765634137 49.87282989138608, -97.26665268596489 49.87281159558284, -97.26639163682172 49.87276884121822, -97.26624135497654 49.87270310202664, -97.2659708063104 49.87240091889354, -97.2657954466846 49.871958846691875)))", "lon": -97.255134688519988, "lat": 49.874863393148452 }, "geometry": { "type": "Polygon", "coordinates": [ [ [ -97.2657954, 49.8719588 ], [ -97.2663916, 49.872768799999989 ], [ -97.2697577, 49.8734861 ], [ -97.2712009, 49.8760921 ], [ -97.2740491, 49.8772167 ], [ -97.2750664, 49.878538 ], [ -97.2607752, 49.8747997 ], [ -97.2297586, 49.8775352 ], [ -97.2299546, 49.8754602 ], [ -97.243863499999989, 49.8750726 ], [ -97.245802, 49.8739702 ], [ -97.2525676, 49.8735693 ], [ -97.2596662, 49.8717636 ], [ -97.2657954, 49.8719588 ] ] ] } },
{ "type": "Feature", "properties": { "ID": 225, "Name": "Booth", "Cluster": "St. James-Assiniboia East", "Location": "MULTIPOLYGON (((-97.2789631047171 49.88050679110227, -97.2790572844978 49.879475332512136, -97.27506639953126 49.8785380434241, -97.27082081300404 49.8775409152543, -97.26293412694929 49.875388931683915, -97.26201263361558 49.885816205515674, -97.26167301788792 49.88965557220621, -97.26732130871005 49.89113293237627, -97.27313778767667 49.892653903563975, -97.27500533043452 49.893142152992155, -97.27774351918447 49.89385795179758, -97.27828514573444 49.88793029045673, -97.2789631047171 49.88050679110227)))", "lon": -97.270361030493277, "lat": 49.884631789403642 }, "geometry": { "type": "Polygon", "coordinates": [ [ [ -97.2790573, 49.8794753 ], [ -97.2777435, 49.893858 ], [ -97.261673, 49.8896556 ], [ -97.2629341, 49.8753889 ], [ -97.2790573, 49.8794753 ] ] ] } },
{ "type": "Feature", "properties": { "ID": 1725, "Name": "Bridgwater Centre", "Cluster": "Fort Garry South", "Location": "MULTIPOLYGON (((-97.19412230676626 49.788985877638524, -97.19430221162557 49.79018844875974, -97.19391207417172 49.79161845142878, -97.19363890106365 49.79292302841862, -97.19380331632466 49.79435495070531, -97.19393582896132 49.795508972534066, -97.19408462335784 49.79603846182934, -97.19428211964669 49.79676867088605, -97.19427436851242 49.79773199804477, -97.19408816036183 49.799010451415185, -97.19402142487621 49.799998678525, -97.1938125046923 49.80078101623279, -97.19351949498181 49.80140686321121, -97.19291750620634 49.80236114380818, -97.19231212714455 49.80314672226689, -97.19362482911386 49.80235732779446, -97.19611820304975 49.80101462941461, -97.19849646990049 49.7997428008606, -97.19978783676262 49.7989993874843, -97.20089144651105 49.79801672700271, -97.20154281491162 49.7970892906844, -97.20189123887171 49.796135982235825, -97.20196988154338 49.794827809968865, -97.20177598342603 49.79384946105334, -97.20139472210164 49.79277102503019, -97.20096081067611 49.7918409029674, -97.20030035281638 49.79107097896222, -97.19951646982202 49.790415030792246, -97.19864002984203 49.7898197012731, -97.19558181753182 49.788245131872664, -97.19368950612831 49.78703405303852, -97.19412230676626 49.788985877638524)))", "lon": -97.19720631540028, "lat": 49.794855907189621 }, "geometry": { "type": "Polygon", "coordinates": [ [ [ -97.1940214, 49.7999987 ], [ -97.1936895, 49.7870341 ], [ -97.200300399999989, 49.791071 ], [ -97.201776, 49.7938495 ], [ -97.2018912, 49.796136 ], [ -97.1997878, 49.7989994 ], [ -97.1923121, 49.8031467 ], [ -97.1940214, 49.7999987 ] ] ] } },
{ "type": "Feature", "properties": { "ID": 1690, "Name": "Bridgwater Forest", "Cluster": "Fort Garry South", "Location": "MULTIPOLYGON (((-97.19032752823934 49.80779446257744, -97.19026496820663 49.80673754683136, -97.19098076764918 49.80487536154675, -97.19231212714455 49.80314672226689, -97.19291750620634 49.80236114380818, -97.19351949498181 49.80140686321121, -97.1938125046923 49.80078101623279, -97.19402142487621 49.799998678525, -97.19408816036183 49.799010451415185, -97.19427436851242 49.79773199804477, -97.19428211964669 49.79676867088605, -97.19408462335784 49.79603846182934, -97.19393582896132 49.795508972534066, -97.18751518688923 49.797676071015545, -97.18450415841598 49.80006330137938, -97.18375549991165 49.80044921417149, -97.17780007905752 49.80246240530834, -97.17674125417707 49.80267408777062, -97.17563848550527 49.80265672797764, -97.17454723743131 49.802532656331856, -97.17364929614686 49.80207604564423, -97.17366131875657 49.80718631042608, -97.17376142935677 49.80846079757758, -97.17423772132781 49.809936097264334, -97.17483883220099 49.810900294432415, -97.17564000479594 49.811879060008174, -97.17697775879715 49.813324560816454, -97.19100681556282 49.80863943253912, -97.19032752823934 49.80779446257744)))", "lon": -97.183763975555365, "lat": 49.804930421061769 }, "geometry": { "type": "Polygon", "coordinates": [ [ [ -97.1903275, 49.8077945 ], [ -97.1910068, 49.8086394 ], [ -97.176977799999989, 49.8133246 ], [ -97.173761399999989, 49.8084608 ], [ -97.1736493, 49.802076 ], [ -97.1778001, 49.8024624 ], [ -97.1837555, 49.8004492 ], [ -97.1875152, 49.7976761 ], [ -97.1939358, 49.795509 ], [ -97.1938125, 49.800781 ], [ -97.1909808, 49.8048754 ], [ -97.1903275, 49.8077945 ] ] ] } },
{ "type": "Feature", "properties": { "ID": 1723, "Name": "Bridgwater Lakes", "Cluster": "Fort Garry South", "Location": "MULTIPOLYGON (((-97.19159178950503 49.809367059093255, -97.21967262904039 49.79978758799499, -97.2196822267401 49.797519413477055, -97.21408218480283 49.79748726454142, -97.2140255394869 49.790847859335685, -97.20944417328282 49.790855963232104, -97.20841043468894 49.7909023117112, -97.20751014475046 49.79107768334599, -97.20675151982773 49.79137570327227, -97.20612065554604 49.79171202291839, -97.2030601640539 49.79343431878964, -97.20177598342603 49.79384946105334, -97.20177598342603 49.79384946105334, -97.20196988154338 49.794827809968865, -97.20189123887171 49.796135982235825, -97.20154281491162 49.7970892906844, -97.20089144651105 49.79801672700271, -97.19978783676262 49.7989993874843, -97.19849646990049 49.7997428008606, -97.19611820304975 49.80101462941461, -97.19362482911386 49.80235732779446, -97.19231212714455 49.80314672226689, -97.19098076764917 49.80487536154675, -97.19026496820663 49.80673754683136, -97.19032752823934 49.80779446257744, -97.19100681556282 49.80863943253912, -97.19159178950503 49.809367059093255)))", "lon": -97.205017668613436, "lat": 49.799844865543903 }, "geometry": { "type": "Polygon", "coordinates": [ [ [ -97.1915918, 49.8093671 ], [ -97.190265, 49.8067375 ], [ -97.1923121, 49.8031467 ], [ -97.1997878, 49.7989994 ], [ -97.2015428, 49.7970893 ], [ -97.201776, 49.7938495 ], [ -97.2067515, 49.791375699999989 ], [ -97.2140255, 49.7908479 ], [ -97.2140822, 49.7974873 ], [ -97.2196822, 49.7975194 ], [ -97.2196726, 49.7997876 ], [ -97.1915918, 49.8093671 ] ] ] } },
{ "type": "Feature", "properties": { "ID": 1722, "Name": "Bridgwater Trails", "Cluster": "Fort Garry South", "Location": "MULTIPOLYGON (((-97.20177598342603 49.79384946105334, -97.2030601640539 49.79343431878964, -97.20612065554604 49.79171202291839, -97.20675151982773 49.79137570327227, -97.20751014475046 49.79107768334599, -97.20841043468894 49.7909023117112, -97.20944417328282 49.790855963232005, -97.2140255394869 49.790847859335685, -97.21400517982276 49.78846173948488, -97.21396165058235 49.78273513855613, -97.21396741710615 49.7775086455191, -97.21354848041719 49.77765183670638, -97.20814382323039 49.779498945609724, -97.19946330079546 49.78246479326399, -97.19589233419707 49.78368457794722, -97.19407399445357 49.78430562740442, -97.19314722655889 49.78462214544967, -97.19297391285748 49.78468133570794, -97.19271112904237 49.78477108168073, -97.19227502752739 49.78492001531575, -97.19368950612831 49.78703405303852, -97.19558181753182 49.788245131872664, -97.19864002984201 49.7898197012731, -97.19951646982203 49.790415030792246, -97.20030035281638 49.79107097896222, -97.20096081067614 49.7918409029674, -97.20139472210164 49.79277102503019, -97.20177598342603 49.79384946105334)))", "lon": -97.205382776793371, "lat": 49.785829677787241 }, "geometry": { "type": "Polygon", "coordinates": [ [ [ -97.201776, 49.7938495 ], [ -97.200300399999989, 49.791071 ], [ -97.1936895, 49.7870341 ], [ -97.192275, 49.78492 ], [ -97.2139674, 49.7775086 ], [ -97.2140255, 49.7908479 ], [ -97.2075101, 49.7910777 ], [ -97.201776, 49.7938495 ] ] ] } },
{ "type": "Feature", "properties": { "ID": 116, "Name": "Broadway-Assiniboine", "Cluster": "Downtown East", "Location": "MULTIPOLYGON (((-97.13311134033853 49.885636556425666, -97.13485507236165 49.888838599200774, -97.14545824019703 49.88643532276387, -97.14319415955109 49.882262924085964, -97.1430229243509 49.88229210677118, -97.14240272285872 49.882429747505526, -97.1417845307586 49.88260464901211, -97.14114395568969 49.88285113392046, -97.14052362139587 49.88312932630083, -97.13994106426557 49.883407042421084, -97.13937029736849 49.88366156255732, -97.13872953311262 49.88390929020877, -97.13806800669497 49.88418330071717, -97.13751771066265 49.88441844549181, -97.1368992127982 49.8846955689102, -97.1362462326045 49.884934902740326, -97.13550122492624 49.885134351659715, -97.13475792861011 49.88533391328153, -97.13389625461593 49.88552796714733, -97.13311134033853 49.885636556425666)))", "lon": -97.139493631451259, "lat": 49.88575159720537 }, "geometry": { "type": "Polygon", "coordinates": [ [ [ -97.1331113, 49.8856366 ], [ -97.1431942, 49.8822629 ], [ -97.1454582, 49.8864353 ], [ -97.1348551, 49.8888386 ], [ -97.1331113, 49.8856366 ] ] ] } },
{ "type": "Feature", "properties": { "ID": 57, "Name": "Brockville", "Cluster": "Fort Garry North", "Location": "MULTIPOLYGON (((-97.19911976954413 49.84258837440585, -97.1937946453608 49.84257817775094, -97.19317595605212 49.842600638873336, -97.19241218885004 49.842681268262744, -97.19166298917901 49.84284170992513, -97.19100091881621 49.84302455103514, -97.19053275481826 49.84325754071486, -97.18569121947884 49.84616291497313, -97.18509114814124 49.84643113946033, -97.18437377685333 49.84667971658868, -97.1839860929472 49.84677427615571, -97.18356473376943 49.84682774718808, -97.18278390898317 49.846889969671345, -97.17930728343528 49.84687982752853, -97.17887194168459 49.85028344911984, -97.19243694347468 49.849016383629774, -97.1967207296841 49.84861573784638, -97.19676866397448 49.84801069690196, -97.19683684344908 49.84752210825797, -97.19695139481196 49.8470398460369, -97.1969974899643 49.846903384111734, -97.19704261127626 49.84676980438664, -97.19729389134916 49.846143383364605, -97.19911976954413 49.84258837440585)))", "lon": -97.189820942401241, "lat": 49.846621726816117 }, "geometry": { "type": "Polygon", "coordinates": [ [ [ -97.1991198, 49.8425884 ], [ -97.1967207, 49.8486157 ], [ -97.1788719, 49.8502834 ], [ -97.1793073, 49.8468798 ], [ -97.184373799999989, 49.8466797 ], [ -97.191663, 49.8428417 ], [ -97.1991198, 49.8425884 ] ] ] } },
{ "type": "Feature", "properties": { "ID": 495, "Name": "Brooklands", "Cluster": "Inkster East", "Location": "MULTIPOLYGON (((-97.20676070006158 49.91645488644695, -97.1996276819346 49.916457394165406, -97.19510473912435 49.916460433834295, -97.19510693581236 49.92383206972862, -97.20675515744685 49.926935727995655, -97.20676070006158 49.91645488644695)))", "lon": -97.201270084870799, "lat": 49.92096505843876 }, "geometry": { "type": "Polygon", "coordinates": [ [ [ -97.2067607, 49.9164549 ], [ -97.206755199999989, 49.9269357 ], [ -97.1951069, 49.9238321 ], [ -97.1951047, 49.9164604 ], [ -97.2067607, 49.9164549 ] ] ] } },
{ "type": "Feature", "properties": { "ID": 1500, "Name": "Bruce Park", "Cluster": "St. James-Assiniboia East", "Location": "MULTIPOLYGON (((-97.22218669002487 49.87317818673648, -97.2212987874944 49.87317153615343, -97.22061372067604 49.873222603848234, -97.21966503670765 49.87340207944567, -97.21958338727748 49.873420465485786, -97.21891631089315 49.87357067686151, -97.21648147280747 49.87407237541995, -97.21527605939028 49.874240892908894, -97.21447083534 49.874331903891445, -97.21392612034033 49.87433048307736, -97.2131064452054 49.8742283803254, -97.21246830160214 49.874127909537606, -97.21075767451381 49.8737122665564, -97.21023004667819 49.873637890027865, -97.2097801013942 49.87365069433315, -97.20932753575252 49.873734334614035, -97.20886191024795 49.873879354021085, -97.2085562387806 49.87407448333758, -97.2083560222339 49.87428634715771, -97.20824004290789 49.874505322528734, -97.20825394824008 49.875004008755795, -97.20836780614104 49.87595971947975, -97.2082933592099 49.87622232851588, -97.20802744440772 49.87650870210397, -97.20759030673342 49.87675756932421, -97.20709598123948 49.87689981402778, -97.20660791433127 49.87697011334391, -97.20612786216427 49.87696965646078, -97.20541215854382 49.87692371957057, -97.20446539094188 49.87680564478895, -97.20379204325529 49.87678126887217, -97.20324626783582 49.876807668041295, -97.20305060313892 49.876838937237906, -97.20325715668908 49.877159702659036, -97.20485229001936 49.879636697466005, -97.20772519615078 49.87912061190082, -97.21232823786555 49.878759124250195, -97.22357867005796 49.87852605013345, -97.22639126643693 49.8784675883136, -97.2297585880952 49.87753516692905, -97.22977717018863 49.877337085103214, -97.22980826661073 49.8770088515878, -97.2298693447029 49.87636413632956, -97.22991780245813 49.87585262219084, -97.22995457169533 49.87546019529561, -97.22992059830227 49.87545426665639, -97.22883968619472 49.87516821223578, -97.22771721438052 49.874839622278664, -97.22704048758962 49.87466312350782, -97.2263110606108 49.874403309537996, -97.22527764165447 49.874000566402934, -97.22413826710782 49.87359502868514, -97.22340963920334 49.87331429365281, -97.22307229132335 49.87324753979998, -97.22218669002487 49.87317818673648)))", "lon": -97.217203242896446, "lat": 49.876427481602612 }, "geometry": { "type": "Polygon", "coordinates": [ [ [ -97.2221867, 49.8731782 ], [ -97.2299546, 49.8754602 ], [ -97.2297586, 49.8775352 ], [ -97.226391299999989, 49.8784676 ], [ -97.2048523, 49.8796367 ], [ -97.2030506, 49.876838899999989 ], [ -97.2075903, 49.8767576 ], [ -97.2082934, 49.8762223 ], [ -97.208356, 49.8742863 ], [ -97.2093275, 49.8737343 ], [ -97.2144708, 49.8743319 ], [ -97.2221867, 49.8731782 ] ] ] } },
{ "type": "Feature", "properties": { "ID": 1792, "Name": "Buchanan", "Cluster": "St. James-Assiniboia West", "Location": "MULTIPOLYGON (((-97.32356817788039 49.88966599999762, -97.32361006457818 49.889390858728696, -97.32367416229147 49.88912002908397, -97.3237600473947 49.8888553009926, -97.32387341159468 49.88858505383668, -97.32400947363692 49.88832549249945, -97.32416723643703 49.88807851908788, -97.32457309624995 49.88748166860136, -97.32508488566596 49.88672901784295, -97.32514364151604 49.88664075708466, -97.32520041692399 49.88655120953068, -97.32525518371983 49.88646041961139, -97.32530689940977 49.886370249257, -97.32535663378695 49.886278971126416, -97.32540436313414 49.8861866287482, -97.32547748454867 49.88603429785063, -97.32554434062554 49.885879115027464, -97.32560482040111 49.885721337841645, -97.32565761341601 49.88556506621823, -97.32570415101726 49.88540681902433, -97.32574435959923 49.88524684654969, -97.32594378952722 49.88462642236595, -97.32625606792794 49.88044857171272, -97.31672723258298 49.881587606616236, -97.31496113516995 49.89920190690656, -97.32091847930928 49.898820076193765, -97.32266896729607 49.89884325633783, -97.32269507409605 49.898421952262076, -97.32271959179025 49.898176124575066, -97.32356817788039 49.88966599999762)))", "lon": -97.320151991596958, "lat": 49.889552185703401 }, "geometry": { "type": "Polygon", "coordinates": [ [ [ -97.3235682, 49.889666 ], [ -97.322669, 49.8988433 ], [ -97.3149611, 49.899201899999987 ], [ -97.3167272, 49.8815876 ], [ -97.3262561, 49.8804486 ], [ -97.3259438, 49.8846264 ], [ -97.3235682, 49.889666 ] ] ] } },
{ "type": "Feature", "properties": { "ID": 1432, "Name": "Buffalo", "Cluster": "Fort Garry North", "Location": "MULTIPOLYGON (((-97.18037919398739 49.82979347506639, -97.17734251939795 49.83267122315576, -97.17615295127096 49.83359353971409, -97.17355591692059 49.83491034051689, -97.1645473985369 49.83799085906189, -97.16480042243941 49.8383031255306, -97.16481686545747 49.83832341437576, -97.16483188789185 49.838341955465324, -97.16584446552265 49.83959051351387, -97.16714641427949 49.841209989323076, -97.16716596899781 49.8412342938589, -97.16768362385038 49.84187642228366, -97.16769264432921 49.841873367745855, -97.16788264014485 49.84210857951749, -97.16798112609214 49.84222989586179, -97.16817737016615 49.842472298133785, -97.16820835835553 49.84251128166116, -97.16840706026785 49.84275386916396, -97.16845580155632 49.84283632915008, -97.16845766203537 49.84283879229153, -97.16962526715848 49.84429074240701, -97.16975434617635 49.844451151806766, -97.16995757037465 49.84470292547249, -97.16998893846267 49.8447417865736, -97.17017444586934 49.844971606454926, -97.17019216645936 49.84499355986526, -97.17032156058254 49.8451538629345, -97.17051694909378 49.845395919515056, -97.17052482010281 49.84540562801279, -97.17055622828678 49.845444366232186, -97.17055333441427 49.84544534520575, -97.17075332791423 49.84569344948251, -97.17080046144746 49.84575172559174, -97.17246557105331 49.845188552108894, -97.17375481133946 49.84678731953772, -97.17382769366178 49.846910787520066, -97.17419280160011 49.84686069537841, -97.17449958144783 49.8468451803405, -97.17617608863709 49.84684601999883, -97.17930728343528 49.84687982752853, -97.17952168424524 49.84499406599696, -97.17952157667607 49.843160636510305, -97.1796032376289 49.84247235641469, -97.17961257305382 49.83713425455523, -97.17969445915973 49.83629125586031, -97.18056019535018 49.83405572872824, -97.18087567229242 49.83284315940148, -97.18087017097253 49.83192479854753, -97.18037919398739 49.82979347506639)))", "lon": -97.174317653532825, "lat": 49.839708553162545 }, "geometry": { "type": "Polygon", "coordinates": [ [ [ -97.1803792, 49.8297935 ], [ -97.1808757, 49.8328432 ], [ -97.1796945, 49.8362913 ], [ -97.1793073, 49.8468798 ], [ -97.1738277, 49.8469108 ], [ -97.1724656, 49.8451886 ], [ -97.1708005, 49.8457517 ], [ -97.164547399999989, 49.8379909 ], [ -97.176153, 49.8335935 ], [ -97.1803792, 49.8297935 ] ] ] } },
{ "type": "Feature", "properties": { "ID": 215, "Name": "Burrows Central", "Cluster": "Point Douglas North", "Location": "MULTIPOLYGON (((-97.1667591412867 49.93158037761701, -97.16689861186718 49.93142149194093, -97.16891443636108 49.929124937023865, -97.16950992749743 49.92351184167445, -97.16667379908442 49.92260809648146, -97.15647370648344 49.919356944378855, -97.15621191009531 49.919699024190926, -97.15266384083085 49.924280119503536, -97.15122226738589 49.92614102364441, -97.15102714226279 49.92652335785878, -97.1667591412867 49.93158037761701)))", "lon": -97.161161028528966, "lat": 49.925468905416295 }, "geometry": { "type": "Polygon", "coordinates": [ [ [ -97.1667591, 49.931580399999987 ], [ -97.1510271, 49.9265234 ], [ -97.1564737, 49.9193569 ], [ -97.1695099, 49.9235118 ], [ -97.1689144, 49.9291249 ], [ -97.1667591, 49.931580399999987 ] ] ] } },
{ "type": "Feature", "properties": { "ID": 95, "Name": "Burrows-Keewatin", "Cluster": "Inkster East", "Location": "MULTIPOLYGON (((-97.18194649924284 49.92749083482099, -97.18201423935795 49.92758371661132, -97.18206446595723 49.92765959658265, -97.18213072306331 49.92777053119203, -97.1822004883153 49.927907330976495, -97.18227018499479 49.92807650482088, -97.18338925519303 49.931462949814524, -97.18418779723044 49.931708649290684, -97.18450328056352 49.93183620468376, -97.18476657857747 49.931999016024356, -97.18496827341131 49.93222745060117, -97.18507676168208 49.93248086560636, -97.18627380207289 49.93610915458759, -97.18629347008962 49.93616683815843, -97.186318799454 49.93622371096974, -97.1863493442906 49.936279406319784, -97.18638534106127 49.93633374804128, -97.18642633713671 49.936386549187645, -97.18647222105555 49.936437718079546, -97.18652300632623 49.93648689519864, -97.18657835515977 49.93653389539384, -97.18663815271343 49.9365787168627, -97.18670206456669 49.93662108457588, -97.18676987114445 49.9366607253001, -97.18684134274666 49.936697635436815, -97.18691625641857 49.93673163163118, -97.18699427097953 49.936762618611155, -97.1923374988285 49.93847145145781, -97.19241910228591 49.93849268823818, -97.19250254970905 49.938510716195005, -97.19258761473894 49.93852544186514, -97.19267371636364 49.938537036050896, -97.19276086465621 49.93854522911436, -97.19284848196594 49.93855010198145, -97.19293645678361 49.93855156298257, -97.19302444116607 49.93854969662548, -97.19511206690811 49.938550465103006, -97.1951104733444 49.931393293248746, -97.1822176786874 49.92726638956102, -97.1821855019013 49.92716898082437, -97.18170432927327 49.92701496317508, -97.18132420072142 49.92689328575517, -97.18139992136321 49.92695113004949, -97.18146813489528 49.927003910338456, -97.18153297803259 49.927057716897984, -97.18158881449041 49.92710661581736, -97.18164745051719 49.92716050482375, -97.1817002239327 49.92721142406475, -97.18175322694687 49.92726540453797, -97.18181814080621 49.927335669428395, -97.18194649924284 49.92749083482099)))", "lon": -97.189489021979824, "lat": 49.933201661455925 }, "geometry": { "type": "Polygon", "coordinates": [ [ [ -97.1833893, 49.9314629 ], [ -97.1813242, 49.9268933 ], [ -97.1951105, 49.9313933 ], [ -97.195112099999989, 49.9385505 ], [ -97.1924191, 49.9384927 ], [ -97.1865784, 49.9365339 ], [ -97.1849683, 49.9322275 ], [ -97.1833893, 49.9314629 ] ] ] } },
{ "type": "Feature", "properties": { "ID": 920, "Name": "Canterbury Park", "Cluster": "Transcona", "Location": "MULTIPOLYGON (((-96.9681677136996 49.885815657900594, -96.96795817077447 49.88581561605547, -96.96697770617591 49.88581596676661, -96.95652942301814 49.88581260822759, -96.9565412139956 49.88644357764859, -96.95674687004221 49.89748226832378, -96.95718208628155 49.898298705733566, -96.95806103170293 49.89994746150319, -96.95836022830841 49.90050867860085, -96.96237607061887 49.90803759149799, -96.96417772142905 49.90805067625211, -96.96461080581575 49.90805381344314, -96.96493426297715 49.908056155183665, -96.96514639409219 49.9080576905617, -96.9653585238405 49.908059225527225, -96.96557065500566 49.90806076012913, -96.96578278480408 49.908062294318555, -96.96599491601938 49.908063828144314, -96.9662070458679 49.90806536155761, -96.96641917717109 49.90806689370839, -96.96660459780779 49.908068233392726, -96.96663130706972 49.908068426345565, -96.96684343838517 49.90806995861909, -96.96717359763849 49.908072342392124, -96.96764584298103 49.908075751083736, -96.9676900925109 49.90807606991348, -96.96807550566 49.908078850411044, -96.96839189276952 49.908081131429014, -96.96856182021723 49.90808235625797, -96.96873152491564 49.908083578733454, -96.96890122959228 49.90808480185945, -96.96907093567671 49.90808602476145, -96.96924064042311 49.90808724649185, -96.96941602344883 49.908088508971254, -96.96959135213545 49.90808977203236, -96.96976503785882 49.90809102134512, -96.96995597002507 49.90809239521848, -96.9701243937832 49.9080936076133, -96.9702928189866 49.90809481888899, -96.9704455558551 49.90809591716167, -96.97059829273653 49.908097015233146, -96.97075103102271 49.908098113127814, -96.97105241249888 49.908100279814086, -96.9714232255429 49.90810294294819, -96.97150238438829 49.908103512308614, -96.97426955879787 49.90812335229709, -96.97500255266475 49.90812859662275, -96.97545425258738 49.90813182606845, -96.9769069557567 49.908142200290406, -96.97808758558025 49.908150618124075, -96.97945740726799 49.90816036981538, -96.97966755208137 49.908161622247, -96.97966153924757 49.907851268054564, -96.97961929786238 49.907440058928955, -96.97934291883679 49.906990692385854, -96.97919889581564 49.90667265832641, -96.97911607486009 49.906387906019596, -96.9790871474232 49.90622327263411, -96.97906953598398 49.905921193646506, -96.97907475370269 49.9056198427645, -96.97912561304402 49.9025967686069, -96.97915921703672 49.90235474707987, -96.9792466848396 49.90211509332928, -96.97943103286607 49.90183651795132, -96.97964488174662 49.90151489202569, -96.97974486298159 49.90125614117474, -96.97979002410773 49.90094355459451, -96.97978596738122 49.90067260513127, -96.97975291365243 49.89805362192867, -96.9796569315559 49.89762750410683, -96.97939118042548 49.897237879670975, -96.9792043085736 49.89704069215138, -96.97900449452493 49.89677825702476, -96.9788837285425 49.89650071378418, -96.97884271838781 49.89622469949919, -96.97880572160147 49.89342664462891, -96.96828669391195 49.89334526614371, -96.96819167108785 49.887560698482474, -96.96818718364771 49.88728664043705, -96.9681677136996 49.885815657900594)))", "lon": -96.967476627049422, "lat": 49.897943443022854 }, "geometry": { "type": "Polygon", "coordinates": [ [ [ -96.9681677, 49.8858157 ], [ -96.9682867, 49.8933453 ], [ -96.9788057, 49.8934266 ], [ -96.9788837, 49.8965007 ], [ -96.9797529, 49.8980536 ], [ -96.9790695, 49.905921199999987 ], [ -96.9796676, 49.9081616 ], [ -96.9623761, 49.9080376 ], [ -96.9567469, 49.8974823 ], [ -96.9565294, 49.8858126 ], [ -96.9681677, 49.8858157 ] ] ] } },
{ "type": "Feature", "properties": { "ID": 79, "Name": "Centennial", "Cluster": "Downtown East", "Location": "MULTIPOLYGON (((-97.13850596327629 49.9034310881411, -97.13913357379683 49.903632420179775, -97.14076736147368 49.9041564336077, -97.14666511182959 49.90604775309755, -97.15256332972066 49.90793877714297, -97.15279259156698 49.907640530033206, -97.1536370625027 49.907030127204656, -97.15489216393769 49.90542738422076, -97.15505969712719 49.90494936608776, -97.15565157114511 49.90418204464522, -97.14393031474062 49.900418012122955, -97.1438129900451 49.90038032662788, -97.14195983467228 49.89978503096394, -97.1412380574522 49.90073258458815, -97.1410292593334 49.901004584626754, -97.1410116661731 49.90102785040909, -97.14114189254668 49.90106950866717, -97.14112199142306 49.90109546498823, -97.14091353079029 49.90136763837559, -97.14085149268759 49.901448590653, -97.1401875538516 49.90123571314732, -97.13850596327629 49.9034310881411)))", "lon": -97.147209535448013, "lat": 49.903866791455137 }, "geometry": { "type": "Polygon", "coordinates": [ [ [ -97.138506, 49.9034311 ], [ -97.1419598, 49.899785 ], [ -97.1556516, 49.904182 ], [ -97.1525633, 49.9079388 ], [ -97.138506, 49.9034311 ] ] ] } },
{ "type": "Feature", "properties": { "ID": 98, "Name": "Central Park", "Cluster": "Downtown East", "Location": "MULTIPOLYGON (((-97.15017666853913 49.89369861250622, -97.14131201441351 49.89570744330767, -97.14419249666553 49.89663122448334, -97.1457063600795 49.89711565290364, -97.14576780340379 49.89703461563208, -97.1460134105086 49.89671560151184, -97.14613881515001 49.89675579452436, -97.14784871179178 49.897303814643415, -97.15016863149232 49.898047286842825, -97.15093009463608 49.89828959524054, -97.15094746223855 49.89826628810786, -97.15117441124673 49.89797187729153, -97.15123636047574 49.89789080623984, -97.15135875881671 49.89792998996362, -97.15213748051873 49.89811687337923, -97.15244767821072 49.89372937040537, -97.1522583510509 49.89325735836684, -97.15017666853913 49.89369861250622)))", "lon": -97.14851668849191, "lat": 49.895776552052183 }, "geometry": { "type": "Polygon", "coordinates": [ [ [ -97.141312, 49.8957074 ], [ -97.1522584, 49.8932574 ], [ -97.1521375, 49.8981169 ], [ -97.141312, 49.8957074 ] ] ] } },
{ "type": "Feature", "properties": { "ID": 2, "Name": "Central River Heights", "Cluster": "River Heights West", "Location": "MULTIPOLYGON (((-97.17494371135584 49.86300992259936, -97.1751927510224 49.86299399451422, -97.19552399179584 49.8637394957266, -97.19607279410546 49.856808983938805, -97.19049571523635 49.856583188033454, -97.18793624132041 49.85648315421622, -97.1852604549061 49.856387138791064, -97.18113669995859 49.85623904419929, -97.17836692420258 49.856139491651405, -97.17553569248497 49.85603766144563, -97.17494371135584 49.86300992259936)))", "lon": -97.185516618723852, "lat": 49.859888805690368 }, "geometry": { "type": "Polygon", "coordinates": [ [ [ -97.1749437, 49.8630099 ], [ -97.1755357, 49.8560377 ], [ -97.1960728, 49.856809 ], [ -97.195524, 49.8637395 ], [ -97.1749437, 49.8630099 ] ] ] } },
{ "type": "Feature", "properties": { "ID": 1172, "Name": "Central St. Boniface", "Cluster": "St. Boniface West", "Location": "MULTIPOLYGON (((-97.12681410814375 49.88578055844957, -97.12711745637218 49.8854871235027, -97.12884476189767 49.88395038346861, -97.13029333575996 49.88275055446525, -97.12953792067262 49.88226154975195, -97.12795714361235 49.88123821396383, -97.11199604829373 49.881854369272645, -97.10487808905778 49.88212716607869, -97.10488520289812 49.882218114083166, -97.10481545307636 49.882375344552315, -97.10469000900316 49.88244811712913, -97.10432351874178 49.88256164394075, -97.10337347261991 49.883057997279494, -97.10329881640439 49.883138164452696, -97.10329815222127 49.88324004695833, -97.10334371562138 49.883322271255736, -97.10344151034386 49.883378100665944, -97.10422367312775 49.88357498758427, -97.10451554000241 49.88371393993831, -97.10528941740282 49.884184258290155, -97.1055615058092 49.88422162084939, -97.1057145130865 49.884195523012124, -97.10631145271678 49.88390760103459, -97.10648255822147 49.883885395160476, -97.10657510628171 49.88389940758712, -97.10674256993234 49.88411699135648, -97.10675524640584 49.88428591145141, -97.10669530691607 49.884512281315935, -97.10659802522777 49.884648558509, -97.10631168399134 49.884887327569736, -97.10605645625188 49.88499979974432, -97.10585179402227 49.88504043236612, -97.10567925106767 49.885213610200324, -97.10554872096125 49.88559207046442, -97.1052531277447 49.88577366862267, -97.10497412012896 49.885945015108156, -97.10486455689055 49.88604880436082, -97.10483073978688 49.886158958132796, -97.10485471563814 49.88624145833965, -97.10491330676044 49.88631067490662, -97.10508057449832 49.88638670433756, -97.10564263848653 49.886439148979065, -97.10623590807745 49.88644812383266, -97.1068351997668 49.8863618657738, -97.10713999579193 49.886373408589264, -97.10729234933117 49.88642580886186, -97.10741324237681 49.886554677294434, -97.10742305473227 49.88662372563843, -97.10734091371367 49.88681016304905, -97.10689781881574 49.88702362102361, -97.10644671460551 49.887180558931824, -97.10586057553522 49.88727953053832, -97.10570317185693 49.88735609870101, -97.1056078308316 49.88744258426982, -97.10556440547751 49.88756652070319, -97.10560940658651 49.88766330385762, -97.10573540257889 49.887723369291706, -97.10622296953852 49.88773493343212, -97.1067463559537 49.887849153709666, -97.10715892004296 49.88797909874776, -97.10731105365986 49.888125294720695, -97.10743660161172 49.88842582983632, -97.10741520871285 49.88856478561421, -97.10731651415207 49.8886812551889, -97.1071782948872 49.88876038690476, -97.10701640936048 49.88880765567656, -97.10673796000833 49.88884708487547, -97.10633984557826 49.88877897804887, -97.10591018087494 49.88865171846513, -97.10565384729254 49.888615963331404, -97.10546239077028 49.88866490503763, -97.10535623386737 49.88882522787767, -97.10533985338895 49.888953293484924, -97.10525821523065 49.88921159351038, -97.10529171439094 49.88934119388874, -97.10527903241397 49.88946275487833, -97.10532141942598 49.88974358672005, -97.10528180631759 49.88979941667703, -97.10513471729047 49.88987327484923, -97.1048565181444 49.88996180666075, -97.10472543304171 49.88997585122065, -97.10437877197421 49.88990120453431, -97.10426596146891 49.889900079078565, -97.10409662487322 49.889955675567414, -97.10403564613738 49.890002971808705, -97.1039727742792 49.89017767107429, -97.10398071231305 49.8902387749931, -97.10409962663714 49.89038299285515, -97.10419468045436 49.890582398485165, -97.10427611992937 49.89064875143169, -97.10429395852832 49.890776567108865, -97.10425134397576 49.89086499303612, -97.10436485452593 49.8910153275495, -97.10439912778989 49.89106067429692, -97.10497817270709 49.891460627949456, -97.10539137260615 49.89166001716504, -97.10566933989148 49.89187671024884, -97.10592052318019 49.89227318916803, -97.10592141735361 49.89229433785046, -97.10592347816322 49.89234140607479, -97.10604137179452 49.89252076866316, -97.10618889687424 49.892579656410504, -97.10666058886494 49.89265193314424, -97.10695481431972 49.892667620338294, -97.10721635780902 49.89263241109675, -97.1076297935014 49.892570902743415, -97.10770603434804 49.892535544965675, -97.10799658124485 49.892451524589184, -97.10848849058759 49.89229452696886, -97.10868360303915 49.89226983164738, -97.10884790587914 49.892219722131955, -97.10928849869566 49.89215649256903, -97.10940934760319 49.89217240316166, -97.10952001541582 49.89221674602097, -97.10958742827165 49.892292669017266, -97.10959214283949 49.892462897600176, -97.10945440816515 49.892617582956596, -97.10934535992557 49.89279324057934, -97.10934803524329 49.89295687085261, -97.10927826096362 49.893232184302754, -97.10931739063938 49.89377034713624, -97.1096239096569 49.8940328220224, -97.10974202238873 49.89420409039248, -97.10990511331676 49.89439084090575, -97.10992221309921 49.89444687766012, -97.10979723014195 49.89488334888378, -97.10961249838965 49.895021170186226, -97.10961589595358 49.89522510177209, -97.10967106099338 49.895306040992075, -97.11294976893319 49.89444826945826, -97.1249963544609 49.89139811353505, -97.12539958784548 49.891295987653734, -97.12595872615199 49.89127538539384, -97.12730705746273 49.89122569299728, -97.12692036172147 49.89082316668719, -97.12649062626892 49.89041918815031, -97.12608873279832 49.88981974928728, -97.12583754224302 49.88926411588661, -97.12567989369454 49.8886910522604, -97.12565241098396 49.887944288530484, -97.1257660706442 49.88733145777461, -97.12593399977918 49.886849642084, -97.1261585315972 49.886472788934, -97.12648747926829 49.886096508283146, -97.12681410814375 49.88578055844957)))", "lon": -97.11614386806923, "lat": 49.887230456708856 }, "geometry": { "type": "Polygon", "coordinates": [ [ [ -97.1268141, 49.8857806 ], [ -97.1256799, 49.8886911 ], [ -97.1273071, 49.8912257 ], [ -97.1096711, 49.895306 ], [ -97.10952, 49.8922167 ], [ -97.1061889, 49.8925797 ], [ -97.1042513, 49.890865 ], [ -97.104035599999989, 49.890003 ], [ -97.1052818, 49.8897994 ], [ -97.1054624, 49.8886649 ], [ -97.1074152, 49.8885648 ], [ -97.1055644, 49.8875665 ], [ -97.1074231, 49.8866237 ], [ -97.1048547, 49.8862415 ], [ -97.1065751, 49.8838994 ], [ -97.1052894, 49.8841843 ], [ -97.1032988, 49.8831382 ], [ -97.1048781, 49.8821272 ], [ -97.127957099999989, 49.8812382 ], [ -97.1302933, 49.8827506 ], [ -97.1268141, 49.8857806 ] ] ] } },
{ "type": "Feature", "properties": { "ID": 1058, "Name": "Chalmers", "Cluster": "River East South", "Location": "MULTIPOLYGON (((-97.10106805484736 49.90473866479162, -97.10105763348064 49.90512602597152, -97.10101785488823 49.90537194691254, -97.10093144930845 49.90557749898233, -97.10077631437186 49.905799072517375, -97.10059051777331 49.90597997386984, -97.09410928912892 49.91110861563817, -97.08933455549258 49.914885671784255, -97.08965129564292 49.91499266185049, -97.0897780020023 49.915035460983276, -97.09660911330654 49.91730584778086, -97.10961460766984 49.921626793492614, -97.11164851550835 49.91946288356884, -97.11274922533093 49.918114675955, -97.11393085068313 49.91666726941996, -97.1144096360422 49.91480897229391, -97.11787320427734 49.910273604207724, -97.11835180490837 49.90965382878563, -97.1188333671073 49.90921738059723, -97.11934745351944 49.90887759521818, -97.11954348925101 49.90875836055059, -97.120340073788 49.90827384493529, -97.11952542259807 49.907878135208115, -97.11682593276578 49.90651086363811, -97.1163733863878 49.90630481859447, -97.11588798270574 49.90611101882027, -97.11457742905297 49.90567024864685, -97.1140176866644 49.90549149965354, -97.11334580017456 49.905328349715276, -97.11219267332557 49.90509459253287, -97.11170102302275 49.904970416535406, -97.1112761348432 49.904839137529486, -97.11022754213806 49.904464169768126, -97.10988545265363 49.90433310145931, -97.10956023248613 49.904184878128945, -97.10931627929911 49.90402868538689, -97.10908950695287 49.90384721046301, -97.10867694868209 49.90340243542174, -97.10857672959442 49.903159124430715, -97.10856192062305 49.902846315693786, -97.10860335219172 49.90268642398887, -97.10755207719069 49.902625445279476, -97.10662472140311 49.902571646415225, -97.10614307867554 49.90258655003658, -97.10299321740548 49.90308454639586, -97.10200234400412 49.90359380787577, -97.10176613495986 49.90372130994473, -97.10146013675495 49.90395088056213, -97.10125754002098 49.90418431682968, -97.101119462733 49.90445623695471, -97.10106805484736 49.90473866479162)))", "lon": -97.105639611102703, "lat": 49.911901958256024 }, "geometry": { "type": "Polygon", "coordinates": [ [ [ -97.1005905, 49.90598 ], [ -97.1029932, 49.9030845 ], [ -97.1086034, 49.9026864 ], [ -97.1095602, 49.9041849 ], [ -97.1203401, 49.908273799999989 ], [ -97.1183518, 49.9096538 ], [ -97.1144096, 49.914809 ], [ -97.1139309, 49.9166673 ], [ -97.1096146, 49.9216268 ], [ -97.0893346, 49.9148857 ], [ -97.1005905, 49.90598 ] ] ] } },
{ "type": "Feature", "properties": { "ID": 209, "Name": "Chevrier", "Cluster": "Fort Garry North", "Location": "MULTIPOLYGON (((-97.17697775879715 49.813324560816454, -97.16201304725223 49.818410526178965, -97.15668110307327 49.81867398040169, -97.15585846608896 49.82786536001888, -97.1555203762519 49.83161504320594, -97.15573563280097 49.831542817021905, -97.15597500066045 49.83146249991181, -97.15618254820212 49.831392889271584, -97.15639009515516 49.831323278252, -97.15659764287511 49.83125366777416, -97.15680518865085 49.83118405599592, -97.156857836325 49.831166397722704, -97.15703153660947 49.8311081377959, -97.15714409126007 49.83107038636246, -97.15723908254431 49.83103852524672, -97.15744662650076 49.830968912296115, -97.15765416986855 49.83089929896617, -97.15786171400329 49.83082968617798, -97.1582359588351 49.8307041565917, -97.1583794978463 49.830656010575375, -97.15844278583795 49.8306347814329, -97.15862578953178 49.830881706776545, -97.15872138416354 49.83099302353022, -97.15892705448304 49.83123251699652, -97.15904223079411 49.83136663322096, -97.15915740773548 49.831500749335184, -97.1592725839174 49.8316348653171, -97.15938776211941 49.83176898121088, -97.15950088474665 49.831900702224225, -97.15961812041438 49.83203721266772, -97.15973329911759 49.83217132820872, -97.15984847984095 49.832305443661575, -97.15996366119462 49.83243955900418, -97.16007884317868 49.83257367423655, -97.16019402579309 49.832707789358686, -97.16031492642857 49.832848562455496, -97.16056174946982 49.833135951120596, -97.16069781753521 49.83329398327209, -97.1608180859156 49.83343888801954, -97.16093835500662 49.83358379264684, -97.16105862484244 49.83372869625502, -97.161178893965 49.833873600619974, -97.16131923089118 49.834042679147764, -97.16174022473413 49.83454989000157, -97.16188056549662 49.834718968773956, -97.16199083694089 49.83485182036182, -97.16210109041052 49.83498464816687, -97.16221134305341 49.835117476747875, -97.16232159771751 49.83525030435098, -97.16246192120468 49.83541935692188, -97.16266603489974 49.8356652574102, -97.16268608129293 49.83568940772855, -97.1627331356562 49.83567348958889, -97.16295372071244 49.83594550157834, -97.16303629843149 49.836121495154366, -97.16323681776001 49.83636936419566, -97.16325249854351 49.836388777665256, -97.1642551711469 49.83763005688087, -97.16429437785526 49.83767859206143, -97.1645473985369 49.83799085906189, -97.17355591692059 49.83491034051689, -97.17615295127096 49.83359353971409, -97.17734251939795 49.83267122315576, -97.18037919398739 49.82979347506639, -97.17966015616905 49.8286839628606, -97.17927964602573 49.822394098157396, -97.17928010720607 49.81723065612842, -97.17919484390292 49.81610614742185, -97.17882480306213 49.815445225218085, -97.1776830679626 49.814151472374185, -97.17697775879715 49.813324560816454)))", "lon": -97.168477420596588, "lat": 49.825584143488989 }, "geometry": { "type": "Polygon", "coordinates": [ [ [ -97.176977799999989, 49.8133246 ], [ -97.1791948, 49.8161061 ], [ -97.1796602, 49.828684 ], [ -97.1803792, 49.8297935 ], [ -97.1773425, 49.8326712 ], [ -97.1735559, 49.8349103 ], [ -97.164547399999989, 49.8379909 ], [ -97.158442799999989, 49.8306348 ], [ -97.1555204, 49.831615 ], [ -97.1566811, 49.818674 ], [ -97.162013, 49.8184105 ], [ -97.176977799999989, 49.8133246 ] ] ] } },
{ "type": "Feature", "properties": { "ID": 11, "Name": "China Town", "Cluster": "Downtown East", "Location": "MULTIPOLYGON (((-97.13850596327629 49.9034310881411, -97.1401875538516 49.90123571314732, -97.1404578979543 49.90088272204284, -97.13793279141773 49.90007614985771, -97.13741249906269 49.90068404806994, -97.1366819326528 49.901537595513204, -97.13584658124667 49.90257806858552, -97.13850596327629 49.9034310881411)))", "lon": -97.138170596410603, "lat": 49.901751414180694 }, "geometry": { "type": "Polygon", "coordinates": [ [ [ -97.138506, 49.9034311 ], [ -97.1358466, 49.9025781 ], [ -97.1379328, 49.9000761 ], [ -97.1404579, 49.9008827 ], [ -97.138506, 49.9034311 ] ] ] } },
{ "type": "Feature", "properties": { "ID": 1066, "Name": "Civic Centre", "Cluster": "Downtown East", "Location": "MULTIPOLYGON (((-97.13116580650657 49.89791178177941, -97.13111061870872 49.89804836716926, -97.13094789855462 49.89830253284406, -97.13057251602403 49.898706645288755, -97.13011681107004 49.89904787798987, -97.1295916615349 49.899370559314974, -97.12898596574 49.89968264273669, -97.12878433061518 49.89976382127738, -97.12937307962422 49.899945164863205, -97.12974919286812 49.90006583510517, -97.12975675461446 49.900061188842365, -97.12980244042207 49.900042946411844, -97.1298381789901 49.90002625254087, -97.12984433636213 49.90002030946453, -97.1335784891925 49.90121732748402, -97.13318898451858 49.90172582557653, -97.13584658124667 49.90257806858552, -97.1366819333699 49.90153759467542, -97.13741249906269 49.90068404806994, -97.13793279141773 49.90007614985771, -97.1404578979543 49.90088272204284, -97.1411245548825 49.900011812575634, -97.14131671476179 49.899574877180875, -97.1404059787867 49.89928220268592, -97.13921865174093 49.89896153314745, -97.13896884897493 49.89887239754294, -97.1385231707674 49.899368065489064, -97.1364389768065 49.89870199825564, -97.1358359795836 49.899406182066684, -97.13116580650657 49.89791178177941)))", "lon": -97.134903673095451, "lat": 49.900053341962362 }, "geometry": { "type": "Polygon", "coordinates": [ [ [ -97.1311658, 49.8979118 ], [ -97.135836, 49.8994062 ], [ -97.136439, 49.898702 ], [ -97.1413167, 49.8995749 ], [ -97.1404579, 49.9008827 ], [ -97.1379328, 49.9000761 ], [ -97.1358466, 49.9025781 ], [ -97.1287843, 49.8997638 ], [ -97.1311658, 49.8979118 ] ] ] } },
{ "type": "Feature", "properties": { "ID": 137, "Name": "Cloutier Drive", "Cluster": "Fort Garry South", "Location": "MULTIPOLYGON (((-97.1533765163651 49.77437975371335, -97.15277428451485 49.77483381837705, -97.15124382602045 49.77558786621374, -97.14948392340372 49.776182789331095, -97.14780660855664 49.77673167532258, -97.14516261108838 49.77732410772909, -97.14256918980973 49.77778443857313, -97.14041741342234 49.778020540597105, -97.1384186231203 49.77822953862905, -97.13619044718273 49.778277356884935, -97.1341308798781 49.77848530310652, -97.13303933386757 49.77881214817706, -97.13233184654106 49.77922882373972, -97.13185038459817 49.779721237634455, -97.13151015520502 49.780402470407076, -97.13148400236324 49.780942361373214, -97.1318689736208 49.7817572965843, -97.13267052049584 49.782566164651016, -97.1347405324118 49.78417745909173, -97.13517177071847 49.784555656055616, -97.13590942503455 49.78429788076416, -97.14453709530542 49.78128236094719, -97.15660469630681 49.77706280356061, -97.15643517484331 49.77382426009717, -97.15612798939847 49.77393135945831, -97.15440802085915 49.774530997768, -97.15421276661526 49.77459906692214, -97.1533765163651 49.77437975371335)))", "lon": -97.143063361201996, "lat": 49.779381891468574 }, "geometry": { "type": "Polygon", "coordinates": [ [ [ -97.1451626, 49.7773241 ], [ -97.1564352, 49.7738243 ], [ -97.1566047, 49.7770628 ], [ -97.1351718, 49.7845557 ], [ -97.131484, 49.7809424 ], [ -97.1330393, 49.7788121 ], [ -97.1451626, 49.7773241 ] ] ] } },
{ "type": "Feature", "properties": { "ID": 38, "Name": "Colony", "Cluster": "Downtown East", "Location": "MULTIPOLYGON (((-97.15334320607775 49.89276761032359, -97.1549643132271 49.8928230117676, -97.15520330394227 49.88943099035775, -97.15409424342552 49.88973363668677, -97.15411084132091 49.88924172972363, -97.15352910132174 49.88920555859028, -97.15303591530214 49.889083821425224, -97.15196093578761 49.889044497904585, -97.15185489465011 49.88903471667389, -97.15119722234319 49.88893456691621, -97.15106275891912 49.88888509107338, -97.15093162954686 49.88883680138432, -97.15001542080297 49.888796821774825, -97.14957537888537 49.88889591761694, -97.15057013718595 49.89039198181332, -97.15086574062387 49.89093332108576, -97.15165666845671 49.89238142729738, -97.15215068793061 49.89298899436726, -97.15249885711692 49.892924397160655, -97.15334320607775 49.89276761032359)))", "lon": -97.152788916610817, "lat": 49.890783071984984 }, "geometry": { "type": "Polygon", "coordinates": [ [ [ -97.154964299999989, 49.892823 ], [ -97.1521507, 49.892989 ], [ -97.149575399999989, 49.8888959 ], [ -97.1552033, 49.889431 ], [ -97.154964299999989, 49.892823 ] ] ] } },
{ "type": "Feature", "properties": { "ID": 1402, "Name": "Crescent Park", "Cluster": "Fort Garry North", "Location": "MULTIPOLYGON (((-97.15208881401375 49.8278222105298, -97.15183488537603 49.82790817431823, -97.15087691215273 49.82823247417486, -97.15072118758603 49.828285189985486, -97.14964292886432 49.82865019267858, -97.1485260380593 49.829028256243944, -97.14851344468768 49.82935805693235, -97.14846175870538 49.829817021394035, -97.1482489189151 49.8304017439041, -97.14800856760132 49.83084664439787, -97.14766248548415 49.831238860881854, -97.14728655633895 49.831552409279084, -97.14686304733772 49.831770007922636, -97.14640625636542 49.831930130038586, -97.14560320497777 49.83210850646253, -97.14464232073352 49.83222230834041, -97.14368573726466 49.83225798130644, -97.1429306535627 49.832212736780264, -97.14216661762381 49.83209255348318, -97.14062682720473 49.8318154383976, -97.13951972268944 49.83156224853879, -97.13878012414169 49.83142203779964, -97.1376519883278 49.83127217879614, -97.136486709121 49.831165905732, -97.13560474594199 49.83114066991195, -97.1346412662733 49.83125349719929, -97.13377257432471 49.83149787641128, -97.1328846868405 49.83186517398646, -97.1321389081606 49.83232909348736, -97.13176385715977 49.83265110500726, -97.13146719568236 49.832984578091754, -97.13123081370661 49.83342440901751, -97.13108367956707 49.8341053480562, -97.13111609769017 49.834593708047656, -97.13131397697546 49.835084736411325, -97.13171440174474 49.83570736362019, -97.13187800132664 49.83591750030612, -97.132266556027 49.83641657415231, -97.13280898740855 49.83696924547262, -97.13329556339187 49.83736888408833, -97.13402820524108 49.83789656710816, -97.1360128947467 49.83921779147069, -97.1367284158225 49.83971373569164, -97.13717595324339 49.84013907640902, -97.13742295794191 49.84058498920616, -97.13756558342472 49.841148208370726, -97.13756079185016 49.8414438927499, -97.1375169660248 49.841763596534854, -97.13724633033483 49.84227427921761, -97.13692122270578 49.84266340128013, -97.13645599364682 49.84300522507153, -97.13613146244181 49.843151248287114, -97.1365572430435 49.843659583549496, -97.1371305051816 49.84434397653677, -97.13721109026214 49.8444401818409, -97.13707615240708 49.844487448822484, -97.13812555145468 49.84573586882861, -97.13973959671422 49.84601793681904, -97.15348857623476 49.84136493148403, -97.15130718419515 49.83862884630424, -97.15021088483026 49.83421677929773, -97.15181939095842 49.82923232269841, -97.15191990287526 49.8289207864387, -97.15208881401375 49.8278222105298)))", "lon": -97.142628862774544, "lat": 49.837326262686858 }, "geometry": { "type": "Polygon", "coordinates": [ [ [ -97.1520888, 49.8278222 ], [ -97.1502109, 49.8342168 ], [ -97.1513072, 49.8386288 ], [ -97.153488599999989, 49.8413649 ], [ -97.1397396, 49.8460179 ], [ -97.1381256, 49.8457359 ], [ -97.1361315, 49.8431512 ], [ -97.137517, 49.8417636 ], [ -97.137423, 49.840585 ], [ -97.1322666, 49.8364166 ], [ -97.1311161, 49.8345937 ], [ -97.1314672, 49.8329846 ], [ -97.1356047, 49.8311407 ], [ -97.1429307, 49.8322127 ], [ -97.1464063, 49.8319301 ], [ -97.1480086, 49.8308466 ], [ -97.148526, 49.8290283 ], [ -97.1520888, 49.8278222 ] ] ] } },
{ "type": "Feature", "properties": { "ID": 1476, "Name": "Crescentwood", "Cluster": "River Heights West", "Location": "MULTIPOLYGON (((-97.17211322636066 49.8645476945555, -97.16997443616187 49.86526127924075, -97.16783227494184 49.86597402336355, -97.16569005144177 49.866686727095306, -97.16354776566273 49.867399390432915, -97.16141185849662 49.86810619774432, -97.16172764272414 49.86850483829988, -97.16330709243924 49.87049822914395, -97.16116280192439 49.87120245690535, -97.1590341594243 49.87191525394058, -97.15687585694019 49.872625082357544, -97.15656052875974 49.87273005689872, -97.15778795143486 49.873065387193904, -97.15765331370424 49.87319941463556, -97.15710255166076 49.87374179894515, -97.1568592930842 49.87398399488302, -97.1570292416988 49.8740288665294, -97.1576141058786 49.87425080037903, -97.15811480393755 49.87455853951219, -97.15858642106855 49.87496922736175, -97.15937444013794 49.87580672345318, -97.15971302056774 49.876217617697144, -97.16028898360908 49.87710054176683, -97.16053705147534 49.877433308582575, -97.16084969314547 49.87772294565488, -97.16126119033011 49.87796792396185, -97.16169652453162 49.8781976705045, -97.16255904278935 49.87779551783732, -97.16274707099116 49.8776490164936, -97.16322322766408 49.877181542563676, -97.16290145766025 49.877025717150815, -97.16339434144346 49.87664655099603, -97.16354759455558 49.87649753386465, -97.16383136910079 49.87626011274817, -97.16430610174058 49.875983897062305, -97.16713515939135 49.87497511442918, -97.16918454068728 49.87423810501011, -97.17117294262259 49.87351410017184, -97.17144850271853 49.87340153629174, -97.17200808780787 49.87335028854068, -97.1740496663992 49.873420240415534, -97.17424974709411 49.87097962254811, -97.17434670178861 49.86996625541347, -97.17444564064158 49.86883985308567, -97.17452668077352 49.867797706380365, -97.17462321067126 49.86664093532512, -97.1747162251631 49.865722839897515, -97.17479725245899 49.86468069234441, -97.17494371135584 49.86300992259936, -97.17449870000243 49.86309782111233, -97.17411952527037 49.86325650360138, -97.17382710495352 49.86346907083778, -97.17319213941532 49.864064818719825, -97.17294927393964 49.864237803873046, -97.17265649677272 49.8643732427399, -97.17211322636066 49.8645476945555)))", "lon": -97.166994379024985, "lat": 49.870865277729393 }, "geometry": { "type": "Polygon", "coordinates": [ [ [ -97.1614119, 49.8681062 ], [ -97.1749437, 49.8630099 ], [ -97.1740497, 49.8734202 ], [ -97.1714485, 49.8734015 ], [ -97.1643061, 49.8759839 ], [ -97.1616965, 49.8781977 ], [ -97.1568593, 49.873984 ], [ -97.157788, 49.8730654 ], [ -97.1565605, 49.8727301 ], [ -97.1633071, 49.8704982 ], [ -97.1614119, 49.8681062 ] ] ] } },
{ "type": "Feature", "properties": { "ID": 1644, "Name": "Dakota Crossing", "Cluster": "St. Vital South", "Location": "MULTIPOLYGON (((-97.08810280509876 49.80146597951928, -97.06598162788246 49.808932006155075, -97.06623319902734 49.80950347798433, -97.06623638727153 49.809549577379656, -97.06633165836665 49.809660321206415, -97.06643130832938 49.809756405632186, -97.06657325929221 49.80985565130099, -97.06672609717646 49.80996735545865, -97.06675913973883 49.80998094692204, -97.06687711709263 49.810029474645766, -97.06695904739213 49.81008553011046, -97.06699493666603 49.81014572815458, -97.06700260406795 49.810247643554426, -97.0669243895466 49.81037535865319, -97.06692505985541 49.81046242491126, -97.0670219246548 49.81058130702251, -97.0671247789571 49.810658700533025, -97.0672170890378 49.81071421173, -97.0673217938193 49.81077262817553, -97.06740488191437 49.810815392102946, -97.06746438387314 49.81089194430516, -97.06751149146545 49.81096559117872, -97.06751856565907 49.81103227364849, -97.06752624855179 49.81108367443183, -97.0675274071688 49.81109712718735, -97.06753005056123 49.81112781432303, -97.06757082157269 49.81118606363783, -97.06765216344837 49.81123779345352, -97.06775484346102 49.81127728580767, -97.06788552078648 49.8113118478554, -97.0679657219411 49.81132242413208, -97.06801826754494 49.81132935338697, -97.06812558758683 49.811322147754304, -97.06825592765502 49.81126045513993, -97.06838320951125 49.81117082627834, -97.06849862648195 49.81109988939046, -97.06861293379181 49.811056819003795, -97.06873201012662 49.81103361743717, -97.06882393553417 49.81106393437171, -97.06891044144952 49.8111256440935, -97.06894187763753 49.81120892387937, -97.06894820247237 49.81129448367434, -97.0689077601938 49.81135596121865, -97.06889493827121 49.81137545217884, -97.06887042872108 49.81139753164632, -97.06880562826937 49.81145402078874, -97.06860990844754 49.81162166698102, -97.06853403014837 49.81167707178047, -97.0684682334677 49.811723649410204, -97.0684045773693 49.81175137277671, -97.06829497249336 49.811781028569904, -97.06815530086091 49.81183267091604, -97.06808028080785 49.81186650125739, -97.06802435056721 49.8119096450794, -97.06798330695014 49.81196293183804, -97.06796512682786 49.812035489767666, -97.06797800890507 49.812095972408095, -97.06804443012949 49.81213845792043, -97.06806085354971 49.81214950423611, -97.06815002697134 49.81220948173571, -97.06825608942877 49.812268819460144, -97.06837668784802 49.81231220808086, -97.06850854941453 49.812317105000695, -97.06858217419777 49.81231833238811, -97.0686818056116 49.81229480670407, -97.06884737720085 49.8122211074421, -97.06900685503992 49.812160799175544, -97.0691556067724 49.8121254984832, -97.06926827036374 49.81212377795565, -97.06928318260401 49.812127873706835, -97.0693658978247 49.81215059138751, -97.06938491720054 49.81217031458143, -97.0694126219457 49.81219904451586, -97.06941083337875 49.812243990690796, -97.06936590971479 49.81229001711961, -97.06930478124382 49.812324079736385, -97.06922559375583 49.81235784136961, -97.0690903392964 49.81240326181716, -97.0689763154278 49.81243914124679, -97.06887072731352 49.81250754387726, -97.06879887222269 49.81256661398501, -97.06873777235931 49.812634858525215, -97.06869067125811 49.81270063782852, -97.06867284974005 49.8127642066395, -97.068669843734 49.81283971617285, -97.0686920573818 49.81291024899029, -97.06872363740278 49.81298993312836, -97.06876871558202 49.81307973697037, -97.06879051364523 49.81312823990196, -97.06880974346336 49.81317578568037, -97.06884101097826 49.81331114386137, -97.06881191678775 49.81342727594033, -97.06867868649005 49.813499289107874, -97.06841226471742 49.81355022597878, -97.0682155680794 49.81360559746652, -97.06814702156066 49.8136862077083, -97.06816665381467 49.81378553508481, -97.06827582508231 49.81386270444974, -97.0684789016194 49.813940855712424, -97.06897688082682 49.814003173231384, -97.0691884975531 49.81405366488375, -97.06935278447413 49.81405203451091, -97.06949082606134 49.81401135820193, -97.0696801794661 49.813912744654274, -97.07013741956554 49.813758887141944, -97.07078438591465 49.81349139004168, -97.07126406268075 49.813370467577386, -97.07183489753083 49.81315351056407, -97.07203127067946 49.81310210446455, -97.07236461397335 49.81306601900344, -97.0725132437922 49.81307901067236, -97.07257188498352 49.81311900580418, -97.07263492031932 49.81325259197854, -97.07269861985282 49.81351731711135, -97.07275283105693 49.813697864737556, -97.07273120490045 49.81389750342021, -97.07255809378742 49.81417154467382, -97.0723585390129 49.81439144379474, -97.07224795281601 49.814443440497605, -97.07211101571292 49.81444231556774, -97.07184508100275 49.81442732905139, -97.07159970079745 49.81435269417416, -97.07143909896016 49.81422786326647, -97.07131612074983 49.81422320314888, -97.07120048335541 49.81426243284135, -97.07116057977919 49.81435492475792, -97.07125719568545 49.81482171461042, -97.07152023374599 49.815120174404385, -97.07154146724355 49.8153271266755, -97.0714110141708 49.81562971001605, -97.07144398097545 49.81573211343369, -97.07166350666161 49.815873098186714, -97.07197030847034 49.81611370660644, -97.07233850878768 49.81631325684526, -97.07260432803668 49.8166530161933, -97.07288040607109 49.816924298116135, -97.0730142128249 49.817018158202224, -97.07312866005586 49.8170509001605, -97.07323961558654 49.81703721801624, -97.07338052714668 49.816939626228645, -97.0735624791317 49.81680041971013, -97.07361044441352 49.816681677315756, -97.07357255595217 49.81642069990081, -97.07352200568097 49.816317328857316, -97.07337529090506 49.81615243531526, -97.07333036082929 49.81606593496118, -97.07335677048974 49.81600925110803, -97.07341476796874 49.815965962529404, -97.07353279983559 49.81592869697079, -97.07365628623266 49.81593055424342, -97.07387228649345 49.81598641734514, -97.07422767864679 49.81603404961093, -97.07453838877586 49.81610368172999, -97.07492715510345 49.81628105740576, -97.07510989491777 49.8163892610426, -97.07524266976885 49.816483386382096, -97.07538748285198 49.8166081890476, -97.07538430293137 49.81668833517503, -97.07503638912749 49.81693347750786, -97.07492622393876 49.817126383685626, -97.07495876998543 49.8175146807386, -97.07498428455133 49.8175748185547, -97.07505460745622 49.81762806299896, -97.07514215953991 49.81765277820876, -97.07534761108579 49.81764056843966, -97.07551376909947 49.817604444998565, -97.075672576787 49.81749301923008, -97.075768918944 49.817353857224035, -97.07585177062417 49.81698306286988, -97.07594711830588 49.81679821728964, -97.07605494908131 49.81662225159411, -97.07618889296229 49.81649185532596, -97.07629477265718 49.816446744879855, -97.07649667184118 49.8164292665063, -97.07662704887812 49.81648350699283, -97.0767145289539 49.816604734148115, -97.07676233067492 49.81672530260161, -97.0767283546478 49.81686499682798, -97.07673369679144 49.817016356310326, -97.07672547529378 49.81714060501751, -97.076675013411 49.817303633376405, -97.0764600703687 49.81755523781818, -97.07640814907619 49.81774150246934, -97.07643877514302 49.81798399103453, -97.07650539927735 49.81813056291139, -97.0765898841555 49.81823369019507, -97.07682803259917 49.81830256204518, -97.07696146677299 49.81838809849184, -97.07699002521925 49.818572121986, -97.07696619249414 49.81862078330432, -97.0769042787478 49.81866662412424, -97.0767413488415 49.81871599575207, -97.07648020886451 49.818711660688116, -97.07628626049224 49.818744893899044, -97.07623155033332 49.81879849178704, -97.07629156258751 49.81890884791927, -97.07670362082982 49.81905272896871, -97.07692350625994 49.81908841210716, -97.07706179817816 49.81905147674196, -97.07728683533686 49.818951406452456, -97.07746785931948 49.8189464253508, -97.07755090522687 49.81897661872421, -97.07760055389271 49.81903715637118, -97.07757371422588 49.81921342243011, -97.07746367656924 49.8193497717226, -97.07731519515828 49.81944069756808, -97.07722622191245 49.81946525910088, -97.07699663263973 49.819477071619644, -97.07689257672003 49.81946249911848, -97.07680004249954 49.81946860101627, -97.07674584108096 49.81950936216189, -97.07673156768423 49.81957161648966, -97.07675333184595 49.81963169162694, -97.07686126897866 49.81971148996144, -97.07703211476515 49.81980018482208, -97.07723068431443 49.81985548394502, -97.07742667236201 49.81987720878181, -97.0775563038405 49.819855751927584, -97.07762584950937 49.81982045259786, -97.07781145543231 49.81960515976235, -97.07789340233037 49.819351693806155, -97.07807438603744 49.81925297420508, -97.07818311653207 49.8192443625497, -97.0783517545108 49.81934888147584, -97.07845746270027 49.81952491578964, -97.07848140339965 49.819733269809824, -97.07842540487724 49.82002257820949, -97.07838007292763 49.820083276103574, -97.07817155971613 49.82017251304266, -97.07771072459855 49.82025131451641, -97.07735629773387 49.82028535868217, -97.07711936107894 49.8203741220767, -97.07706955864018 49.82042571875831, -97.07707206014976 49.820484432610904, -97.07711178203321 49.82056528894143, -97.07746707509378 49.82080726287166, -97.07786809027063 49.82103298269639, -97.07790371641129 49.82109537059698, -97.07785544024706 49.821230314575566, -97.07762113893577 49.82148264144862, -97.07754333989882 49.82164486934239, -97.07758233459387 49.821744113618756, -97.07772950192938 49.821876051015884, -97.07790806179784 49.82194705928861, -97.07816358200992 49.8219853208337, -97.0784083904979 49.82195535816416, -97.07928933771522 49.82191893054989, -97.0795559816111 49.8219202258593, -97.08015419543132 49.82186868988123, -97.08119230654286 49.8216574462447, -97.08131110825121 49.82166566274055, -97.0814433046614 49.8217015276079, -97.08151761400995 49.8217492792669, -97.08155214745733 49.82183942178989, -97.08152387113951 49.821943799955335, -97.08145447934652 49.82201656926907, -97.08141531382452 49.82209712366473, -97.08133995641187 49.822252169091186, -97.08122347598979 49.82242938164166, -97.08114104748951 49.82270887980051, -97.08068083819984 49.8232595120739, -97.08043883841356 49.82346241841073, -97.08024841152086 49.82358250998007, -97.08010008867282 49.82370989519888, -97.08008738640848 49.823786757198015, -97.08012355362624 49.82384915333165, -97.0801980022295 49.82389343638672, -97.08041771435768 49.82394186195045, -97.08066993185022 49.823955413874664, -97.08087663098661 49.82391231643267, -97.08106088576686 49.823826144598726, -97.08201206805226 49.823520758524445, -97.0821658810295 49.82349865524955, -97.08230297692896 49.823519324572416, -97.08240637231098 49.823564432467386, -97.08253883188422 49.82370236933113, -97.08260833183469 49.82388543822249, -97.08251870240416 49.82415718029999, -97.08245852143837 49.82422700768595, -97.08218815691187 49.824441599273484, -97.08175659921842 49.82498680798247, -97.08168480019911 49.82510608839027, -97.08144804827032 49.825311861071235, -97.08124728485222 49.82557099956239, -97.081133026849 49.825800324748485, -97.08097858281761 49.82597378372918, -97.08089125740453 49.826132731405536, -97.08066807022887 49.82634810084372, -97.08060666157964 49.82644880534328, -97.08056895068098 49.82662871068237, -97.08059432636568 49.8267062034785, -97.08087957672376 49.82697026671288, -97.08099125780367 49.8270366906125, -97.08114718326016 49.8270701735129, -97.08131432728958 49.827063912700645, -97.08155453793067 49.827015109667144, -97.08191835342232 49.82686699808504, -97.0821295877811 49.826818071505514, -97.08221479411544 49.82683475742962, -97.0822894245116 49.82699673376715, -97.08216665423785 49.827210643417025, -97.08172203617639 49.82742061371771, -97.08160835810158 49.82752670248425, -97.0815862366164 49.82759750670451, -97.08160249691679 49.8276748483373, -97.0816385031425 49.827727867599776, -97.08178232732294 49.82782294389469, -97.0819422248495 49.82787801400822, -97.08198275366121 49.827937362976456, -97.08198358694017 49.82799769008206, -97.08210615859919 49.82795523265706, -97.08235046541702 49.82787060694702, -97.08241911415101 49.82784682748851, -97.08249418407563 49.82782082369896, -97.08315902642939 49.8275905220099, -97.08370586098481 49.827401093907966, -97.08398472936665 49.82730448980137, -97.08474318550788 49.82704174435628, -97.08494205406991 49.82697285072373, -97.08503563738944 49.82715151587111, -97.09569752550205 49.823464762475645, -97.09650749063884 49.82331655145404, -97.09905963106732 49.823212578749526, -97.0996506425126 49.823133599320094, -97.10063903135355 49.82279309663446, -97.09957805197642 49.821543151078345, -97.09915998380815 49.82074716301348, -97.09901994879777 49.81995733668583, -97.09933656960138 49.81848909184749, -97.09928157977251 49.817866781850185, -97.09898478900058 49.817279572637325, -97.09458269573972 49.81183808699403, -97.09233251617154 49.80892582595295, -97.09154125341365 49.80738689614271, -97.09036581522327 49.804348009233465, -97.08810280509876 49.80146597951928)))", "lon": -97.084504807283167, "lat": 49.81446726852537 }, "geometry": { "type": "Polygon", "coordinates": [ [ [ -97.0881028, 49.801466 ], [ -97.0903658, 49.804348 ], [ -97.0923325, 49.8089258 ], [ -97.0989848, 49.8172796 ], [ -97.09916, 49.8207472 ], [ -97.100639, 49.8227931 ], [ -97.0956975, 49.8234648 ], [ -97.081983600000015, 49.8279977 ], [ -97.0822148, 49.8268348 ], [ -97.080569, 49.8266287 ], [ -97.0825388, 49.8237024 ], [ -97.0800874, 49.8237868 ], [ -97.0815176, 49.8217493 ], [ -97.0777295, 49.8218761 ], [ -97.0770696, 49.8204257 ], [ -97.0784575, 49.8195249 ], [ -97.0770321, 49.8198002 ], [ -97.0775509, 49.8189766 ], [ -97.0762916, 49.818908799999988 ], [ -97.07699, 49.8185721 ], [ -97.076627, 49.8164835 ], [ -97.0753476, 49.8176406 ], [ -97.0753875, 49.8166082 ], [ -97.0745384, 49.8161037 ], [ -97.0734148, 49.815966 ], [ -97.0735625, 49.8168004 ], [ -97.072880400000017, 49.8169243 ], [ -97.071444, 49.8157321 ], [ -97.0711606, 49.8143549 ], [ -97.0723585, 49.8143914 ], [ -97.072513199999989, 49.813079 ], [ -97.0681667, 49.8137855 ], [ -97.0694126, 49.812199 ], [ -97.067978, 49.812096 ], [ -97.0689104, 49.8111256 ], [ -97.0675708, 49.8111861 ], [ -97.0659816, 49.808932 ], [ -97.0881028, 49.801466 ] ] ] } },
{ "type": "Feature", "properties": { "ID": 36, "Name": "Daniel McIntyre", "Cluster": "Downtown West", "Location": "MULTIPOLYGON (((-97.17421890805521 49.893408440285874, -97.15874203123396 49.89293971008689, -97.15816435938135 49.901100867312095, -97.15970381925703 49.90155011390195, -97.17143556734793 49.90530612980969, -97.1732690046294 49.90589332894713, -97.17379726248583 49.8989511164843, -97.17421890805521 49.893408440285874)))", "lon": -97.16663892259929, "lat": 49.898416435376703 }, "geometry": { "type": "Polygon", "coordinates": [ [ [ -97.1742189, 49.8934084 ], [ -97.173269, 49.9058933 ], [ -97.1581644, 49.9011009 ], [ -97.158742, 49.8929397 ], [ -97.1742189, 49.8934084 ] ] ] } },
{ "type": "Feature", "properties": { "ID": 194, "Name": "Deer Lodge", "Cluster": "St. James-Assiniboia East", "Location": "MULTIPOLYGON (((-97.23721814124703 49.888684541520036, -97.23756443834915 49.88488185114338, -97.24095812996013 49.88501577716983, -97.2417160629903 49.87646993661897, -97.23501518055085 49.87723766470472, -97.2308702368255 49.87722726501668, -97.2297585880952 49.87753516692905, -97.22639126643693 49.8784675883136, -97.22357867005796 49.87852605013345, -97.22352831914634 49.879059830754116, -97.22296742464529 49.879071467674095, -97.22253675257798 49.883682121218044, -97.22308911730174 49.88370416958354, -97.22303136071662 49.884323630571984, -97.22246993212332 49.884301263110615, -97.22211255414726 49.88809529044143, -97.22267149570935 49.88811780115692, -97.2284270142637 49.88834225700254, -97.23721814124703 49.888684541520036)))", "lon": -97.231844522301458, "lat": 49.88268923606222 }, "geometry": { "type": "Polygon", "coordinates": [ [ [ -97.2372181, 49.888684499999989 ], [ -97.2221126, 49.8880953 ], [ -97.2224699, 49.8843013 ], [ -97.2230314, 49.8843236 ], [ -97.2229674, 49.8790715 ], [ -97.2308702, 49.8772273 ], [ -97.2417161, 49.8764699 ], [ -97.2409581, 49.8850158 ], [ -97.2375644, 49.8848819 ], [ -97.2372181, 49.888684499999989 ] ] ] } },
{ "type": "Feature", "properties": { "ID": 99, "Name": "Dufferin", "Cluster": "Point Douglas South", "Location": "MULTIPOLYGON (((-97.14324589659113 49.91177856963307, -97.1423353932316 49.91333356007377, -97.14197793843275 49.91379589155042, -97.14168506341 49.91417651583741, -97.14181047884388 49.91421678851324, -97.14406716662404 49.9149419327075, -97.14431793874962 49.91502256712571, -97.14657554856393 49.91574803883407, -97.14682633683123 49.915828686022714, -97.14908402294651 49.91655410963699, -97.14933481274112 49.91663473293227, -97.1515955138659 49.91736109167831, -97.15184630072666 49.9174416986483, -97.15410448386804 49.91816716551345, -97.15435526546528 49.918247780413225, -97.1566137671733 49.918973276319036, -97.15673916175739 49.91901358115787, -97.15647370648344 49.919356944378855, -97.16667379908442 49.92260809648146, -97.16976114141872 49.92115286406781, -97.16985706396859 49.92021154358447, -97.16965504188195 49.92014633201602, -97.1694698458346 49.920086991771946, -97.16805107115876 49.91963234309556, -97.16729053048337 49.9193885197447, -97.16664113568814 49.9191803230262, -97.1656906265956 49.918875578981954, -97.16474012964824 49.918570827263714, -97.16315756325365 49.91806339336956, -97.1628248880442 49.91795672035202, -97.16123106971018 49.917445639475, -97.1611062835627 49.91740565510866, -97.16104420967129 49.917486472415916, -97.15853323664382 49.91668148035161, -97.14324589659113 49.91177856963307)))", "lon": -97.15613080777571, "lat": 49.917423293685211 }, "geometry": { "type": "Polygon", "coordinates": [ [ [ -97.1432459, 49.9117786 ], [ -97.1698571, 49.9202115 ], [ -97.1697611, 49.9211529 ], [ -97.1666738, 49.9226081 ], [ -97.141685099999989, 49.9141765 ], [ -97.1432459, 49.9117786 ] ] ] } },
{ "type": "Feature", "properties": { "ID": 214, "Name": "Dufferin Industrial", "Cluster": "Point Douglas South", "Location": "MULTIPOLYGON (((-97.14324589659113 49.91177856963307, -97.15853323664382 49.91668148035161, -97.16074342535349 49.913804765117064, -97.14504241864364 49.90879318020181, -97.14324589659113 49.91177856963307)))", "lon": -97.15190372112896, "lat": 49.912761195768269 }, "geometry": { "type": "Polygon", "coordinates": [ [ [ -97.1432459, 49.9117786 ], [ -97.1450424, 49.9087932 ], [ -97.1607434, 49.9138048 ], [ -97.1585332, 49.9166815 ], [ -97.1432459, 49.9117786 ] ] ] } },
{ "type": "Feature", "properties": { "ID": 1085, "Name": "Dufresne", "Cluster": "St. Boniface East", "Location": "MULTIPOLYGON (((-97.1008830791684 49.88577029415084, -97.10156608460703 49.885769075743504, -97.10271431227682 49.88576701922105, -97.10274401223649 49.88576696565402, -97.10299433721823 49.88576651573236, -97.10453447182842 49.88576373485384, -97.10461932804174 49.885763581595036, -97.10514606658468 49.88576262555038, -97.1052531277447 49.88577366862267, -97.10554872096125 49.88559207046442, -97.10567925106767 49.885213610200324, -97.10585179402227 49.88504043236612, -97.10605645625188 49.88499979974432, -97.10631168399134 49.884887327569736, -97.10659802522777 49.884648558509, -97.10669530691607 49.884512281315935, -97.10675524640584 49.88428591145141, -97.10674256993234 49.88411699135648, -97.10657510628171 49.88389940758712, -97.10648255822147 49.883885395160476, -97.10631145271678 49.88390760103459, -97.1057145130865 49.884195523012124, -97.1055615058092 49.88422162084939, -97.10528941740282 49.884184258290155, -97.10451554000241 49.88371393993831, -97.10422367312775 49.88357498758427, -97.10344151034386 49.883378100665944, -97.10334371562138 49.883322271255736, -97.10329815222127 49.88324004695833, -97.10329881640439 49.883138164452696, -97.10337347261991 49.883057997279494, -97.10432351874178 49.88256164394075, -97.10469000900316 49.88244811712913, -97.10481545307636 49.882375344552315, -97.10488520289812 49.882218114083166, -97.10487808905778 49.88212716607869, -97.09879084205764 49.881923787040016, -97.10073576335252 49.885770556418464, -97.1008830791684 49.88577029415084)))", "lon": -97.10249922804698, "lat": 49.883927821070941 }, "geometry": { "type": "Polygon", "coordinates": [ [ [ -97.1008831, 49.8857703 ], [ -97.098790799999989, 49.8819238 ], [ -97.1048781, 49.8821272 ], [ -97.1033437, 49.8833223 ], [ -97.1067426, 49.884117 ], [ -97.1052531, 49.8857737 ], [ -97.1008831, 49.8857703 ] ] ] } },
{ "type": "Feature", "properties": { "ID": 966, "Name": "Dugald", "Cluster": "St. Boniface East", "Location": "MULTIPOLYGON (((-97.06390049796339 49.89287393087965, -97.07116535532109 49.89417362478468, -97.07195945228601 49.890958715330946, -97.07226378573523 49.889218410239216, -97.07219524637517 49.8859331967655, -97.0670474092025 49.88593697471735, -97.05985366711369 49.88582542085083, -97.03782921972937 49.88585825067179, -97.03372178616628 49.88589765126626, -97.03414181528434 49.88759742041291, -97.03520742728502 49.88773558481077, -97.06329807908372 49.892766133753916, -97.06359928817764 49.892820032704435, -97.06390049796339 49.89287393087965)))", "lon": -97.057165515857974, "lat": 49.888736750415546 }, "geometry": { "type": "Polygon", "coordinates": [ [ [ -97.0711654, 49.8941736 ], [ -97.0341418, 49.8875974 ], [ -97.0337218, 49.8858977 ], [ -97.07219520000001, 49.8859332 ], [ -97.0711654, 49.8941736 ] ] ] } },
{ "type": "Feature", "properties": { "ID": 807, "Name": "Eaglemere", "Cluster": "River East East", "Location": "MULTIPOLYGON (((-97.0590777526971 49.910441686963836, -97.05656327673938 49.910849572321915, -97.05457006355341 49.91341479893209, -97.05271083701592 49.91576342679483, -97.05191175144145 49.91617827156238, -97.05117225457504 49.91663688485115, -97.05049807773246 49.917135713320775, -97.0498944466109 49.91767089193779, -97.04936604077362 49.918238273894815, -97.04891695734743 49.918833462716364, -97.04855067921595 49.91945184630026, -97.04827004795649 49.920088632634844, -97.04807724173246 49.92073888691432, -97.04797375831524 49.92139756976598, -97.04789046182579 49.92525413489725, -97.04784437799732 49.92571384973988, -97.04775206929953 49.92620376305357, -97.0475456596554 49.9268599004116, -97.04727309314504 49.92746335205374, -97.04694608677822 49.928017947732016, -97.046537279471 49.92875168238426, -97.04721806260741 49.92894751207843, -97.05267647716687 49.923268960230715, -97.06010904194906 49.91553374091187, -97.06287834405755 49.9117081914176, -97.0590777526971 49.910441686963836)))", "lon": -97.054115542447363, "lat": 49.918083077431646 }, "geometry": { "type": "Polygon", "coordinates": [ [ [ -97.0590778, 49.9104417 ], [ -97.0628783, 49.9117082 ], [ -97.060109, 49.9155337 ], [ -97.0472181, 49.9289475 ], [ -97.0465373, 49.9287517 ], [ -97.0477521, 49.9262038 ], [ -97.0480772, 49.9207389 ], [ -97.048917, 49.9188335 ], [ -97.0527108, 49.9157634 ], [ -97.0565633, 49.9108496 ], [ -97.0590778, 49.9104417 ] ] ] } },
{ "type": "Feature", "properties": { "ID": 124, "Name": "Earl Grey", "Cluster": "River Heights West", "Location": "MULTIPOLYGON (((-97.14579273079573 49.86501258336266, -97.14551294524618 49.86510600807877, -97.1449809076142 49.86600071169731, -97.14081203702835 49.873071379458864, -97.14202250194506 49.87457754257602, -97.14845917078512 49.87242507664639, -97.16141185849662 49.86810619774432, -97.16109588867259 49.86770753752885, -97.1566392013807 49.862164306203994, -97.14933901518226 49.86457910177973, -97.14800410414384 49.86474821091471, -97.14703895340904 49.864596437688576, -97.14579273079573 49.86501258336266)))", "lon": -97.150711356261098, "lat": 49.86816140684541 }, "geometry": { "type": "Polygon", "coordinates": [ [ [ -97.1457927, 49.8650126 ], [ -97.1566392, 49.8621643 ], [ -97.1614119, 49.8681062 ], [ -97.1420225, 49.8745775 ], [ -97.140812, 49.8730714 ], [ -97.1457927, 49.8650126 ] ] ] } },
{ "type": "Feature", "properties": { "ID": 1006, "Name": "East Elmwood", "Cluster": "River East South", "Location": "MULTIPOLYGON (((-97.08079192223182 49.90668924581912, -97.08812997278206 49.90549869856878, -97.0885193759672 49.905426185364796, -97.09494580538434 49.90439228970459, -97.09525843801187 49.90434198824584, -97.09865790786763 49.90378956024716, -97.09920870527395 49.90370001802514, -97.10136450061741 49.903349435214096, -97.10044785721112 49.90312442705374, -97.0987573726492 49.90315256192516, -97.09712315496249 49.903236184582056, -97.09614367212978 49.90323691963439, -97.0763119642545 49.89970215111042, -97.07222817330351 49.89893537379945, -97.06935541973762 49.90286066568966, -97.07748990853578 49.90556281739657, -97.0776099973676 49.9056013214148, -97.07759131860419 49.90562340480032, -97.0777199447194 49.90566960459071, -97.08050378653692 49.90659360987084, -97.08050835178014 49.90659512557055, -97.08079192223182 49.90668924581912)))", "lon": -97.081771942649411, "lat": 49.903060373078993 }, "geometry": { "type": "Polygon", "coordinates": [ [ [ -97.0807919, 49.9066892 ], [ -97.0693554, 49.9028607 ], [ -97.0722282, 49.8989354 ], [ -97.0961437, 49.9032369 ], [ -97.1013645, 49.9033494 ], [ -97.0807919, 49.9066892 ] ] ] } },
{ "type": "Feature", "properties": { "ID": 19, "Name": "Ebby-Wentworth", "Cluster": "River Heights West", "Location": "MULTIPOLYGON (((-97.14579273079573 49.86501258336266, -97.14703895340904 49.864596437688576, -97.14800410414384 49.86474821091471, -97.14933901518226 49.86457910177973, -97.1566392013807 49.862164306203994, -97.152170633068 49.85664420248229, -97.15287830157229 49.85545794871499, -97.152916675477 49.85517604389012, -97.15286887610176 49.8548489268504, -97.15272084419395 49.85458191113641, -97.1524311168724 49.85418038954416, -97.15124785951475 49.855391867654134, -97.14853540404334 49.85998579722383, -97.14850001392642 49.860045756788274, -97.14551294524618 49.86510600807877, -97.14579273079573 49.86501258336266)))", "lon": -97.15116653020992, "lat": 49.860796472062837 }, "geometry": { "type": "Polygon", "coordinates": [ [ [ -97.1457927, 49.8650126 ], [ -97.1512479, 49.8553919 ], [ -97.1524311, 49.8541804 ], [ -97.1529167, 49.855176 ], [ -97.1521706, 49.8566442 ], [ -97.1566392, 49.8621643 ], [ -97.1457927, 49.8650126 ] ] ] } },
{ "type": "Feature", "properties": { "ID": 127, "Name": "Edgeland", "Cluster": "Assiniboine South", "Location": "MULTIPOLYGON (((-97.21239218728896 49.869832244461975, -97.2156439873406 49.86656477390826, -97.2114331886339 49.8664202814138, -97.2111402032713 49.866396244622166, -97.21054323245235 49.86630429217625, -97.21014972073218 49.86621215131517, -97.20974088367186 49.866059698014574, -97.20933324902748 49.86587479648681, -97.20902103309669 49.86569136800604, -97.20876913917243 49.865440702701775, -97.20858166845328 49.86521045784797, -97.20836577972938 49.865025728497834, -97.20777819728976 49.864658985497215, -97.20759613877435 49.86455553650014, -97.20734366294005 49.86445423562189, -97.20707580585416 49.86436240887717, -97.20656064270179 49.8642342896158, -97.20599197981001 49.8641543685749, -97.2054809337122 49.869561126691316, -97.20844005847165 49.86967728380223, -97.21239218728896 49.869832244461975)))", "lon": -97.209483023705175, "lat": 49.867539749942281 }, "geometry": { "type": "Polygon", "coordinates": [ [ [ -97.2123922, 49.8698322 ], [ -97.205480900000012, 49.8695611 ], [ -97.205992, 49.8641544 ], [ -97.2101497, 49.8662122 ], [ -97.215644, 49.8665648 ], [ -97.2123922, 49.8698322 ] ] ] } },
{ "type": "Feature", "properties": { "ID": 1242, "Name": "Elm Park", "Cluster": "St. Vital North", "Location": "MULTIPOLYGON (((-97.11277638365297 49.86613419376059, -97.1128351840297 49.865806244635564, -97.1129518983917 49.8654766887759, -97.11319243889534 49.86497237205847, -97.1139578873625 49.86368365259627, -97.11449452904158 49.862698865277984, -97.11483556531054 49.862145186707885, -97.11520518506381 49.861667612027276, -97.11664686245075 49.860093259218374, -97.11708176290166 49.85969407922866, -97.11753530717517 49.85932239687496, -97.11812706538109 49.85891216251649, -97.11953856353534 49.85807668667966, -97.120287741145 49.857708090384, -97.12193796172076 49.85702008832566, -97.12289372696286 49.85664547413722, -97.12387450037315 49.85633754823809, -97.12661090355526 49.85565574505968, -97.12630139000306 49.85511081713342, -97.12621205866277 49.85495353846714, -97.12528419548426 49.85355680836589, -97.12444747476947 49.852465157880154, -97.12422266094926 49.85226764535771, -97.12422159397057 49.85226670794766, -97.12378930764173 49.85195061171934, -97.12014524778292 49.84980682855569, -97.11765986980221 49.850518182530315, -97.11619224985866 49.85093820314897, -97.1142337713446 49.851641820322335, -97.11379866522603 49.851915599180295, -97.11320014878177 49.852196518679534, -97.11287940929937 49.852308208741334, -97.11240569230148 49.85241254995035, -97.11194117815575 49.85247791843012, -97.11180916026831 49.853254404970514, -97.11231670293148 49.85771694877999, -97.1110069760588 49.86440574995069, -97.11079586189064 49.86546714694736, -97.11080113669273 49.86592836823971, -97.1110115191481 49.86594552747805, -97.11146390817329 49.8659824263273, -97.1114976640956 49.86598517926535, -97.11176132215606 49.8660066827459, -97.11277638365297 49.86613419376059)))", "lon": -97.117239070806491, "lat": 49.856156615539057 }, "geometry": { "type": "Polygon", "coordinates": [ [ [ -97.1127764, 49.8661342 ], [ -97.110801099999989, 49.8659284 ], [ -97.1123167, 49.8577169 ], [ -97.1119412, 49.8524779 ], [ -97.1201452, 49.8498068 ], [ -97.1242227, 49.8522676 ], [ -97.126610899999989, 49.8556557 ], [ -97.1175353, 49.859322399999989 ], [ -97.1148356, 49.8621452 ], [ -97.1127764, 49.8661342 ] ] ] } },
{ "type": "Feature", "properties": { "ID": 1546, "Name": "Elmhurst", "Cluster": "Assiniboine South", "Location": "MULTIPOLYGON (((-97.25191488109364 49.844331866308316, -97.2519024814181 49.844468117194346, -97.25188949143943 49.8446103642186, -97.25188599433152 49.84464866163494, -97.25187125777597 49.844810056941284, -97.2518619684792 49.84491179054659, -97.25184066105912 49.84514513034544, -97.25182927033734 49.84526987022703, -97.25181730484464 49.845400901529814, -97.25180525805887 49.84553283470018, -97.25179320977561 49.84566476874375, -97.25178116280782 49.84579670280345, -97.25176419828104 49.84598247147959, -97.25174152064433 49.8462308148941, -97.25174116457008 49.84623471424964, -97.25172313287526 49.84643216300049, -97.25169862000315 49.84670059960691, -97.25167775733956 49.84692904195597, -97.25166575999427 49.84706042893365, -97.25165376118449 49.84719181588556, -97.2516417623005 49.847323202832676, -97.2516297633423 49.84745458977498, -97.25161776434233 49.847585975813494, -97.25160576523572 49.847717362746224, -97.2515937674452 49.84784874969512, -97.25158176819019 49.84798013661825, -97.25155799938287 49.848240393522275, -97.25153823346511 49.848456826939056, -97.25152199360852 49.84863463598133, -97.25150275653719 49.84884527019255, -97.25148901564127 49.84899572357831, -97.25147827319209 49.849113350904844, -97.25146827896496 49.8492227707945, -97.2514557867795 49.84935954633665, -97.25144329587152 49.849496322793584, -97.2514308035252 49.84963309832535, -97.25141831109843 49.849769873851905, -97.25140581859125 49.84990664937326, -97.25139332600364 49.85004342488941, -97.25137633668228 49.85022943948607, -97.25135509943324 49.85046195883688, -97.25134835227433 49.85053581742793, -97.25121734266972 49.85197012788177, -97.25120468234978 49.85210962808671, -97.25119351028228 49.85223271600515, -97.25118358029532 49.852342126897, -97.25117365022471 49.85245153868454, -97.25116372149336 49.85256095048975, -97.25115130844586 49.852697714535886, -97.25113889531838 49.85283447857684, -97.2511264834689 49.85297124353259, -97.25111407018144 49.85310800756319, -97.251101656814 49.853244771588614, -97.25109247190203 49.853345977681265, -97.25108303798709 49.85344991808753, -97.25107112101563 49.853581211648326, -97.25105895633372 49.85371524133959, -97.25104753581532 49.85384106443946, -97.25103561862424 49.85397235798605, -97.25101972984844 49.85414741605474, -97.25099584132138 49.85441060497396, -97.25097744968667 49.85461178086717, -97.2509633373851 49.85476613678333, -97.25092950260662 49.854764844498966, -97.25092200212127 49.85484688967903, -97.25090699960823 49.85501098181058, -97.25089199840228 49.85517507305661, -97.2508885369356 49.855212932868135, -97.25087699565746 49.85533916517317, -97.25086199421973 49.85550325640423, -97.25084699124312 49.85566734850582, -97.25083198818305 49.855831439700914, -97.25081698639764 49.85599553090951, -97.25080198307333 49.85615962298863, -97.25078698105612 49.85632371418225, -97.25077197750001 49.8564878062464, -97.25075697386045 49.85665189740405, -97.25074197146307 49.856815989474214, -97.25072696759169 49.85698008061689, -97.2507119649625 49.85714417267208, -97.25069571016721 49.857321937979926, -97.25066569349357 49.857650228928584, -97.25059062743455 49.85847117036207, -97.25074721793632 49.85847634751146, -97.25073420950632 49.858613284038405, -97.26568986469755 49.85918484238994, -97.2669464876387 49.85923277816097, -97.26731325306943 49.85519249265746, -97.26743080882679 49.8538973356641, -97.26745098502369 49.85367207398867, -97.26747116100636 49.85344681229931, -97.26749133535215 49.85322155147428, -97.26751151090633 49.85299628975711, -97.26753168624629 49.85277102802602, -97.26823921182408 49.84505566471594, -97.25191488109364 49.844331866308316)))", "lon": -97.259413737597029, "lat": 49.851808918994635 }, "geometry": { "type": "Polygon", "coordinates": [ [ [ -97.251914899999989, 49.8443319 ], [ -97.2682392, 49.8450557 ], [ -97.266946499999989, 49.8592328 ], [ -97.2505906, 49.8584712 ], [ -97.251914899999989, 49.8443319 ] ] ] } },
{ "type": "Feature", "properties": { "ID": 76, "Name": "Eric Coy", "Cluster": "Assiniboine South", "Location": "MULTIPOLYGON (((-97.2669464876387 49.85923277816097, -97.26751084207964 49.859254301848935, -97.2683468093877 49.85928617939038, -97.27240457622592 49.85944082608369, -97.27774883040124 49.85851859145897, -97.28264036224186 49.857622720896224, -97.28601985440355 49.85822771220117, -97.28712598000382 49.84602700634993, -97.28713840516593 49.845890209243294, -97.28075349686473 49.84560878211528, -97.26823921182408 49.84505566471594, -97.26753168624629 49.85277102802602, -97.26751151090633 49.85299628975711, -97.26749133535215 49.85322155147428, -97.26747116100636 49.85344681229931, -97.26745098502369 49.85367207398867, -97.26743080882679 49.8538973356641, -97.26731325306943 49.85519249265746, -97.2669464876387 49.85923277816097)))", "lon": -97.276747131568683, "lat": 49.852080219802858 }, "geometry": { "type": "Polygon", "coordinates": [ [ [ -97.266946499999989, 49.8592328 ], [ -97.2682392, 49.8450557 ], [ -97.287138399999989, 49.8458902 ], [ -97.286019900000014, 49.8582277 ], [ -97.2826404, 49.8576227 ], [ -97.2724046, 49.8594408 ], [ -97.266946499999989, 49.8592328 ] ] ] } },
{ "type": "Feature", "properties": { "ID": 1070, "Name": "Exchange District", "Cluster": "Downtown East", "Location": "MULTIPOLYGON (((-97.13200297803625 49.895000197087505, -97.13066892735172 49.895137451187935, -97.13094440435053 49.89555332136313, -97.13120527582346 49.896157089520734, -97.13125946664206 49.89670988568932, -97.13124903564885 49.897305793833596, -97.13121603571719 49.89778746777636, -97.13116580650657 49.89791178177941, -97.1358359795836 49.899406182066684, -97.1364389768065 49.89870199825564, -97.1385231707674 49.899368065489064, -97.13896884897493 49.89887239754294, -97.13921865174093 49.89896153314745, -97.1404059787867 49.89928220268592, -97.14131671476179 49.899574877180875, -97.1411245548825 49.900011812575634, -97.1404578979543 49.90088272204284, -97.1401875538516 49.90123571314732, -97.14085149268759 49.901448590653, -97.14091353079029 49.90136763837559, -97.14112199142306 49.90109546498823, -97.14114189254668 49.90106950866717, -97.1410116661731 49.90102785040909, -97.1410292593334 49.901004584626754, -97.1412380574522 49.90073258458815, -97.14195983467228 49.89978503096394, -97.14185869820697 49.899752509557864, -97.14191891176809 49.89966726317642, -97.14200395158458 49.899556827804716, -97.14211007714043 49.899322519103514, -97.14236202665971 49.89899730521977, -97.14232555059763 49.89898558423534, -97.14245160103161 49.898822962338066, -97.14257904134898 49.898661958004915, -97.14283082013745 49.898336931473835, -97.14286496118923 49.898347910526674, -97.14388756178838 49.89702934076476, -97.14395866507145 49.89693575312579, -97.1441321520872 49.896711909479656, -97.14419249666554 49.89663122448334, -97.14131201441351 49.89570744330767, -97.14029757928374 49.895381987436956, -97.1402351875877 49.895462845323735, -97.1400464789516 49.89570739740123, -97.14002596657238 49.89573486482803, -97.13982876372754 49.89567187001522, -97.13959532410753 49.895976680045116, -97.13952521221988 49.896220349359574, -97.13956647858411 49.89639529962397, -97.13950923009332 49.89640096571928, -97.13898968796578 49.89645202916661, -97.1388411620405 49.89646666373205, -97.13717944703178 49.89619580715831, -97.13246159064524 49.89510711533426, -97.13200297803625 49.895000197087505)))", "lon": -97.137376242111003, "lat": 49.897428712210463 }, "geometry": { "type": "Polygon", "coordinates": [ [ [ -97.130668899999989, 49.8951375 ], [ -97.1388412, 49.8964667 ], [ -97.140297600000011, 49.895382 ], [ -97.1441925, 49.8966312 ], [ -97.1408515, 49.9014486 ], [ -97.1401876, 49.9012357 ], [ -97.1413167, 49.8995749 ], [ -97.136439, 49.898702 ], [ -97.135836, 49.8994062 ], [ -97.1311658, 49.8979118 ], [ -97.130668899999989, 49.8951375 ] ] ] } },
{ "type": "Feature", "properties": { "ID": 226, "Name": "Fairfield Park", "Cluster": "Fort Garry South", "Location": "MULTIPOLYGON (((-97.15824340093005 49.801468022322695, -97.16560965145453 49.80175900107246, -97.17364929614686 49.80207604564423, -97.17369899497137 49.791261623790376, -97.17353422208029 49.7913180593708, -97.17344548150919 49.79134817021167, -97.1733187140398 49.79139117499087, -97.17321152292814 49.791427538304355, -97.17296856484194 49.79150995838007, -97.17274486932065 49.79158584294436, -97.17254229418933 49.791654562217985, -97.17234888287669 49.791720172345656, -97.1721597887758 49.791784317475376, -97.17215601539041 49.79178559749077, -97.17200230839207 49.79183773812782, -97.17194055925013 49.7918586846419, -97.17184482766599 49.79189115856188, -97.17168734659751 49.79194457877747, -97.1716285270288 49.7919645312743, -97.17152986518666 49.79199799877448, -97.17141817785422 49.7920358845478, -97.17136489190888 49.79205395976352, -97.17125979690944 49.792089609103755, -97.17120740979695 49.79210737931318, -97.17110980638974 49.79214048722341, -97.17104992734265 49.792160798644446, -97.17095231211238 49.792193910357696, -97.17089244454597 49.79221421775723, -97.17080232373023 49.79224478712999, -97.17072746981644 49.79227017781979, -97.17065233832426 49.79229566258913, -97.1705699863187 49.792323596485204, -97.1704948546169 49.792349081166044, -97.17041250247856 49.79237701493212, -97.17034488337157 49.79239995119974, -97.17025501829606 49.792430433160476, -97.1701949214812 49.79245081775686, -97.1700900421148 49.792486392296716, -97.17003746280402 49.7925042268717, -97.16993255725212 49.79253981007064, -97.16988750573547 49.792555091171266, -97.16977507029686 49.792593228219715, -97.1697375439942 49.79260595924874, -97.16961758299921 49.792646646150395, -97.16958006819101 49.79265937070458, -97.16946009535916 49.79270006386247, -97.16943009154176 49.79271024072021, -97.16931011149865 49.79275093608132, -97.16928011106928 49.792761111729156, -97.16915262319014 49.79280435336682, -97.16912232067682 49.792814631412064, -97.1689876426866 49.79286031151526, -97.16897263970849 49.792865400212754, -97.16883015367702 49.79291372835334, -97.16882265438183 49.792916271942396, -97.16867266432509 49.79296714497302, -97.16866516416415 49.792969688839754, -97.16851517463073 49.79302056137409, -97.16836519048813 49.79307143177649, -97.168357684594 49.79307397755666, -97.16820769845101 49.79312484831888, -97.16791243453865 49.79322499167043, -97.16750002982367 49.793364863910014, -97.16716973198724 49.79347688691552, -97.16688092260415 49.79357483759262, -97.16670878401987 49.79363321843919, -97.16655127409436 49.79368663762205, -97.16639376382655 49.79374005658636, -97.16624375911994 49.79379092975901, -97.16608624736553 49.79384434857392, -97.16602257058369 49.79386594393533, -97.16592873605303 49.79389776685129, -97.16576373195514 49.793953725829915, -97.16560621991859 49.7940071436315, -97.16544870753954 49.7940605612144, -97.16529870020706 49.79411143328028, -97.16514118715946 49.79416485043646, -97.16498367376937 49.794218267374156, -97.16481866751914 49.794274224978956, -97.16466115342787 49.79432764146909, -97.16450363899415 49.79438105774062, -97.1642861307794 49.79445481859752, -97.16412515628055 49.79450940752704, -97.16406862196303 49.794528579101126, -97.1639186603404 49.7945794328134, -97.16376868612875 49.79463029053309, -97.16358121638949 49.7946938629258, -97.16339374616517 49.794757435008805, -97.16320627545578 49.79482100678216, -97.16301880426136 49.79488457824589, -97.1628313325818 49.79494814939989, -97.16264386041725 49.79501172024436, -97.16245638776762 49.795075290779174, -97.16226891463292 49.795138861004276, -97.16208144101317 49.79520243091981, -97.16189396690834 49.79526600052579, -97.16170649231846 49.79532956982196, -97.16150019258235 49.795399521842214, -97.16137572220293 49.795441727016, -97.16125269106404 49.795483443969275, -97.16108769350986 49.79553939026562, -97.16092269557998 49.795595336322116, -97.16075769727433 49.795651282138856, -97.16059269859306 49.79570722771555, -97.1604201942561 49.7957657178184, -97.16024768950851 49.79582420765897, -97.16007518435022 49.79588269723754, -97.15979725085224 49.79597693249178, -97.1597349173533 49.79599806694822, -97.15944610402819 49.79609599017775, -97.15901385135616 49.79624254451956, -97.15892084877595 49.79627407651552, -97.15848786966562 49.796420860694816, -97.15756312700609 49.796734680114774, -97.15727974985975 49.79683072213299, -97.1570906560849 49.80142244228059, -97.15824340093005 49.801468022322695)))", "lon": -97.16654586880874, "lat": 49.797740839450412 }, "geometry": { "type": "Polygon", "coordinates": [ [ [ -97.1736493, 49.802076 ], [ -97.1570907, 49.8014224 ], [ -97.157279699999989, 49.7968307 ], [ -97.173699, 49.7912616 ], [ -97.1736493, 49.802076 ] ] ] } },
{ "type": "Feature", "properties": { "ID": 166, "Name": "Fort Richmond", "Cluster": "Fort Garry South", "Location": "MULTIPOLYGON (((-97.11787382379941 49.79345443963999, -97.11695224257258 49.794185985696, -97.11648826358622 49.79497367997619, -97.11641392531556 49.795899520060615, -97.11655435068585 49.796820551394305, -97.11739210748918 49.79773446191254, -97.11834394681611 49.79879706265342, -97.12069383834037 49.80025655030785, -97.12309721006244 49.8012378227412, -97.12578606985335 49.80210041861623, -97.12772801859789 49.8028141591581, -97.12873101454548 49.80335273119892, -97.12958561403372 49.80411421304735, -97.12989581974969 49.80475665894323, -97.12995920367776 49.80520851731511, -97.12993277461186 49.80566418788767, -97.12969673033791 49.806178450117244, -97.1307870552903 49.80580926667406, -97.13272142203178 49.805154251701495, -97.13307104151224 49.80503585913501, -97.13335190212246 49.80493943476833, -97.13410304691006 49.80468481763332, -97.13414062316043 49.80467208029919, -97.13417819939131 49.804659342952455, -97.13428501501258 49.80462313418566, -97.13454794352899 49.80453400646651, -97.13473555381577 49.80447040904273, -97.13492316361686 49.804406811308816, -97.13529838172734 49.80427961580945, -97.1355964909922 49.804178558589264, -97.13567359928402 49.804152419091835, -97.13586120735107 49.80408881981831, -97.13604881350889 49.804025221111175, -97.1362364657752 49.803961660461255, -97.13642399183207 49.803898036545405, -97.13679903903812 49.80377087766173, -97.13704231630592 49.803688412971674, -97.1371173267919 49.80366300787031, -97.13715483339475 49.803650305323416, -97.13717395420917 49.80364382952499, -97.13754900792605 49.8035168040314, -97.13773653404003 49.80345329126929, -97.13792405966915 49.8033897781974, -97.13811158481349 49.80332626481545, -97.13829910950746 49.80326275022478, -97.1386254051734 49.80315223362059, -97.13885043284158 49.80307601595027, -97.13904920194267 49.80300869143807, -97.13923672417803 49.80294517619699, -97.13942424592854 49.802881660646236, -97.13961176719425 49.80281814478554, -97.13979928800958 49.80275462771612, -97.13998680830562 49.80269111123573, -97.14017432811683 49.80262759444542, -97.1403618474432 49.802564077345345, -97.14054936493027 49.80250055901418, -97.14073688328698 49.802437041294425, -97.14088689789415 49.8023862270798, -97.14092440115886 49.80237352326485, -97.14103691222547 49.802335411768006, -97.14124941426365 49.802263429464126, -97.14152655846483 49.80216954955267, -97.14160250060864 49.80214382548513, -97.14178198769298 49.80208302511723, -97.14219625062724 49.80194269444077, -97.14244243106671 49.80185930077523, -97.14265245017772 49.80178815574323, -97.14283996594332 49.801724632795235, -97.14306345283751 49.80164892468959, -97.14347020946708 49.801511129931, -97.14370245637676 49.80143245135297, -97.1438819241686 49.801371652835385, -97.14429616948313 49.801231316202774, -97.1445385905448 49.801149189169685, -97.14475235019948 49.801076770773356, -97.14493985768881 49.80101324610943, -97.14516333252172 49.80093753467879, -97.14557007876188 49.8007997324165, -97.14580250197305 49.800720987705596, -97.14590089220479 49.80068765310532, -97.14634654130688 49.80053666586766, -97.14662751179658 49.800441470551256, -97.14685251463615 49.80036523701544, -97.14706735158472 49.8002924466079, -97.14728110236184 49.80022002432571, -97.14749485108571 49.800147602517534, -97.14770859921376 49.800075179407926, -97.14792236219496 49.80000275074619, -97.14813609016754 49.79993031213709, -97.1484275662141 49.79983152133146, -97.14889246148832 49.799673951553096, -97.14891985913789 49.799664664660654, -97.1492243564061 49.79956145730525, -97.14957578552449 49.79944234155903, -97.14992709608906 49.799323264236314, -97.15005050321241 49.799281434824366, -97.15058452402843 49.79910042241911, -97.15084092190729 49.799013513074705, -97.15492084046791 49.797630443183486, -97.1551683780146 49.79754652160071, -97.15616099506462 49.79720999322818, -97.15624628034435 49.7971810782184, -97.15699637160569 49.79692676344369, -97.15727974985975 49.79683072213299, -97.15750524775424 49.79132498055425, -97.15660469630681 49.77706280356061, -97.14453709530542 49.78128236094719, -97.13590942503455 49.78429788076426, -97.13517177071847 49.784555656055616, -97.13594943616984 49.785743174211994, -97.13637888027864 49.786892607083374, -97.13612146720537 49.78835167647051, -97.13549374685584 49.789437946057696, -97.1345894380915 49.79041273170028, -97.13346789560228 49.79168314403081, -97.13235496173624 49.7934297656791, -97.13118602878399 49.79557730325284, -97.13038113463232 49.79645392465975, -97.12925185573225 49.7972206102726, -97.12816656529955 49.79754779030702, -97.1266963763658 49.79757072288607, -97.12554376478973 49.797014849964256, -97.12477672543655 49.796085215530724, -97.12417053546308 49.79518438666725, -97.12327745392287 49.794374997039405, -97.12225684275083 49.79365957203891, -97.12116516921719 49.79316584150472, -97.11962009130005 49.79299227016195, -97.11787382379941 49.79345443963999)))", "lon": -97.141650760187801, "lat": 49.792662765570761 }, "geometry": { "type": "Polygon", "coordinates": [ [ [ -97.1178738, 49.7934544 ], [ -97.1211652, 49.7931658 ], [ -97.1255438, 49.7970148 ], [ -97.1292519, 49.7972206 ], [ -97.131186, 49.7955773 ], [ -97.1361215, 49.7883517 ], [ -97.1363789, 49.7868926 ], [ -97.1351718, 49.7845557 ], [ -97.1566047, 49.7770628 ], [ -97.157279699999989, 49.7968307 ], [ -97.1296967, 49.806178499999987 ], [ -97.1298958, 49.8047567 ], [ -97.128731, 49.8033527 ], [ -97.1183439, 49.7987971 ], [ -97.1164139, 49.7958995 ], [ -97.1178738, 49.7934544 ] ] ] } },
{ "type": "Feature", "properties": { "ID": 1894, "Name": "Fraipont", "Cluster": "St. Boniface East", "Location": "MULTIPOLYGON (((-97.05545381292575 49.826672620833506, -97.05558989893522 49.8267398369287, -97.05620231534131 49.826433577269434, -97.057215364496 49.8271256095626, -97.05740396564758 49.82701470259356, -97.05742399615016 49.82700170320112, -97.05744398820752 49.826988644760156, -97.05746394164558 49.82697552738436, -97.05748377745459 49.82696240351523, -97.05750357460606 49.826949221404085, -97.05752333292895 49.8269359811648, -97.05755002637491 49.82691795851655, -97.05757664580361 49.8268998267234, -97.05760319076876 49.826881586089314, -97.05762951598581 49.8268633377608, -97.05765576667646 49.826844982385936, -97.05768194240545 49.826826520269094, -97.05771007875612 49.82680649381419, -97.05773812378975 49.826786339677795, -97.05776607692692 49.8267660582763, -97.05779376934379 49.826745773856, -97.0578213698368 49.82672536453353, -97.05784887784263 49.82670483072546, -97.05787134191617 49.82668791475045, -97.05789374108943 49.82667091293149, -97.05791607503437 49.826653825517575, -97.0579382309226 49.82663673985886, -97.05796032159589 49.82661956996457, -97.05798234673398 49.8266023160836, -97.05800504186499 49.82660662243698, -97.05805790269908 49.826616652648944, -97.05830982736806 49.82666445434231, -97.05849893745985 49.826700336802205, -97.05854519043875 49.82670911296149, -97.05876068472354 49.8267500011179, -97.05883051633263 49.826763250954826, -97.05896439117465 49.82678865220585, -97.05904304444097 49.82680357569761, -97.0591505356375 49.82682397073176, -97.05920574145058 49.826834445260126, -97.05931311723197 49.826854818219935, -97.05936843945734 49.82686531474528, -97.05948383346929 49.82688720885148, -97.0595311381979 49.82689618410303, -97.05964641550008 49.82691805587661, -97.05969383751626 49.826927053303784, -97.0598008632924 49.82694735932934, -97.05985653732759 49.826957922331474, -97.05996228749851 49.826977986163655, -97.06001923757198 49.8269887911748, -97.06013416286945 49.82701059559719, -97.06018193814771 49.82701965981429, -97.06029674575156 49.82704144171898, -97.06034463881271 49.82705052820413, -97.0604511943526 49.82707074431355, -97.06051534068649 49.82708291433712, -97.06061377764972 49.82710158999505, -97.06068604108171 49.827115299896, -97.06078449567482 49.8271339787296, -97.06085673863875 49.827147684623064, -97.06094707940825 49.827164823947946, -97.06102743213816 49.827180068286815, -97.061101528818 49.82719412568436, -97.06119812120696 49.8272124508166, -97.0612641129664 49.82722497046241, -97.06136880663053 49.82724483236144, -97.06144650030937 49.82725957190218, -97.06153948990969 49.82727721320603, -97.0617101725047 49.8273095936274, -97.06178587189967 49.8273239545661, -97.06188085538727 49.82734197381002, -97.06205153901578 49.827374353840625, -97.06209958708101 49.82738346888467, -97.06222222350485 49.82740673374109, -97.0623929087959 49.82743911350038, -97.06241747710602 49.82744377419397, -97.06256359476689 49.82747149309529, -97.06273302089956 49.82750363340515, -97.06273428128674 49.827503872500785, -97.06290496823699 49.82753625169464, -97.06304856549467 49.82756349176563, -97.06307565551889 49.82756863065793, -97.06324634305562 49.82760100937617, -97.06336645794822 49.82762379449752, -97.06341703080453 49.827633387841225, -97.06358771879617 49.82766576605894, -97.06375840720794 49.82769814406296, -97.06392655227768 49.827730039331755, -97.06421993660119 49.827785690426495, -97.06438804043707 49.82781757709242, -97.06455073798845 49.82784843799974, -97.06471343582552 49.82787929869468, -97.06478003477861 49.827891931176524, -97.06487613393337 49.827910159174344, -97.06503883237988 49.827941019451885, -97.06512859552892 49.82795804541107, -97.06520153133386 49.82797187955889, -97.06536423111302 49.82800273955594, -97.06546054107258 49.82802100697244, -97.06552693227731 49.82803359954913, -97.06563126138867 49.82805338780853, -97.065689635783 49.82806445971985, -97.06579384772255 49.828084225584405, -97.06585234322145 49.828095320369826, -97.06595643405471 49.828115063093605, -97.06601505715786 49.828126181985674, -97.0661271552667 49.828147443247026, -97.06617778153688 49.82815704531548, -97.06629787671325 49.82817982315141, -97.06634052196796 49.82818791142321, -97.066460463705 49.82821065996054, -97.06650328536904 49.82821878162059, -97.06662305090951 49.82824149654382, -97.0666660780414 49.8282496571029, -97.06677750361662 49.82827079007702, -97.06682890150861 49.828280538158886, -97.06693195651573 49.82830008340648, -97.06699174775342 49.82831142326779, -97.06709454433721 49.828330919334796, -97.06715459887683 49.82834230903491, -97.06725713237145 49.828361755037236, -97.06731743448607 49.82837319159268, -97.06742785537062 49.8283941332934, -97.06748024143195 49.82840406844727, -97.06759857860438 49.82842651130054, -97.06764301731832 49.82843493914461, -97.06776116729816 49.828457346302805, -97.06780576707692 49.8284658046198, -97.06792375620468 49.82848818107921, -97.06797650073963 49.828498183955055, -97.06808634532395 49.82851901562975, -97.06814722102925 49.828530560460514, -97.06825706946242 49.82855139267628, -97.06831793326862 49.8285629351459, -97.06841965901783 49.82858222676389, -97.06856748806075 49.82861026138192, -97.06858224878596 49.82861306062554, -97.0687529736058 49.828645436948705, -97.06890743143842 49.82867472814108, -97.06892369866017 49.82867781302294, -97.0690862890878 49.8287086461844, -97.06924887972816 49.82873947911998, -97.0694033356992 49.82876876918809, -97.06952179474501 49.828791232860674, -97.06955779186222 49.82879805905226, -97.06972038311949 49.82882889133284, -97.06986713430982 49.828856719623154, -97.07011429974918 49.82890358883615, -97.07035071002163 49.82894841483585, -97.0655668038701 49.819584698077485, -97.06542798296216 49.819313471779324, -97.06100524210026 49.81067043246429, -97.06081814311597 49.8107365474425, -97.04702407021264 49.81555271893438, -97.04982914857571 49.819435516443875, -97.04986388656874 49.82506159689807, -97.05082960164658 49.8252448391978, -97.05124798586547 49.8253242647614, -97.0516792665174 49.8254061367229, -97.05193863303822 49.82545537254336, -97.05210121411776 49.8254862351359, -97.05226379541024 49.82551709750245, -97.05242637691565 49.82554795964318, -97.05258895863403 49.82557882155816, -97.05278699871003 49.825616413961406, -97.05307641169294 49.82567135026043, -97.05309292079504 49.82567448352212, -97.05414826905712 49.825355196467605, -97.05425857362228 49.82553747622701, -97.0543040740707 49.82560967845749, -97.0543517370081 49.825680471799636, -97.05440151884274 49.82574979150703, -97.05445511396799 49.82581977638398, -97.05451086876276 49.82588805319785, -97.05456872882603 49.82595455532962, -97.05458258702956 49.82596998323719, -97.05459654531188 49.82598532065847, -97.0546106030822 49.826000566944266, -97.05462487060159 49.82601583934198, -97.05463923794997 49.826031017864345, -97.05465370450972 49.82604610185886, -97.05466911640524 49.82606196078056, -97.05468463284178 49.82607771743367, -97.05470025314078 49.82609337112908, -97.0547161062189 49.82610904850077, -97.05473206347382 49.826124619823275, -97.05474812419612 49.82614008440436, -97.05476441817683 49.82615556982328, -97.05478081094033 49.82617095063312, -97.05479730181501 49.82618622620376, -97.05481402633684 49.826201519667684, -97.05483084919977 49.82621670488917, -97.05484776970327 49.826231781235876, -97.05486575392926 49.82624759749838, -97.05488384038797 49.82626329675173, -97.05490202831812 49.82627887833513, -97.05492047284768 49.82629447253036, -97.05493901901292 49.826309945712, -97.0549576660199 49.82632529721766, -97.05497569699554 49.82633995353363, -97.054993815466 49.82635450154753, -97.05501202078082 49.82636894073701, -97.05503045873411 49.82638338460112, -97.05504898358792 49.82639771684182, -97.05506759466648 49.82641193693629, -97.05508643748736 49.826426158286786, -97.0551053625654 49.826440269988666, -97.05512436926256 49.826454271566156, -97.05514360672176 49.82646827088278, -97.05516292577364 49.826482157384724, -97.05518232575665 49.826495930596465, -97.05520100850019 49.826509038106614, -97.05521976130332 49.826522045185605, -97.05523858362614 49.826534951458974, -97.05525761265878 49.826547849371885, -97.05527671112104 49.8265606442529, -97.05529587845506 49.826573335728284, -97.05532178879923 49.8265902602666, -97.05534781566101 49.826607005068716, -97.05537395779362 49.8266235693325, -97.05540046172182 49.826640105668886, -97.05542708053228 49.826656456435245, -97.05545381292575 49.826672620833506)))", "lon": -97.058354489335898, "lat": 49.820240392409175 }, "geometry": { "type": "Polygon", "coordinates": [ [ [ -97.0554538, 49.8266726 ], [ -97.0541483, 49.8253552 ], [ -97.0498639, 49.8250616 ], [ -97.0498291, 49.8194355 ], [ -97.0470241, 49.8155527 ], [ -97.0610052, 49.8106704 ], [ -97.0703507, 49.8289484 ], [ -97.0554538, 49.8266726 ] ] ] } },
{ "type": "Feature", "properties": { "ID": 24, "Name": "Garden City", "Cluster": "Seven Oaks East", "Location": "MULTIPOLYGON (((-97.12729918659052 49.94681596517531, -97.12721745582782 49.94686653553431, -97.14761265113606 49.953439849426026, -97.14766886658258 49.95337689639147, -97.15909457799629 49.940309932020774, -97.1589080487223 49.94024848122505, -97.15845215601402 49.94010175626436, -97.15848654230025 49.94006233991503, -97.14512717706565 49.93576174358977, -97.12729918659052 49.94681596517531)))", "lon": -97.144315441986762, "lat": 49.944461709048873 }, "geometry": { "type": "Polygon", "coordinates": [ [ [ -97.12729920000001, 49.946816 ], [ -97.1451272, 49.9357617 ], [ -97.159094599999989, 49.9403099 ], [ -97.1476127, 49.9534398 ], [ -97.12729920000001, 49.946816 ] ] ] } },
{ "type": "Feature", "properties": { "ID": 87, "Name": "Glendale", "Cluster": "St. James-Assiniboia West", "Location": "MULTIPOLYGON (((-97.3264658167135 49.878360882242255, -97.3267933220226 49.8751157479472, -97.32681143343882 49.87493627395757, -97.32687316021811 49.87432458472565, -97.32706636849939 49.87240985035493, -97.32741723351748 49.868918051942515, -97.3265077437051 49.86866834303009, -97.32615284701707 49.868759683857526, -97.32553790162511 49.86897156782688, -97.32480516069771 49.869366492486364, -97.32402343932216 49.86982577221278, -97.32331407402569 49.87037556172576, -97.32294924824473 49.87078741543976, -97.32249431611405 49.87141292038482, -97.3221309242381 49.871782962915766, -97.32162932555845 49.87214635547731, -97.32107620295731 49.872388159239115, -97.32037283384753 49.87255574386622, -97.3195101547274 49.87265129907148, -97.31863400214847 49.872668803341824, -97.31770504974851 49.8726018759589, -97.31684488750498 49.87246971021317, -97.31595923188708 49.872191926802664, -97.315250714374 49.87183537648662, -97.31350262131437 49.8708211547224, -97.31292279397118 49.87038396545625, -97.31279361036957 49.870186873396285, -97.31198941504668 49.87024558722031, -97.3119847483758 49.87029142389579, -97.31194325864178 49.87069900428925, -97.311936015526 49.870770157396066, -97.3119062068812 49.8710629789829, -97.31186796136252 49.87143866112657, -97.31184572327341 49.8716593035294, -97.31180864261687 49.872027013308006, -97.31180484243916 49.872069462508804, -97.31179952750433 49.872122783383, -97.31176535308279 49.87246188576512, -97.31176018047235 49.87251754828349, -97.31173181108771 49.872798841252624, -97.31172420427195 49.87287848831744, -97.31170994575854 49.873018492380474, -97.31169310182743 49.87318769403352, -97.3116882260775 49.8732394282928, -97.31167540908619 49.873365427580175, -97.3116585325425 49.873534957958526, -97.31165224867112 49.873600368250074, -97.31164220010956 49.87369901925631, -97.31162505116477 49.873871284603474, -97.31161627066172 49.873961308168994, -97.31160844636635 49.8740380799713, -97.31159211352042 49.87420214214386, -97.3115802920493 49.87432224804958, -97.31157523635225 49.87437167158146, -97.31155781336379 49.87454667096015, -97.31154431141134 49.874683188770604, -97.31154148016341 49.87471073220912, -97.3115237861706 49.87488846567621, -97.3115083315928 49.8750441285745, -97.3114977585118 49.87514989767211, -97.31147531419649 49.87537534556089, -97.31143689098754 49.87576627920533, -97.31142203941137 49.8759027611266, -97.31138849883271 49.876239442027114, -97.31138771706368 49.87624728948658, -97.31137079248263 49.87641717435298, -97.31135175846475 49.876608224074374, -97.31134355085405 49.876690610262, -97.31132652519396 49.87686150736443, -97.31131580065423 49.87696915864412, -97.31130963619984 49.877031036527434, -97.31129192916741 49.87720876971093, -97.3112798422409 49.87733009317556, -97.31127531205352 49.87737556477305, -97.31125842262479 49.877545094809456, -97.31124388325617 49.87769102676962, -97.31124125951493 49.87771735890043, -97.31122491416755 49.87788141985441, -97.31120884224794 49.87804274673771, -97.31120792363723 49.878051961224386, -97.31119167874137 49.87821501080347, -97.3111756051815 49.878376337650664, -97.31117196341545 49.87841289564082, -97.31115817063274 49.87855133580242, -97.31114155109138 49.87871813077837, -97.31113600259081 49.878773830018936, -97.31112466060941 49.87888766074782, -97.31112238104014 49.878910547442025, -97.31110831437354 49.87905172164532, -97.31109142362985 49.87922125159812, -97.31108641799301 49.87927148174702, -97.31107425918375 49.87939351560415, -97.31105682381124 49.87956851370353, -97.31105045573422 49.87963241603396, -97.31104020345332 49.87973530952862, -97.31102303998865 49.879907573528854, -97.3110144929039 49.87999334938354, -97.31100614860486 49.88007710253996, -97.31098901110016 49.880249093460165, -97.31097852943927 49.88035428359381, -97.31095980160003 49.88054224336083, -97.3109425653717 49.88071521776576, -97.31094072928181 49.8807336476439, -97.31092542502651 49.880887235604405, -97.3108046422536 49.882099345087084, -97.31078640867298 49.88230255803098, -97.31672723258298 49.881587606616236, -97.32625606792794 49.88044857171272, -97.3264658167135 49.878360882242255)))", "lon": -97.319096332069265, "lat": 49.876190878806277 }, "geometry": { "type": "Polygon", "coordinates": [ [ [ -97.3274172, 49.8689181 ], [ -97.3262561, 49.8804486 ], [ -97.3107864, 49.8823026 ], [ -97.311989400000016, 49.8702456 ], [ -97.3159592, 49.8721919 ], [ -97.3195102, 49.8726513 ], [ -97.3216293, 49.8721464 ], [ -97.3255379, 49.8689716 ], [ -97.3274172, 49.8689181 ] ] ] } },
{ "type": "Feature", "properties": { "ID": 1020, "Name": "Glenelm", "Cluster": "River East South", "Location": "MULTIPOLYGON (((-97.11805862706623 49.91987828993558, -97.11912907774665 49.91975485240979, -97.12031979633007 49.919585929498325, -97.12134001309059 49.91940493614601, -97.12233972352763 49.91919571519239, -97.1230705135292 49.91896005547234, -97.12402324445564 49.91852348136994, -97.12469189323615 49.91812645836472, -97.12532412479602 49.91755455180805, -97.12575734273389 49.917102590214974, -97.12615818175183 49.916650103675146, -97.12651598952466 49.91614695699531, -97.12662760861205 49.915952486803896, -97.12668581057999 49.91585108278488, -97.1267867528024 49.915568038696364, -97.12688680307204 49.91502935344923, -97.12694703301104 49.91403222058075, -97.12690399344783 49.91377125074923, -97.1265284206278 49.91273686544894, -97.12626140935221 49.9121515802628, -97.12589523168526 49.91161814057017, -97.12564237576957 49.91136423557446, -97.12411963537573 49.91031128877302, -97.12123295873857 49.90870754212269, -97.120340073788 49.90827384493529, -97.11954348925101 49.90875836055059, -97.11934745351944 49.90887759521818, -97.1188333671073 49.90921738059723, -97.11835180490837 49.90965382878563, -97.11787320427734 49.910273604207724, -97.1144096360422 49.91480897229391, -97.11393085068313 49.91666726941996, -97.11274922533093 49.918114675955, -97.11293602093998 49.918176729773386, -97.11316248828896 49.91825196204877, -97.11335121186899 49.91831465498326, -97.11353993455265 49.91837734759287, -97.11372865908936 49.91844004082184, -97.11391738415702 49.91850273284964, -97.11410610832834 49.91856542455254, -97.11420047129607 49.91859677030198, -97.11429483438776 49.918628115975864, -97.11448355955085 49.918690807074306, -97.11467228660204 49.91875349789312, -97.11471003495154 49.91876603712923, -97.11493684304135 49.91884137778334, -97.11497458425104 49.91885391431537, -97.1165592624168 49.91938028618146, -97.11805862706623 49.91987828993558)))", "lon": -97.120400072035736, "lat": 49.914698801093451 }, "geometry": { "type": "Polygon", "coordinates": [ [ [ -97.1180586, 49.9198783 ], [ -97.1127492, 49.9181147 ], [ -97.1178732, 49.9102736 ], [ -97.1203401, 49.908273799999989 ], [ -97.1258952, 49.9116181 ], [ -97.126904, 49.9137713 ], [ -97.1267868, 49.915568 ], [ -97.1240232, 49.9185235 ], [ -97.1180586, 49.9198783 ] ] ] } },
{ "type": "Feature", "properties": { "ID": 1230, "Name": "Glenwood", "Cluster": "St. Vital North", "Location": "MULTIPOLYGON (((-97.10392700534817 49.855300735819924, -97.10129019195888 49.85664981410813, -97.09762620753963 49.857804898586814, -97.09486079598035 49.857824379961734, -97.0950024314896 49.85814571894464, -97.09515735568043 49.85830227061461, -97.09539541136618 49.85836411842263, -97.09581537856238 49.85835781910062, -97.0960758015594 49.85845670090584, -97.0963945314261 49.85854407278117, -97.09671083016917 49.85857786872797, -97.09681686440699 49.85856420956131, -97.09703638945537 49.85857808141115, -97.09713212708103 49.858624388220484, -97.09718281746585 49.85869122270824, -97.09715915092237 49.85883163881425, -97.09670162249034 49.859072000644986, -97.09654888693599 49.85911936049743, -97.09590864808658 49.85924598115883, -97.09538186923366 49.85948740009164, -97.09517025686345 49.85967606193009, -97.09515580718252 49.85975502707192, -97.09520216300116 49.85981665767364, -97.09534805220788 49.85988579095098, -97.09558755673251 49.859910994236145, -97.09596031864135 49.8600381230725, -97.09629917690818 49.86013315941054, -97.09659136166205 49.860174626453016, -97.09700606108544 49.86018730352231, -97.09717961253902 49.86021655402222, -97.09728045692104 49.86030621262371, -97.09733155599943 49.860449322913915, -97.09738608144822 49.86050521988236, -97.09742809353672 49.86067751524272, -97.09730747162112 49.86094687725846, -97.09721142679281 49.86102376964741, -97.09696280221928 49.86111502384026, -97.09670230026921 49.8611620809939, -97.09651060046801 49.86127700315262, -97.09635684690701 49.86166755735407, -97.09622913279384 49.86179966390692, -97.09612627208578 49.861847842497625, -97.09588143589589 49.8619002886756, -97.0955463620121 49.861939517806775, -97.09545864231968 49.861977677609566, -97.09529647099428 49.86226468867579, -97.09529653822685 49.86237836018873, -97.0954129294802 49.86262081423687, -97.09551147911652 49.86271116998309, -97.09606979239926 49.86276507814102, -97.0965261826019 49.862727840054504, -97.09730719089885 49.86274433159112, -97.09756747455343 49.86278967248275, -97.09771090703961 49.86286389586729, -97.09785718771727 49.86301003482455, -97.09784698842678 49.86309640357738, -97.09765247313399 49.86331175134102, -97.09742176532808 49.86337983319853, -97.09712563663082 49.86349597541243, -97.09637745180154 49.863683161810364, -97.09591506664853 49.863728367785775, -97.09537162564516 49.863757572729696, -97.0952101975592 49.86385245623028, -97.09523911800919 49.864011336720694, -97.09534740328021 49.864084985364, -97.09555757526896 49.86413537404065, -97.09637613756028 49.86423609155877, -97.09703486547315 49.86424690947392, -97.09764426118214 49.86418504490268, -97.0978528306484 49.86421853588353, -97.09792105260169 49.86427245726691, -97.09788011911438 49.864419190230464, -97.09764817237273 49.864605322702204, -97.0974388781121 49.86473462472977, -97.09721542672058 49.864791091603415, -97.09705754106436 49.86479583290358, -97.09692129443805 49.864827330169454, -97.09669916708646 49.86485008336678, -97.09642536438265 49.86483091939612, -97.09608587943325 49.86486641092759, -97.09568542886647 49.864980835674565, -97.09547989443772 49.86515859753701, -97.09548604414952 49.86529070287771, -97.09554249447491 49.86535543257315, -97.09573724093843 49.865423167978264, -97.095941038584 49.86543384990256, -97.09626280015893 49.86541640158044, -97.09662926170614 49.8654451546162, -97.09705769540982 49.86536932063737, -97.09723536536222 49.86532310279528, -97.0974516816535 49.865303919953654, -97.09754914247291 49.86533558745387, -97.09775236187095 49.8655053951562, -97.09779323426744 49.865649070598785, -97.09776877295666 49.86569413724389, -97.0977070271905 49.8660818029419, -97.09770440439493 49.8662929666684, -97.09756355636408 49.86674460263934, -97.0975711732972 49.86689726588351, -97.09760450851002 49.86694401454337, -97.0977227672173 49.86699509053243, -97.09781551244066 49.867002479611386, -97.09865407706941 49.866826300189324, -97.09895228907385 49.86671532171781, -97.09905918674791 49.866709008164264, -97.09943713259433 49.86685014419063, -97.09946359940051 49.867014116738964, -97.09935883896392 49.86719720466728, -97.09936044940333 49.86723308617253, -97.09936852301722 49.86741297032283, -97.09931910235973 49.86763143347866, -97.09914767192426 49.86780756098053, -97.09908420528693 49.86795025793543, -97.09913535770163 49.86812123562111, -97.09922812386974 49.86824376087453, -97.09936263082203 49.86834350315911, -97.09955097738832 49.868430194354886, -97.09965233651081 49.8684494568962, -97.09979555097638 49.86844300475572, -97.09990460941842 49.868381724098825, -97.10030790915184 49.86822406341031, -97.1005444242564 49.868095202356415, -97.10058351313236 49.86799537314054, -97.10051038092814 49.867835036232165, -97.10037202755342 49.86771763167656, -97.10035420946231 49.86759340237964, -97.10038820032938 49.86753675769715, -97.10066201082229 49.86746937627374, -97.10083018001627 49.86749193272471, -97.1011036807705 49.8675770833309, -97.10126401010824 49.867683846690305, -97.10129776221478 49.867806870160315, -97.10122898498683 49.86808515219445, -97.10140459012712 49.868467907592866, -97.10156102261757 49.869195026086, -97.10153947733139 49.86957088491548, -97.10155075181932 49.86974634172289, -97.10159724000543 49.869805038330085, -97.10165848473245 49.8698346423709, -97.10198742038229 49.8698664303966, -97.10296735580512 49.86987660708156, -97.1030725946378 49.869912797296706, -97.1031331790188 49.87007512718767, -97.10300804277291 49.87031508658592, -97.1028842656509 49.87078094173546, -97.10273984817464 49.87107852034776, -97.1027311479258 49.87118471453889, -97.10285636444887 49.87157984299396, -97.10275716233647 49.871708023143945, -97.1026578321351 49.87175259854271, -97.101906510843 49.87193023594466, -97.10172382732362 49.87193017746103, -97.10146479957753 49.87182253154023, -97.10135775250416 49.871716641450234, -97.10117115500596 49.87135350675051, -97.10108517884107 49.87128902953787, -97.10096624494066 49.87125481320794, -97.10074125945528 49.871320795441875, -97.10067176866367 49.871385658729736, -97.10063197436965 49.87147447603404, -97.10073033644423 49.87180169800702, -97.10074137827974 49.87198301787959, -97.10086021107645 49.8723091084435, -97.1009342003902 49.87267919881597, -97.10109263881371 49.872747796762155, -97.10222511356459 49.87289174919077, -97.10242152351402 49.87288909817639, -97.10254818690562 49.87284203703133, -97.10265044925038 49.87272270743506, -97.10274955169996 49.872683995157956, -97.10287417513273 49.872688968524784, -97.10299210879734 49.872748833944854, -97.1030516637525 49.87282167754495, -97.10307132687817 49.873014871918386, -97.10303540956214 49.87323649084407, -97.10304666267298 49.87329681018735, -97.10314022372847 49.87339954452342, -97.10329582582023 49.87342482502069, -97.1034670316831 49.873370424872014, -97.10364165352229 49.873228811042075, -97.10418011254568 49.872923743660515, -97.10434123931846 49.87289484481108, -97.10451270252398 49.87294971732235, -97.10458905529708 49.87305730254344, -97.10456000406796 49.87316169730001, -97.1042547358814 49.87368398728425, -97.10408014283371 49.873824869143036, -97.1038446274888 49.87389875207974, -97.10334702452343 49.87400061365058, -97.1025409393183 49.87404022158319, -97.10245020293475 49.874068070321606, -97.10241711385635 49.8741305971715, -97.1024327875382 49.87419392236523, -97.10269261819892 49.874368314513525, -97.1031383445792 49.87460588371025, -97.10365888606574 49.87482483341192, -97.103739324645 49.874796103571676, -97.10467372332946 49.87448797093088, -97.10535383914963 49.87426368581356, -97.10670868845963 49.87381687142912, -97.1068767569509 49.87385717151968, -97.11354225317731 49.871656240275996, -97.11511959944589 49.87112254479773, -97.11664218712531 49.87062755822376, -97.11581125353945 49.87043513325943, -97.11495504164407 49.87013564873187, -97.11448596445707 49.869890050182725, -97.1138903879002 49.869482612378604, -97.11343191263205 49.86896521805824, -97.113100117505 49.86847028161431, -97.1128335425633 49.867854022327336, -97.11271632113436 49.86721809740904, -97.11277638365297 49.86613419376059, -97.11176132215606 49.8660066827459, -97.1114976640956 49.86598517926535, -97.11146390817329 49.8659824263273, -97.1110115191481 49.86594552747805, -97.11080113669273 49.86592836823971, -97.11079586189064 49.86546714694736, -97.1110069760588 49.86440574995069, -97.10457286006832 49.85613147789157, -97.10392700534817 49.855300735819924)))", "lon": -97.104667857740566, "lat": 49.865263667478906 }, "geometry": { "type": "Polygon", "coordinates": [ [ [ -97.103927, 49.8553007 ], [ -97.111007, 49.8644057 ], [ -97.110801099999989, 49.8659284 ], [ -97.1127764, 49.8661342 ], [ -97.1134319, 49.8689652 ], [ -97.1166422, 49.8706276 ], [ -97.1036589, 49.8748248 ], [ -97.1024171, 49.8741306 ], [ -97.1040801, 49.8738249 ], [ -97.1045127, 49.8729497 ], [ -97.1032958, 49.8734248 ], [ -97.1028742, 49.872689 ], [ -97.1009342, 49.8726792 ], [ -97.1006718, 49.8713857 ], [ -97.1027572, 49.871708 ], [ -97.1030726, 49.8699128 ], [ -97.1015972, 49.869805 ], [ -97.1011037, 49.8675771 ], [ -97.0996523, 49.8684495 ], [ -97.099437099999989, 49.8668501 ], [ -97.097604499999989, 49.866944 ], [ -97.0975491, 49.8653356 ], [ -97.095486, 49.8652907 ], [ -97.0979211, 49.8642725 ], [ -97.0952102, 49.8638525 ], [ -97.0978572, 49.86301 ], [ -97.0954129, 49.8626208 ], [ -97.097428100000016, 49.8606775 ], [ -97.0951558, 49.859755 ], [ -97.0971321, 49.8586244 ], [ -97.0948608, 49.8578244 ], [ -97.0976262, 49.8578049 ], [ -97.103927, 49.8553007 ] ] ] } },
{ "type": "Feature", "properties": { "ID": 59, "Name": "Grant Park", "Cluster": "River Heights West", "Location": "MULTIPOLYGON (((-97.1524311168724 49.85418038954416, -97.15272084419395 49.85458191113641, -97.15286887610176 49.8548489268504, -97.152916675477 49.85517604389012, -97.15287830157229 49.85545794871499, -97.152170633068 49.85664420248229, -97.1566392013807 49.862164306203994, -97.17437319699867 49.85624121752456, -97.17463090076208 49.85615822243421, -97.17489645557497 49.856110423944166, -97.17527002425075 49.85606108800425, -97.17553569248497 49.85603766144563, -97.17593601321427 49.85140220451063, -97.1760780337553 49.851378723980595, -97.17608948186712 49.851247486666225, -97.17610979881336 49.85101065562084, -97.17612855136285 49.85079205718237, -97.17613169419668 49.85075542106621, -97.17613850108876 49.85067607761223, -97.17615035641555 49.850537882085604, -97.1570486671046 49.85231803637829, -97.15593646627164 49.85243365014985, -97.15507439131379 49.85256895144148, -97.15424490258444 49.85280486759624, -97.15354544900657 49.853144510219934, -97.15265137122894 49.853970587125794, -97.1524311168724 49.85418038954416)))", "lon": -97.163590325467126, "lat": 49.855575136576348 }, "geometry": { "type": "Polygon", "coordinates": [ [ [ -97.1524311, 49.8541804 ], [ -97.1559365, 49.8524337 ], [ -97.1761504, 49.8505379 ], [ -97.1755357, 49.8560377 ], [ -97.1566392, 49.8621643 ], [ -97.1521706, 49.8566442 ], [ -97.1529167, 49.855176 ], [ -97.1524311, 49.8541804 ] ] ] } },
{ "type": "Feature", "properties": { "ID": 811, "Name": "Grassie", "Cluster": "River East East", "Location": "MULTIPOLYGON (((-97.05677171343187 49.91057969556729, -97.04746484871733 49.91208637810134, -97.04704173462574 49.912154855692286, -97.03573361052227 49.91397937323745, -97.03445261610521 49.914186590913346, -97.02540038935146 49.915650451218006, -97.02497985872685 49.91571843694185, -97.02497578252566 49.915917676023334, -97.02495441899613 49.917363757891565, -97.02493957745976 49.91836817924337, -97.02493755269722 49.918505170541245, -97.02492486454175 49.919363832422505, -97.0249101504229 49.92035948543079, -97.02488686670912 49.92193488562598, -97.02487824069911 49.922518484040644, -97.046537279471 49.92875168238426, -97.04694608677822 49.928017947732016, -97.04727309314504 49.92746335205374, -97.0475456596554 49.9268599004116, -97.04775206929953 49.92620376305357, -97.04784437799732 49.92571384973988, -97.04789046182579 49.92525413489725, -97.04797375831524 49.92139756976598, -97.04807724173246 49.92073888691432, -97.04827004795649 49.920088632634844, -97.04855067921595 49.91945184630026, -97.04891695734743 49.918833462716364, -97.04936604077362 49.918238273894815, -97.0498944466109 49.91767089193779, -97.05049807773246 49.917135713320775, -97.05117225457504 49.91663688485115, -97.05191175144145 49.91617827156238, -97.05271083701592 49.91576342679483, -97.05457006355341 49.91341479893209, -97.05656327673938 49.910849572321915, -97.05677171343187 49.91057969556729)))", "lon": -97.039594087600861, "lat": 49.919207903375018 }, "geometry": { "type": "Polygon", "coordinates": [ [ [ -97.0567717, 49.9105797 ], [ -97.0527108, 49.9157634 ], [ -97.0485507, 49.9194518 ], [ -97.0477521, 49.9262038 ], [ -97.0465373, 49.9287517 ], [ -97.024878199999989, 49.9225185 ], [ -97.0249799, 49.9157184 ], [ -97.0567717, 49.9105797 ] ] ] } },
{ "type": "Feature", "properties": { "ID": 880, "Name": "Griffin", "Cluster": "Transcona", "Location": "MULTIPOLYGON (((-96.99439869991262 49.91219919335297, -96.99412227341595 49.912321403902936, -96.9938539006048 49.91245088455336, -96.99359403973284 49.91258741424214, -96.99334313453225 49.912730759870335, -96.99309832511422 49.912882805557416, -96.99286359215027 49.91304133944162, -96.99263934772058 49.91320608327777, -96.99242598550887 49.913376747918896, -96.99205671234067 49.913712744803185, -96.99172768184994 49.914065749624946, -96.99140552304056 49.91449030620577, -96.99114399176266 49.914931899186946, -96.99096900950121 49.91532306801003, -96.99084140120323 49.915722610095024, -96.9909498688436 49.91572320052104, -96.99192580840153 49.9157282945384, -96.99220586004503 49.91572975492814, -96.9924180206847 49.91573086021159, -96.9926301827002 49.91573196602982, -96.99284234338214 49.91573307053695, -96.99305450404788 49.91573417555468, -96.99326666477208 49.915735279285244, -96.9934788254801 49.91573638352657, -96.9936909876386 49.915737486505016, -96.99390314838887 49.91573858996984, -96.99411530919754 49.9157396921477, -96.99432746999003 49.91574079483623, -96.99453963084092 49.91574189623778, -96.99475179167563 49.91574299814983, -96.99496395396076 49.91574409879897, -96.99517611483763 49.91574519993469, -96.99538827577291 49.91574629978336, -96.99560043669199 49.915747400142685, -96.9958125976694 49.91574849921495, -96.99602476002268 49.915749598821954, -96.99623692100496 49.91575069801668, -96.99644908204557 49.915751795924336, -96.99672913428307 49.91575324538922, -96.99718740345192 49.91575561532217, -96.99834966590322 49.91576161807315, -96.9985618271161 49.9157627130139, -97.0008860574827 49.91577467779437, -97.00181253966707 49.9157793528676, -97.00215783725855 49.9157811228973, -97.002578894531 49.91578336203334, -97.00379106541844 49.91579080964432, -97.00675946350498 49.91580899141578, -97.00676433105295 49.915537741911294, -97.00676875269399 49.915291133334016, -97.00678913961505 49.914153991784744, -97.0068015686042 49.91346075067981, -97.00681399596169 49.91276749957937, -97.0068264057489 49.91207516560567, -97.00683883279692 49.91138192424895, -97.0068880225022 49.90863729190092, -97.00689045850588 49.908501355738295, -97.00247800428586 49.90978340594143, -97.00226702448398 49.90984461133654, -96.99551752308619 49.91180362053678, -96.9952289869716 49.911891765225356, -96.99494604691662 49.91198717601731, -96.99466914148941 49.91208970503147, -96.99439869991262 49.91219919335297)))", "lon": -97.000415406255897, "lat": 49.913098783839722 }, "geometry": { "type": "Polygon", "coordinates": [ [ [ -96.9920567, 49.9137127 ], [ -96.9955175, 49.9118036 ], [ -97.0068905, 49.9085014 ], [ -97.0067595, 49.915809 ], [ -96.9908414, 49.9157226 ], [ -96.9920567, 49.9137127 ] ] ] } },
{ "type": "Feature", "properties": { "ID": 132, "Name": "Holden", "Cluster": "St. Boniface East", "Location": "MULTIPOLYGON (((-97.07219524637517 49.8859331967655, -97.07527235646079 49.8859308078048, -97.07525735565376 49.88192007063126, -97.07222423911973 49.881925017332435, -97.0721816122914 49.88264487598668, -97.07218272382515 49.88294144208598, -97.07219524637517 49.8859331967655)))", "lon": -97.073728081408788, "lat": 49.883929447165066 }, "geometry": { "type": "Polygon", "coordinates": [ [ [ -97.07219520000001, 49.8859332 ], [ -97.0722242, 49.881925 ], [ -97.0752574, 49.881920099999988 ], [ -97.075272399999989, 49.8859308 ], [ -97.07219520000001, 49.8859332 ] ] ] } },
{ "type": "Feature", "properties": { "ID": 573, "Name": "Inkster Gardens", "Cluster": "Inkster West", "Location": "MULTIPOLYGON (((-97.20677439523911 49.94590987194467, -97.19517666775121 49.94594161950211, -97.19517497070233 49.95180306364544, -97.195133170168 49.960727781355004, -97.20677884500618 49.960740541504094, -97.20677439523911 49.94590987194467)))", "lon": -97.200972556525969, "lat": 49.953335146831421 }, "geometry": { "type": "Polygon", "coordinates": [ [ [ -97.2067744, 49.9459099 ], [ -97.2067788, 49.9607405 ], [ -97.1951332, 49.9607278 ], [ -97.1951767, 49.9459416 ], [ -97.2067744, 49.9459099 ] ] ] } },
{ "type": "Feature", "properties": { "ID": 622, "Name": "Inkster Industrial Park", "Cluster": "Inkster East", "Location": "MULTIPOLYGON (((-97.16569565737049 49.942330170573534, -97.1662751316711 49.94251633184856, -97.16673141317683 49.942662913179625, -97.16712146850729 49.94278832153951, -97.16721651233914 49.94281887835804, -97.16750164171165 49.94291055010718, -97.16810992343778 49.943106113630655, -97.16887028054224 49.94335056313352, -97.16963064683877 49.943595007748286, -97.17045717250126 49.94386071359392, -97.17077118075922 49.94396165627772, -97.1711034969194 49.94406848293463, -97.17120615007995 49.94410148165615, -97.17130880198961 49.94413448026618, -97.17141145407547 49.94416747788777, -97.17151251024461 49.944199962727176, -97.17162816505606 49.944237140947244, -97.17173861192055 49.94427264393749, -97.1718559017131 49.94431034692488, -97.17197535922844 49.944348746891926, -97.17207345128712 49.94438027782115, -97.17217446979626 49.94441274979112, -97.17228928837771 49.94444965780874, -97.17240026879357 49.94448533190243, -97.17240544017488 49.94448699419439, -97.17250733360501 49.94451974681047, -97.17260998731633 49.944552744286085, -97.17271169100053 49.94458543526363, -97.1728143449948 49.944618432561086, -97.17343255531608 49.944817145741766, -97.17352912618144 49.94484818642837, -97.17398537338782 49.944994836449155, -97.1741929670127 49.94506156087124, -97.17463933317372 49.94520503041872, -97.17494342563657 49.94530276773666, -97.17541857356638 49.94545548068251, -97.17567705613541 49.94553855535844, -97.17596212770549 49.945630174707816, -97.17607618466809 49.945666831199574, -97.17618640280254 49.94570225453607, -97.1762966552366 49.94573768874035, -97.1764068748205 49.945773111385094, -97.17651712788764 49.94580854499124, -97.17662738122891 49.945843978351405, -97.1767376011942 49.94587940082928, -97.1768516590945 49.94591605691417, -97.17713673400839 49.94600767395226, -97.17718614475383 49.94602355312624, -97.17739522256676 49.946090744856114, -97.1776537106331 49.94617381517058, -97.1779387900456 49.946265430273904, -97.17805284977135 49.94630208520983, -97.17809848579485 49.94631675089351, -97.17816307185808 49.94633750635409, -97.17827332764391 49.94637293817209, -97.1783835487955 49.946408358916976, -97.1784938047789 49.946443790699604, -97.17860406105797 49.94647922220835, -97.17871428396248 49.94651464283612, -97.17874469439569 49.9465244158139, -97.17882834477565 49.946551297166636, -97.17911342880916 49.9466429092799, -97.17937192286472 49.94672597582206, -97.17973077591303 49.94684129167004, -97.17998023257927 49.94692145245685, -97.18005826802255 49.946946528321675, -97.18026525757487 49.94701304069765, -97.1802673482215 49.94701371304426, -97.18049087366767 49.94708553875007, -97.18071439836055 49.94715736490861, -97.18093811520231 49.9472292512139, -97.18114719788176 49.947296434373996, -97.18154433948834 49.94742404479841, -97.18165336740664 49.947459077052415, -97.18243268150624 49.94770948089172, -97.18257407037069 49.94775531493358, -97.18271274320803 49.94779946584066, -97.18415649795959 49.94826320584416, -97.18455945699336 49.94839263295829, -97.18489018900506 49.94849886001801, -97.18509927384994 49.94856601533067, -97.18530835931782 49.94863316937303, -97.18552504695487 49.948702765373184, -97.185753141163 49.94877602315235, -97.18600024364231 49.9488553858416, -97.18618287244261 49.948914040699705, -97.18620172857212 49.948920096876094, -97.18640321404907 49.94898480756578, -97.18660469871374 49.94904951698987, -97.18680618528495 49.94911422698989, -97.18700767101011 49.9491789366233, -97.18720915870932 49.949243645034684, -97.18741064692192 49.949308354000195, -97.18761213428847 49.9493730625991, -97.18781362362907 49.949437769975965, -97.18801511208986 49.949502477885176, -97.18821660249097 49.94956718547132, -97.18841581106842 49.949631159951785, -97.18865151745652 49.94970685427911, -97.18903169083305 49.949828941434916, -97.18927272153093 49.94990634391543, -97.1897536461761 49.950060780611715, -97.19007566817278 49.950164286811734, -97.1907578951021 49.950383567800216, -97.19111477126279 49.95049827235234, -97.19139506650998 49.95058836167609, -97.19171049967949 49.95068974342738, -97.19196134594156 49.95077036572206, -97.19211625166305 49.9508201522067, -97.19229113313531 49.95087635850013, -97.19253771700966 49.950955609028206, -97.1926929794856 49.95100550902486, -97.19284791814046 49.951055304639965, -97.19300025827597 49.951104284490924, -97.19305048050123 49.95112042988186, -97.19315260706502 49.95115326132806, -97.19330496707211 49.951202234322835, -97.19345733820164 49.951251203523384, -97.19360971852522 49.95130016957819, -97.19376210552416 49.95134913332597, -97.19391449693899 49.951398095516446, -97.19406689109005 49.95144705670597, -97.19421928686984 49.95149601726169, -97.1943716836119 49.9515449774042, -97.19458762153705 49.95161435047912, -97.19487327432117 49.95170611939167, -97.19491859475669 49.95172067895314, -97.19517497070233 49.95180306364544, -97.19517666775121 49.94594161950211, -97.19517695377074 49.944856070970324, -97.19512777760514 49.944323635146716, -97.19511206690811 49.938550465103006, -97.19302444116607 49.93854969662548, -97.19293645678361 49.93855156298257, -97.19284848196594 49.93855010198145, -97.19276086465621 49.93854522911436, -97.19267371636364 49.938537036050896, -97.19258761473894 49.93852544186514, -97.19250254970905 49.938510716195005, -97.19241910228591 49.93849268823818, -97.1923374988285 49.93847145145781, -97.18699427097953 49.936762618611155, -97.18691625641857 49.93673163163118, -97.18684134274666 49.936697635436815, -97.18676987114445 49.9366607253001, -97.18670206456669 49.93662108457588, -97.18663815271343 49.9365787168627, -97.18657835515977 49.93653389539384, -97.18652300632623 49.93648689519864, -97.18647222105555 49.936437718079546, -97.18642633713671 49.936386549187645, -97.18638534106127 49.93633374804128, -97.1863493442906 49.936279406319784, -97.186318799454 49.93622371096974, -97.18629347008962 49.93616683815843, -97.18627380207289 49.93610915458759, -97.18507676168208 49.93248086560636, -97.18496827341131 49.93222745060117, -97.18476657857747 49.931999016024356, -97.18450328056352 49.93183620468368, -97.18418779723044 49.931708649290684, -97.18338925519303 49.931462949814524, -97.18404891573319 49.93345922907397, -97.18390033625153 49.93365948322285, -97.18383652950169 49.93374245415262, -97.18349863116356 49.934181828064325, -97.17232451376401 49.930607296841316, -97.17075485116764 49.93265221802082, -97.16377837213936 49.941713453325576, -97.16406338620338 49.941805013950024, -97.16415839136687 49.94183553400854, -97.16472831175207 49.942018402698885, -97.16539322396524 49.94223174511156, -97.16569565737049 49.942330170573534)))", "lon": -97.181242046446599, "lat": 49.940874697678765 }, "geometry": { "type": "Polygon", "coordinates": [ [ [ -97.195175, 49.9518031 ], [ -97.163778400000012, 49.9417135 ], [ -97.1723245, 49.9306073 ], [ -97.1834986, 49.9341818 ], [ -97.1840489, 49.9334592 ], [ -97.1833893, 49.9314629 ], [ -97.184187799999989, 49.9317086 ], [ -97.1867021, 49.9366211 ], [ -97.1924191, 49.9384927 ], [ -97.195112099999989, 49.9385505 ], [ -97.195175, 49.9518031 ] ] ] } },
{ "type": "Feature", "properties": { "ID": 217, "Name": "Inkster-Faraday", "Cluster": "Point Douglas North", "Location": "MULTIPOLYGON (((-97.14409911155519 49.93543071312744, -97.14817275430516 49.9301624701599, -97.14834873253923 49.930016893992416, -97.15098267559425 49.92661051165529, -97.15102714226279 49.92652335785878, -97.15122226738589 49.92614102364441, -97.15266384083085 49.924280119503536, -97.14514429985779 49.921856649473995, -97.14420296386423 49.9230711286506, -97.14412685537728 49.92319221717338, -97.13656472298183 49.93300403085252, -97.14409911155519 49.93543071312744)))", "lon": -97.144637173729194, "lat": 49.928646291335475 }, "geometry": { "type": "Polygon", "coordinates": [ [ [ -97.1440991, 49.9354307 ], [ -97.1365647, 49.933004 ], [ -97.1451443, 49.9218566 ], [ -97.1526638, 49.9242801 ], [ -97.1440991, 49.9354307 ] ] ] } },
{ "type": "Feature", "properties": { "ID": 1900, "Name": "Island Lakes", "Cluster": "St. Boniface East", "Location": "MULTIPOLYGON (((-97.05798234673398 49.8266023160836, -97.05796032159589 49.82661956996457, -97.0579382309226 49.82663673985886, -97.05791607503437 49.826653825517575, -97.05789374108943 49.82667091293149, -97.05787134191617 49.82668791475045, -97.05784887784263 49.82670483072546, -97.0578213698368 49.82672536453353, -97.05779376934379 49.826745773856, -97.05776607692692 49.8267660582763, -97.05773812378975 49.826786339677795, -97.05771007875612 49.82680649381419, -97.05768194240545 49.826826520269094, -97.05765576667646 49.826844982385936, -97.05762951598581 49.8268633377608, -97.05760319076876 49.826881586089314, -97.05757664580361 49.8268998267234, -97.05755002637491 49.82691795851655, -97.05752333292895 49.8269359811648, -97.05750357460606 49.826949221404085, -97.05748377745459 49.82696240351523, -97.05746394164558 49.82697552738436, -97.05744398820752 49.826988644760156, -97.05742399615016 49.82700170320112, -97.05740396564758 49.82701470259356, -97.0572150339471 49.82712496359779, -97.05620198481044 49.826432931301866, -97.0555895684106 49.8267391909595, -97.05545381292575 49.826672620833506, -97.05542708053228 49.826656456435245, -97.05540046172182 49.826640105668886, -97.05537395779362 49.8266235693325, -97.05534781566101 49.826607005068716, -97.05532178879923 49.8265902602666, -97.05529587845506 49.826573335728284, -97.05527671112104 49.8265606442529, -97.05525761265878 49.826547849371885, -97.05523858362614 49.826534951458974, -97.05521976130332 49.826522045185605, -97.05520100850019 49.826509038106614, -97.05518232575665 49.826495930596465, -97.05516292577364 49.826482157384724, -97.05514360672176 49.82646827088278, -97.05512436926256 49.826454271566156, -97.0551053625654 49.826440269988666, -97.05508643748736 49.826426158286786, -97.05506759466648 49.82641193693629, -97.05504898358792 49.82639771684182, -97.05503045873411 49.82638338460112, -97.05501202078082 49.82636894073701, -97.054993815466 49.82635450154753, -97.05497569699554 49.82633995353363, -97.0549576660199 49.82632529721766, -97.05493901901292 49.826309945712, -97.05492047284768 49.82629447253036, -97.05490202831812 49.82627887833513, -97.05488384038797 49.82626329675173, -97.05486575392926 49.82624759749838, -97.05484776970327 49.826231781235876, -97.05483084919977 49.82621670488917, -97.05481402633684 49.826201519667684, -97.05479730181501 49.82618622620376, -97.05478081094033 49.82617095063312, -97.05476441817683 49.82615556982328, -97.05474812419612 49.82614008440436, -97.05473206347382 49.826124619823275, -97.0547161062189 49.82610904850077, -97.05470025314078 49.82609337112908, -97.05468463284178 49.82607771743367, -97.05466911640524 49.82606196078056, -97.05465370450972 49.82604610185886, -97.05463923794997 49.826031017864345, -97.05462487060159 49.82601583934198, -97.0546106030822 49.826000566944266, -97.05459654531188 49.82598532065847, -97.05458258702956 49.82596998323719, -97.05456872882603 49.82595455532962, -97.05451086876276 49.82588805319785, -97.05445511396799 49.82581977638398, -97.05440151884274 49.82574979150703, -97.0543517370081 49.825680471799636, -97.0543040740707 49.82560967845749, -97.05425857362228 49.82553747622701, -97.05414826905712 49.825355196467605, -97.05309292079504 49.82567448352212, -97.05307641169294 49.82567135026043, -97.05278699871003 49.825616413961406, -97.05258895863403 49.82557882155816, -97.05242637691566 49.82554795964318, -97.05226379541024 49.82551709750245, -97.05210121411776 49.82548623513581, -97.05193863303822 49.82545537254336, -97.0516792665174 49.8254061367229, -97.05124798586547 49.8253242647614, -97.05082960164658 49.8252448391978, -97.04986388656874 49.82506159689807, -97.0498506110749 49.84066841266598, -97.0763333102219 49.84063858267248, -97.07165744107529 49.83150300744823, -97.07035071002163 49.82894841483585, -97.07011429974918 49.82890358883615, -97.06986713430982 49.828856719623154, -97.06972038311949 49.82882889133284, -97.06955779186222 49.82879805905226, -97.0694033356992 49.82876876918809, -97.06924887972816 49.82873947911998, -97.0690862890878 49.8287086461844, -97.06892369866017 49.82867781302294, -97.06890743143842 49.82867472814108, -97.0687529736058 49.828645436948705, -97.06858224878596 49.82861306062554, -97.06856748806075 49.82861026138192, -97.06841965901783 49.82858222676389, -97.06831793326862 49.8285629351459, -97.06825706946242 49.82855139267628, -97.06814722102925 49.828530560460514, -97.06808634532395 49.82851901562975, -97.06797650073963 49.828498183955055, -97.06792375620468 49.82848818107921, -97.06780576707692 49.8284658046198, -97.06776116729816 49.828457346302805, -97.06764301731833 49.82843493914452, -97.06759857860438 49.82842651130054, -97.06748024143195 49.82840406844727, -97.06742785537062 49.8283941332934, -97.06731743448607 49.82837319159268, -97.06725713237145 49.828361755037236, -97.06715459887683 49.82834230903491, -97.06709454433721 49.828330919334796, -97.06699174775342 49.82831142326779, -97.06693195651573 49.82830008340648, -97.06682890150861 49.828280538158886, -97.06677750361662 49.82827079007702, -97.0666660780414 49.8282496571029, -97.06662305090951 49.82824149654382, -97.06650328536904 49.82821878162068, -97.06646046370501 49.82821065996046, -97.06634052196796 49.82818791142321, -97.06629787671325 49.82817982315141, -97.06617778153688 49.82815704531548, -97.0661271552667 49.828147443247026, -97.06601505715786 49.828126181985674, -97.06595643405471 49.828115063093605, -97.06585234322145 49.828095320369826, -97.06579384772255 49.828084225584405, -97.065689635783 49.82806445971985, -97.06563126138867 49.82805338780853, -97.06546054107258 49.82802100697244, -97.06536423111302 49.82800273955594, -97.06520153133386 49.82797187955889, -97.06512859552892 49.82795804541107, -97.0650388323799 49.827941019451885, -97.06487613393337 49.827910159174344, -97.0647800347786 49.827891931176524, -97.06471343582552 49.82787929869468, -97.06455073798845 49.82784843799974, -97.06438804043705 49.82781757709242, -97.06421993660119 49.827785690426495, -97.06392655227768 49.827730039331755, -97.06375840720794 49.82769814406296, -97.06358771879617 49.82766576605894, -97.06341703080453 49.827633387841225, -97.06336645794822 49.82762379449752, -97.06324634305562 49.82760100937617, -97.06307565551889 49.82756863065793, -97.06304856549467 49.82756349176563, -97.062904968237 49.82753625169464, -97.06273428128672 49.827503872500785, -97.06273302089956 49.82750363340515, -97.06256359476687 49.8274714930952, -97.06241747710602 49.82744377419397, -97.06239290879589 49.82743911350038, -97.06222222350483 49.82740673374109, -97.06209958708101 49.82738346888467, -97.06205153901578 49.827374353840625, -97.06188085538727 49.82734197381002, -97.06178587189967 49.8273239545661, -97.0617101725047 49.8273095936274, -97.06153948990969 49.82727721320603, -97.06144650030937 49.82725957190218, -97.06136880663053 49.82724483236144, -97.0612641129664 49.82722497046241, -97.06119812120696 49.8272124508166, -97.061101528818 49.82719412568436, -97.06102743213818 49.827180068286815, -97.06094707940825 49.827164823947946, -97.06085673863875 49.827147684623164, -97.06078449567482 49.8271339787296, -97.06068604108171 49.827115299896, -97.06061377764972 49.82710158999505, -97.06051534068649 49.82708291433712, -97.0604511943526 49.82707074431355, -97.0603446388127 49.82705052820413, -97.06029674575156 49.82704144171898, -97.06018193814771 49.82701965981429, -97.06013416286945 49.82701059559719, -97.06001923757198 49.8269887911748, -97.05996344573819 49.82697820591418, -97.0598565373276 49.826957922331474, -97.0598008632924 49.82694735932934, -97.05969383751626 49.826927053303784, -97.05964641550008 49.82691805587661, -97.0595311381979 49.82689618410303, -97.05948383346929 49.82688720885148, -97.05936843945734 49.82686531474528, -97.05931311723197 49.826854818219935, -97.05920574145058 49.826834445260126, -97.0591505356375 49.82682397073176, -97.05904304444097 49.82680357569761, -97.05896439117465 49.82678865220585, -97.05883051633263 49.826763250954826, -97.05876068472354 49.8267500011179, -97.05854519043875 49.82670911296149, -97.05849893745985 49.82670033680229, -97.05830982736806 49.82666445434231, -97.05805790269908 49.826616652648944, -97.058005041865 49.82660662243698, -97.05798234673398 49.8266023160836)))", "lon": -97.061040024556888, "lat": 49.834135475493689 }, "geometry": { "type": "Polygon", "coordinates": [ [ [ -97.0579823, 49.8266023 ], [ -97.0703507, 49.8289484 ], [ -97.0763333, 49.8406386 ], [ -97.0498506, 49.8406684 ], [ -97.0498639, 49.8250616 ], [ -97.0541483, 49.8253552 ], [ -97.057215, 49.827125 ], [ -97.0579823, 49.8266023 ] ] ] } },
{ "type": "Feature", "properties": { "ID": 150, "Name": "J. B. Mitchell", "Cluster": "River Heights West", "Location": "MULTIPOLYGON (((-97.19552399179584 49.8637394957266, -97.20461584116502 49.86409995802013, -97.20599197981002 49.8641543685749, -97.20664746664328 49.85722904639039, -97.20191018065155 49.85703445584398, -97.19852862597537 49.856895434542736, -97.19715291960694 49.85683884854459, -97.19607279410546 49.856808983938805, -97.19552399179584 49.8637394957266)))", "lon": -97.201058436397673, "lat": 49.860473851124731 }, "geometry": { "type": "Polygon", "coordinates": [ [ [ -97.195524, 49.8637395 ], [ -97.1960728, 49.856809 ], [ -97.206647500000017, 49.857229 ], [ -97.205992, 49.8641544 ], [ -97.195524, 49.8637395 ] ] ] } },
{ "type": "Feature", "properties": { "ID": 31, "Name": "Jameswood", "Cluster": "St. James-Assiniboia East", "Location": "MULTIPOLYGON (((-97.25917695145004 49.88957251986485, -97.26167301788792 49.88965557220621, -97.26201263361558 49.885816205515674, -97.24095812996013 49.88501577716983, -97.23756443834915 49.88488185114338, -97.23721814124703 49.888684541520036, -97.25917695145004 49.88957251986485)))", "lon": -97.249644009519557, "lat": 49.887266279518215 }, "geometry": { "type": "Polygon", "coordinates": [ [ [ -97.261673, 49.8896556 ], [ -97.2372181, 49.888684499999989 ], [ -97.2375644, 49.8848819 ], [ -97.2620126, 49.8858162 ], [ -97.261673, 49.8896556 ] ] ] } },
{ "type": "Feature", "properties": { "ID": 142, "Name": "Jefferson", "Cluster": "Seven Oaks East", "Location": "MULTIPOLYGON (((-97.14512717706565 49.93576174358977, -97.14409911155519 49.93543071312744, -97.13656472298183 49.93300403085252, -97.1233598476349 49.92874872404055, -97.12285753482796 49.92963828938825, -97.12104222966718 49.93285244619533, -97.11674455149361 49.93774217451551, -97.11340567157879 49.94234050173702, -97.12729918659052 49.94681596517531, -97.14512717706565 49.93576174358977)))", "lon": -97.127881701040195, "lat": 49.938013931879311 }, "geometry": { "type": "Polygon", "coordinates": [ [ [ -97.1451272, 49.9357617 ], [ -97.12729920000001, 49.946816 ], [ -97.1134057, 49.9423405 ], [ -97.1210422, 49.9328524 ], [ -97.123359799999989, 49.9287487 ], [ -97.1451272, 49.9357617 ] ] ] } },
{ "type": "Feature", "properties": { "ID": 206, "Name": "Kensington", "Cluster": "St. James-Assiniboia East", "Location": "MULTIPOLYGON (((-97.20617538224855 49.88364690249156, -97.2040724154423 49.883566675437706, -97.20399562527618 49.884423342205594, -97.20333323984522 49.8843980609195, -97.20333650187008 49.88436159390994, -97.2023359630114 49.88432126341041, -97.20209216642762 49.8873754094681, -97.2037251270332 49.887437146378716, -97.20582494575527 49.8875166253907, -97.20617538224855 49.88364690249156)))", "lon": -97.204220319387616, "lat": 49.88567141840813 }, "geometry": { "type": "Polygon", "coordinates": [ [ [ -97.2061754, 49.8836469 ], [ -97.20582490000001, 49.8875166 ], [ -97.2020922, 49.887375399999989 ], [ -97.202336, 49.8843213 ], [ -97.2061754, 49.8836469 ] ] ] } },
{ "type": "Feature", "properties": { "ID": 118, "Name": "Kern Park", "Cluster": "Transcona", "Location": "MULTIPOLYGON (((-96.9936666554058 49.900272808835425, -96.99409092792662 49.90027100976805, -96.99417579055392 49.900271196003814, -97.00200784683149 49.90023708802123, -97.0024321095379 49.90023531675752, -97.0026425437663 49.90023381673533, -97.00256889377582 49.89506877010803, -96.9889010576335 49.895127419281984, -96.98897308040014 49.90029371269766, -96.99281795111212 49.900276918571315, -96.99290227664414 49.90023602089764, -96.99332671211262 49.90023428840311, -96.9936666554058 49.900272808835425)))", "lon": -96.995772214598645, "lat": 49.897680264782494 }, "geometry": { "type": "Polygon", "coordinates": [ [ [ -97.0026425, 49.9002338 ], [ -96.9889731, 49.9002937 ], [ -96.9889011, 49.8951274 ], [ -97.0025689, 49.8950688 ], [ -97.0026425, 49.9002338 ] ] ] } },
{ "type": "Feature", "properties": { "ID": 797, "Name": "Kil-Cona Park", "Cluster": "River East East", "Location": "MULTIPOLYGON (((-97.02359266786286 49.941958679432354, -97.03000187402371 49.94481071695278, -97.0308758129849 49.945199557958034, -97.03183716138051 49.94562727560774, -97.03250873347368 49.945926421298296, -97.03824818598603 49.93835793971675, -97.03995853104897 49.93608713289662, -97.04103641025823 49.9348152190494, -97.04161827582112 49.93421009221042, -97.04331859417243 49.93244185193761, -97.04458911272427 49.93087130444898, -97.02475862855385 49.93060578084274, -97.02476115135319 49.930437299335004, -97.02355987157414 49.930428998428894, -97.02278086644233 49.93042360918791, -97.02052861886943 49.930407999202785, -97.0203800082938 49.93040696761121, -97.02023988854121 49.93040599446389, -97.02009976740669 49.93040502112359, -97.0199596462459 49.93040404851287, -97.019819526525 49.930403074857765, -97.01967940538533 49.930402101908456, -97.01953928429306 49.93040112789108, -97.01939916460388 49.930400153727994, -97.01925904349591 49.93039918027081, -97.01899162183963 49.93039732057987, -97.01889825065541 49.93039664534608, -97.01879214693462 49.93039587749209, -97.01868604179069 49.93039511041619, -97.01857993808228 49.930394342367975, -97.01847383438009 49.93039357422278, -97.01836773064723 49.930392806879375, -97.01826162695741 49.93039203854011, -97.01815552184445 49.93039127097868, -97.01804941816704 49.9303905024452, -97.01794331449584 49.93038973381463, -97.01783721079396 49.930388965985884, -97.01773110574264 49.930388197137454, -97.01762500209004 49.930387428215596, -97.01751889840675 49.93038666009562, -97.01741279476654 49.930385890979714, -97.01730669109564 49.93038512266559, -97.01720058607536 49.930384353331725, -97.01709448245376 49.93038358392459, -97.01698837880147 49.930382815319255, -97.01688227519229 49.93038204571799, -97.0167761715893 49.93038127601974, -97.01667006656314 49.93038050709928, -97.01656396297257 49.9303797372068, -97.0164578593513 49.930378968116116, -97.01635175577314 49.93037819802948, -97.01624565220119 49.93037742784578, -97.01613954720604 49.93037665844005, -97.0160334436465 49.930375888062215, -97.0159273400932 49.930375117587296, -97.01582123650915 49.930374347914196, -97.01571513296827 49.930373577245135, -97.0154350185431 49.93037154338082, -97.01532887182061 49.93037077251835, -97.01522272510434 49.93037000155873, -97.0151165798237 49.93036922962693, -97.01501043311987 49.93036845847302, -97.01490428642225 49.93036768722196, -97.01479814112335 49.93036691589759, -97.01469199443818 49.93036614445223, -97.01458584775921 49.93036537290971, -97.01447970247897 49.93036460129391, -97.01437355584939 49.930363828658216, -97.0142674091891 49.93036305682426, -97.01416126392753 49.93036228491699, -97.0140551172797 49.930361512888744, -97.01394897063807 49.93036074076333, -97.01384282539517 49.930359968564616, -97.0136978028103 49.93035891250932, -97.0135577450336 49.93035789366305, -97.00991626959375 49.93033132849502, -97.00532920957497 49.9302977033184, -97.00235832131389 49.93027582886984, -97.00193815239359 49.930273025810784, -96.99916249201323 49.930254467938866, -96.99820968650192 49.93024808175946, -96.99728150069394 49.93024185393915, -96.9980539518483 49.93058600741428, -97.00153666203516 49.93213755040307, -97.00490374042181 49.933637386887845, -97.00628324248994 49.93425181967384, -97.00712405716101 49.934626304276996, -97.00788444894295 49.934964960526436, -97.00858227051418 49.93527574068528, -97.01432878721974 49.93783468727352, -97.01553792304591 49.93837304958814, -97.01594339821727 49.93855358043271, -97.01634510027846 49.93873242865708, -97.01674708598642 49.93891140047016, -97.01715012344232 49.93909083772601, -97.01755316391474 49.93927027361165, -97.0179562747227 49.93944973809732, -97.01846663785837 49.93967694705577, -97.01881620444088 49.93983256836224, -97.01916549200375 49.939988063415406, -97.01956854770506 49.94016749231547, -97.01997160642296 49.940346919845425, -97.02037473643718 49.940526376399866, -97.0207767520858 49.940705334685255, -97.02117877073535 49.9408842916074, -97.02158400659376 49.94106467792508, -97.0219895275194 49.94124518788515, -97.02239127426031 49.94142401513015, -97.02279330533312 49.94160296624012, -97.02319811923152 49.94178308649686, -97.02359266786286 49.941958679432354)))", "lon": -97.02460723252058, "lat": 49.935626633358652 }, "geometry": { "type": "Polygon", "coordinates": [ [ [ -97.0325087, 49.9459264 ], [ -97.0078844, 49.934965 ], [ -96.9972815, 49.9302419 ], [ -97.0445891, 49.9308713 ], [ -97.0325087, 49.9459264 ] ] ] } },
{ "type": "Feature", "properties": { "ID": 898, "Name": "Kildare-Redonda", "Cluster": "Transcona", "Location": "MULTIPOLYGON (((-96.97987769691694 49.90816287429776, -96.98004229285539 49.908163641752246, -96.98015220497228 49.90816415410459, -96.9802795084427 49.90816474722621, -96.98040681192039 49.90816534020804, -96.98052886612832 49.90816590861589, -96.98066142028938 49.90816652577663, -96.98078872377009 49.90816711878856, -96.98091602725806 49.9081677116607, -96.98104333077208 49.90816830394366, -96.98117063429336 49.90816889608681, -96.98129793780312 49.908169488539635, -96.98142524132015 49.90817008085267, -96.98155254486322 49.908170672576496, -96.98167984841355 49.90817126416054, -96.98180715197113 49.90817185560482, -96.98193445553595 49.90817244690931, -96.98206175908929 49.908173038523444, -96.98218906264987 49.90817362999782, -96.98231636693238 49.908174220895084, -96.98244367122214 49.90817481165257, -96.9825709748045 49.90817540270759, -96.98269827839411 49.90817599362284, -96.98282558200971 49.90817658394889, -96.98295288563259 49.90817717413514, -96.98316505859168 49.90817815732252, -96.9833772315334 49.908179141020476, -96.98358940453274 49.90818012343128, -96.98381430699067 49.9081811649401, -96.98403496771643 49.908182186216486, -96.98424714074065 49.90818316832253, -96.98445931382247 49.9081841491414, -96.9846714868869 49.90818513047088, -96.98488366000889 49.90818611051321, -96.98509583311353 49.90818709106615, -96.98530800627572 49.908188070331924, -96.985435310021 49.908188658241905, -96.98556261377352 49.908189246012135, -96.98568991755201 49.908189833193134, -96.98581722133771 49.90819042023436, -96.98594452511192 49.90819100758523, -96.98607182889336 49.90819159479634, -96.98619913270073 49.90819218141823, -96.98632643651534 49.908192767900324, -96.98645374033715 49.90819335424267, -96.9865810441662 49.90819394044521, -96.98670834867967 49.9081945269695, -96.98683565320036 49.90819511335401, -96.98696295705106 49.9081956991373, -96.98709026090899 49.90819628478065, -96.98721756475541 49.9081968707338, -96.98734486860904 49.90819745654702, -96.98747217248862 49.90819804177113, -96.98759947637538 49.90819862685543, -96.98819084666115 49.90820134366996, -96.9887000623769 49.90820368091098, -96.98898011535135 49.908204964942755, -96.98948928527787 49.908207298819484, -96.98982816237124 49.90820885040371, -96.99008806732058 49.90821004004596, -96.99025396270395 49.90821079889888, -96.99038033052797 49.90821137678227, -96.99050760132414 49.90821195837049, -96.99063491497655 49.90821254001464, -96.99076218574399 49.9082131217726, -96.99088949941651 49.908213703586895, -96.99101681309877 49.90821428512596, -96.99118112632335 49.90821503537035, -96.9914378650967 49.90821620746251, -96.99178126795573 49.90821777431403, -96.9918654085957 49.90821815790177, -96.99355623343043 49.90822585565266, -96.99378132761309 49.90822687874458, -96.9940707504868 49.90822819357921, -96.99431257133067 49.90822929166624, -96.99443994138656 49.90822986983954, -96.99456730278058 49.908230447290535, -96.99469465302437 49.90823102455109, -96.99482200332655 49.90823160213033, -96.99494936604539 49.90823217962601, -96.99507670464764 49.90823275686355, -96.99520407770322 49.908233334117284, -96.99533140596262 49.90823391103711, -96.99545879078151 49.908234488073056, -96.99558610730622 49.908235064650945, -96.9957135024966 49.908235641445174, -96.99584080871321 49.908236217705685, -96.99596821563213 49.908236794281784, -96.99609556709315 49.908237370458174, -96.99622292740446 49.90823794653473, -96.99634605245626 49.908238503275875, -96.99645846205122 49.90823901145011, -96.99660498276592 49.908239673787634, -96.99673235381857 49.90824024941005, -96.99685964891468 49.908240824492346, -96.99698706567668 49.908241399984284, -96.99711433500474 49.908241974679406, -96.9972417789552 49.90824255002299, -96.99736902108852 49.908243124306864, -96.99749649087045 49.908243699478064, -96.99762386249003 49.90824427377074, -96.99777356483165 49.90824494856924, -96.99777371452701 49.90823689421824, -96.99805359478997 49.908238585996635, -96.99826317810158 49.908239853014706, -96.99847543639048 49.90824113615591, -96.99868769473926 49.908242418009685, -96.99889995450256 49.90824369949894, -96.99911221285949 49.908244981474475, -96.99932447127628 49.908246262162585, -96.99953672967855 49.90824754336102, -96.99974898814067 49.908248823272025, -96.99996124658823 49.90825010369335, -97.0001735064875 49.90825138285125, -97.00038576498038 49.90825266249546, -97.00059802353307 49.90825394085224, -97.0008102821084 49.908255218820464, -97.00102254066918 49.908256497299, -97.00123479928976 49.90825777449013, -97.00144705928766 49.908259052215556, -97.00165931795348 49.90826032862957, -97.00187157660476 49.908261605553875, -97.00208383531579 49.90826288119078, -97.00229609404943 49.90826415643911, -97.00250585560671 49.9082656297882, -97.00254457977562 49.90617249406179, -97.00264580554393 49.900717812341625, -97.00264746977128 49.90057609683511, -97.0026425437663 49.90023381673533, -97.0024321095379 49.90023531675752, -97.00200784683149 49.90023708802123, -96.99417579055392 49.900271196003814, -96.99409092792662 49.90027100976805, -96.9936666554058 49.900272808835425, -96.99332671211262 49.90023428840311, -96.99290227664414 49.90023602089764, -96.99281795111212 49.900276918571315, -96.98897308040014 49.90029371269766, -96.9889010576335 49.895127419281984, -96.98887733191287 49.89339824904469, -96.97880572160147 49.89342664462891, -96.97884271838781 49.89622469949919, -96.97888372854248 49.89650071378418, -96.97900449452493 49.89677825702476, -96.9792043085736 49.89704069215138, -96.97939118042548 49.897237879670975, -96.9796569315559 49.89762750410683, -96.97975291365243 49.89805362192867, -96.97978596738122 49.90067260513127, -96.97979002410773 49.90094355459451, -96.97974486298159 49.90125614117474, -96.97964488174662 49.90151489202569, -96.97943103286607 49.90183651795132, -96.9792466848396 49.90211509332928, -96.97915921703672 49.90235474707996, -96.97912561304402 49.9025967686069, -96.97907475370269 49.9056198427645, -96.979069535984 49.905921193646506, -96.9790871474232 49.90622327263411, -96.97911607486009 49.906387906019596, -96.97919889581564 49.90667265832641, -96.97934291883679 49.906990692385854, -96.97961929786238 49.907440058928955, -96.97966153924757 49.907851268054564, -96.97966755208137 49.908161622247, -96.97987769691694 49.90816287429776)))", "lon": -96.989157472317743, "lat": 49.902267802391108 }, "geometry": { "type": "Polygon", "coordinates": [ [ [ -96.979877699999989, 49.9081629 ], [ -96.9790871, 49.9062233 ], [ -96.9797529, 49.8980536 ], [ -96.9788837, 49.8965007 ], [ -96.9788057, 49.8934266 ], [ -96.9888773, 49.8933982 ], [ -96.9889731, 49.9002937 ], [ -97.0026425, 49.9002338 ], [ -97.002505899999989, 49.9082656 ], [ -96.979877699999989, 49.9081629 ] ] ] } },
{ "type": "Feature", "properties": { "ID": 868, "Name": "Kildonan Crossing", "Cluster": "River East East", "Location": "MULTIPOLYGON (((-97.06287834405755 49.9117081914176, -97.06935541973762 49.90286066568966, -97.07222817330351 49.89893537379945, -97.06895236112479 49.89834490483042, -97.068343792133 49.89952583136423, -97.06802057510033 49.900267328446226, -97.06757452544196 49.90091195528294, -97.06713064265465 49.90150206156387, -97.06618689182206 49.90257827614548, -97.06322541394927 49.90595505477909, -97.06151109748168 49.906938551826634, -97.05906129057936 49.907768349793976, -97.0582062757599 49.90847493588027, -97.05677171343187 49.91057969556729, -97.05656327673938 49.910849572321915, -97.0590777526971 49.910441686963836, -97.06287834405755 49.9117081914176)))", "lon": -97.064688285261184, "lat": 49.905842028993312 }, "geometry": { "type": "Polygon", "coordinates": [ [ [ -97.0628783, 49.9117082 ], [ -97.0590778, 49.9104417 ], [ -97.0565633, 49.9108496 ], [ -97.0590613, 49.9077683 ], [ -97.0632254, 49.9059551 ], [ -97.0689524, 49.8983449 ], [ -97.0722282, 49.8989354 ], [ -97.0628783, 49.9117082 ] ] ] } },
{ "type": "Feature", "properties": { "ID": 724, "Name": "Kildonan Drive", "Cluster": "River East West", "Location": "MULTIPOLYGON (((-97.11274922533093 49.918114675955, -97.11164851550835 49.91946288356884, -97.10961460766984 49.921626793492614, -97.10402032552093 49.92758002139478, -97.09911426139291 49.9327731599807, -97.09891006597404 49.93292705431579, -97.09388430755942 49.93671436823096, -97.08430004632807 49.947576194979526, -97.0866630191399 49.94807898710419, -97.0962601784883 49.95038153120837, -97.09725516611094 49.95062019026365, -97.09794290354199 49.949721862366914, -97.09815620654656 49.94928964019727, -97.0982616399793 49.94885449226836, -97.09829013531748 49.948131063769274, -97.0981936369749 49.94742650332599, -97.0980474722968 49.94706741115486, -97.09783246333673 49.94667577208668, -97.09737603031398 49.946058267668676, -97.09687107209696 49.945301694278285, -97.09645335560808 49.94461627066539, -97.0962600045118 49.94408443278341, -97.09616120835774 49.94343909241179, -97.09615808077565 49.9430207375274, -97.09617813795637 49.94278752074834, -97.0964376450258 49.94218758228105, -97.09669857053568 49.94187117616265, -97.09715163046539 49.94152190031976, -97.0982710658129 49.94089303000158, -97.09917420289014 49.940544153590565, -97.10068304003825 49.94003672795022, -97.10079920095968 49.94000498358526, -97.10203888280093 49.939666194385886, -97.1042096059638 49.939220664015075, -97.10522232520383 49.93896764815081, -97.10728567250833 49.938412245502825, -97.10798464410352 49.93812503525761, -97.10874251828211 49.937758607930085, -97.10940162966234 49.93733944010585, -97.10997245517234 49.93687583779993, -97.1105144922993 49.93627349302196, -97.1107769821038 49.9359140838491, -97.11105825432537 49.93535047907688, -97.11125949965205 49.93480764683135, -97.11140204766572 49.93401636541001, -97.11143191921131 49.93325229692328, -97.11117312460016 49.93181424981383, -97.1110444834709 49.931375265329685, -97.11062398941385 49.93029826869238, -97.11022208379056 49.929344738739644, -97.10996076300597 49.92852479810493, -97.10989103748548 49.92800659863917, -97.10989922346674 49.927199184469565, -97.11001311523565 49.926312157644155, -97.11021888431675 49.92563319380344, -97.11025910057631 49.92550049224794, -97.11044833305321 49.9249864942202, -97.11087332099555 49.924245155347705, -97.11203418024888 49.92277097561272, -97.1124624421365 49.922312012383294, -97.11304251391253 49.92179044970344, -97.11356361257488 49.92144221538159, -97.11432263873256 49.9210385508352, -97.11550397691738 49.9205116494754, -97.11604777797189 49.92032522866162, -97.11657832765587 49.92014334667929, -97.11702168733916 49.92003435666168, -97.11740788958241 49.919960457797245, -97.11805862706623 49.91987828993558, -97.1165592624168 49.91938028618146, -97.11497458425104 49.91885391431537, -97.11493684304135 49.91884137778334, -97.11471003495154 49.91876603712923, -97.11467228660204 49.91875349789312, -97.11448355955085 49.918690807074306, -97.11429483438776 49.918628115975864, -97.11420047129607 49.91859677030198, -97.11410610832834 49.91856542455254, -97.11391738415702 49.91850273284964, -97.11372865908936 49.91844004082184, -97.11353993455265 49.91837734759287, -97.11335121186899 49.91831465498326, -97.11316248828896 49.91825196204877, -97.11293602093998 49.918176729773386, -97.11274922533093 49.918114675955)))", "lon": -97.100662761267373, "lat": 49.93651849695155 }, "geometry": { "type": "Polygon", "coordinates": [ [ [ -97.1127492, 49.9181147 ], [ -97.1180586, 49.9198783 ], [ -97.1130425, 49.9217904 ], [ -97.1104483, 49.9249865 ], [ -97.109891, 49.9280066 ], [ -97.1114319, 49.9332523 ], [ -97.1110583, 49.9353505 ], [ -97.1079846, 49.938125 ], [ -97.0966986, 49.9418712 ], [ -97.09626, 49.9440844 ], [ -97.0982901, 49.9481311 ], [ -97.0972552, 49.9506202 ], [ -97.0843, 49.9475762 ], [ -97.0938843, 49.9367144 ], [ -97.0991143, 49.9327732 ], [ -97.1127492, 49.9181147 ] ] ] } },
{ "type": "Feature", "properties": { "ID": 694, "Name": "Kildonan Park", "Cluster": "Seven Oaks East", "Location": "MULTIPOLYGON (((-97.10079920095968 49.94000498358526, -97.10068304003825 49.94003672795022, -97.09917420289014 49.940544153590565, -97.0982710658129 49.94089303000158, -97.09715163046539 49.94152190031976, -97.09669857053568 49.94187117616265, -97.0964376450258 49.94218758228105, -97.09617813795637 49.94278752074834, -97.09615808077565 49.9430207375274, -97.09616120835774 49.94343909241179, -97.0962600045118 49.94408443278341, -97.09645335560808 49.94461627066539, -97.09687107209696 49.945301694278285, -97.09737603031398 49.946058267668676, -97.09783246333673 49.94667577208668, -97.0980474722968 49.94706741115486, -97.0981936369749 49.94742650332599, -97.09829013531748 49.948131063769274, -97.0982616399793 49.94885449226836, -97.09815620654656 49.94928964019727, -97.09794290354199 49.949721862366914, -97.09725516611094 49.95062019026365, -97.09821751693069 49.95092106590038, -97.10248967547807 49.95225660055863, -97.10315741206142 49.95182490087888, -97.10522368894705 49.95049625239786, -97.1063800247039 49.94963336389045, -97.11015426278806 49.946816502443696, -97.11237136105794 49.943764820055875, -97.10302010856786 49.9407433846773, -97.10305662835188 49.94073425391899, -97.10219805445628 49.94045711373124, -97.10079920095968 49.94000498358526)))", "lon": -97.103146760266071, "lat": 49.945736887888081 }, "geometry": { "type": "Polygon", "coordinates": [ [ [ -97.1007992, 49.940005 ], [ -97.1123714, 49.9437648 ], [ -97.1101543, 49.9468165 ], [ -97.1024897, 49.9522566 ], [ -97.0972552, 49.9506202 ], [ -97.0981936, 49.9474265 ], [ -97.0961612, 49.9434391 ], [ -97.0971516, 49.9415219 ], [ -97.1007992, 49.940005 ] ] ] } },
{ "type": "Feature", "properties": { "ID": 429, "Name": "King Edward", "Cluster": "St. James-Assiniboia East", "Location": "MULTIPOLYGON (((-97.22195822538411 49.890078955464475, -97.22197109678675 49.88994219028268, -97.22236904053445 49.88995818519547, -97.22249604397143 49.889963289505964, -97.22267149570935 49.88811780115692, -97.22211255414726 49.88809529044143, -97.22246993212332 49.884301263110615, -97.22303136071662 49.884323630571984, -97.22308911730174 49.88370416958354, -97.22253675257798 49.883682121218044, -97.22296742464529 49.879071467674095, -97.22352831914634 49.879059830754116, -97.22357867005796 49.87852605013345, -97.21232823786555 49.878759124250195, -97.20772519615078 49.87912061190082, -97.20485229001936 49.879636697466005, -97.20632989354057 49.88193097245303, -97.20617538224855 49.88364690249156, -97.20582494575527 49.8875166253907, -97.2059261140739 49.88839205489219, -97.20569670578519 49.89060027706652, -97.21781965055428 49.89106059340009, -97.21790380362494 49.891063773908215, -97.21791371711105 49.89095793928285, -97.21794236129207 49.890958953922436, -97.21832530909658 49.890972518088304, -97.21839307489638 49.89097491785603, -97.2184060803844 49.89083815870247, -97.2188330031391 49.89085327805639, -97.21908712263709 49.89086227718454, -97.21909196152598 49.89081138611396, -97.21910171792995 49.89070877668133, -97.21910662783995 49.890657138298934, -97.21953342275665 49.89067225041612, -97.21960118818156 49.89067465037271, -97.2196206605304 49.89046951000046, -97.22004741089975 49.890484618647726, -97.2203015301501 49.890493615116675, -97.22032096746793 49.89028847319711, -97.22074691778094 49.89030493062703, -97.22081466363846 49.890307547253684, -97.22082750773521 49.890170781770124, -97.2212256641903 49.89018678926437, -97.22147967198693 49.89019700026219, -97.22149254474806 49.89006023605029, -97.22189048926457 49.89007623261461, -97.22195822538411 49.890078955464475)))", "lon": -97.214304811836328, "lat": 49.884711498442307 }, "geometry": { "type": "Polygon", "coordinates": [ [ [ -97.222496, 49.8899633 ], [ -97.2179038, 49.8910638 ], [ -97.2056967, 49.890600299999988 ], [ -97.2063299, 49.881931 ], [ -97.2048523, 49.8796367 ], [ -97.2235787, 49.8785261 ], [ -97.2229674, 49.8790715 ], [ -97.2225368, 49.8836821 ], [ -97.2230891, 49.8837042 ], [ -97.2224699, 49.8843013 ], [ -97.222496, 49.8899633 ] ] ] } },
{ "type": "Feature", "properties": { "ID": 1356, "Name": "Kingston Crescent", "Cluster": "St. Vital North", "Location": "MULTIPOLYGON (((-97.12029216858714 49.84611949714864, -97.11944325181409 49.84641115157274, -97.1193988616572 49.846426402015055, -97.1179018688326 49.84694067172064, -97.11782248337582 49.846967942743184, -97.11763230369937 49.84703327418706, -97.11787631012078 49.84753472302084, -97.11817261867195 49.84805098251701, -97.11883657650755 49.84880055967714, -97.11941739892868 49.84929868094183, -97.12014524778292 49.84980682855569, -97.12378930764173 49.85195061171934, -97.12422159397057 49.85226670794766, -97.12422266094926 49.85226764535771, -97.12444747476947 49.852465157880154, -97.12528419548426 49.85355680836589, -97.12621205866277 49.85495353846714, -97.12630139000306 49.85511081713342, -97.12661090355526 49.85565574505968, -97.12685973862726 49.85559374103937, -97.12802103901195 49.855341390956745, -97.1290961500823 49.855142030725474, -97.12991770954375 49.85500656040292, -97.13069568524247 49.85491032600687, -97.1315138295014 49.854863177637036, -97.1324350027079 49.85483723125371, -97.133744511535 49.854831129979736, -97.13477026308148 49.85485444276638, -97.13591109386611 49.85485920025393, -97.13694787287783 49.854835077433655, -97.1379347872755 49.85477444889207, -97.1389317764727 49.85469102678811, -97.13981596656734 49.85456680286753, -97.14014241347756 49.85452093697053, -97.14112182949617 49.854347126007326, -97.14205052540134 49.85415889547071, -97.1426215106545 49.85399746634774, -97.14318380102391 49.853811607092375, -97.14421691115544 49.85333352094006, -97.14461363870502 49.85306086250972, -97.14468941898201 49.85300878058542, -97.14504400073982 49.852607916871754, -97.14531026707569 49.852173930597935, -97.14542882622031 49.85175513388179, -97.14538351761982 49.85135921131757, -97.14521772725618 49.850986007205925, -97.14491551202643 49.85067436062592, -97.1444416663642 49.85041690772122, -97.14383300480807 49.850213386159226, -97.14344383060234 49.8501476600319, -97.14332487721096 49.85013538937131, -97.14305368090085 49.85010741358384, -97.14273037364964 49.85010648201844, -97.14183532630904 49.85020771886969, -97.14114543518635 49.85034028601267, -97.14061961045893 49.85047888110718, -97.14010426843133 49.850652487455214, -97.13727305255445 49.85181385519242, -97.1363381438437 49.85216427601569, -97.13559810818923 49.85236909421716, -97.13491401326178 49.8524864196883, -97.13429831281714 49.8525343015441, -97.13368132545064 49.852547314004326, -97.1331009193405 49.852532016294944, -97.13252684871236 49.852488771464, -97.13191205239872 49.85241087178691, -97.13123758077346 49.85227846361077, -97.13047387841247 49.85207407132705, -97.12965480713481 49.851771893111454, -97.12868868065217 49.851329652631215, -97.12778536164926 49.850861222241626, -97.12556099916746 49.84964731950186, -97.12427206304572 49.84888791054595, -97.12207369230984 49.84765226320715, -97.12166800571862 49.84740346982269, -97.12130908610261 49.847135035818276, -97.12095263671752 49.846836894588044, -97.12063793082915 49.84651308262888, -97.12029216858714 49.84611949714864)))", "lon": -97.131563659297541, "lat": 49.851949435708065 }, "geometry": { "type": "Polygon", "coordinates": [ [ [ -97.1202922, 49.8461195 ], [ -97.1312376, 49.8522785 ], [ -97.1355981, 49.8523691 ], [ -97.1427304, 49.8501065 ], [ -97.1449155, 49.8506744 ], [ -97.1454288, 49.8517551 ], [ -97.1446894, 49.8530088 ], [ -97.1420505, 49.8541589 ], [ -97.126610899999989, 49.8556557 ], [ -97.1244475, 49.8524652 ], [ -97.1181726, 49.848051 ], [ -97.1176323, 49.8470333 ], [ -97.1202922, 49.8461195 ] ] ] } },
{ "type": "Feature", "properties": { "ID": 1560, "Name": "Kirkfield", "Cluster": "St. James-Assiniboia West", "Location": "MULTIPOLYGON (((-97.29018494770156 49.865309405536955, -97.29022737656335 49.864973587508814, -97.29024991071418 49.86479523099184, -97.29028120061518 49.86454757079936, -97.29032739171261 49.86418196389131, -97.29038763089129 49.86370515590415, -97.28963926476003 49.86353708085469, -97.28872690220005 49.86326101728043, -97.2880292513506 49.86291143062174, -97.28752878685671 49.86252640955967, -97.28719574471955 49.862083440107725, -97.28707938568279 49.86166342504603, -97.28694505303247 49.861294269184185, -97.2867036960641 49.86080036632269, -97.28629677950308 49.860343520767096, -97.28569336727772 49.85992328208926, -97.28505884045575 49.85961991718655, -97.28435944509174 49.85937253214407, -97.28345374535813 49.85916507905506, -97.28260346384538 49.85906766172268, -97.28187253907888 49.85905101899829, -97.28115456805807 49.859125194538805, -97.2803377814131 49.85935011273152, -97.27963936668847 49.859632555078434, -97.27914813193229 49.85995176561046, -97.27873591425691 49.860323272643456, -97.27834485621496 49.86075667497736, -97.27806913644726 49.861181332214336, -97.27797469111404 49.861613329964946, -97.27802136167752 49.86201953789955, -97.2782634410979 49.862541356220305, -97.27853701610096 49.86303691731937, -97.27875159927667 49.863523468126644, -97.27902728688717 49.86461745439835, -97.27928223891783 49.86528354097709, -97.27949219176188 49.86574910664994, -97.27995408341722 49.86646009276171, -97.28014436157791 49.866821953228964, -97.28029361266015 49.867276159158074, -97.28027600189947 49.86777204260464, -97.28020167392756 49.86814391974366, -97.2800441814958 49.86857963091425, -97.2795552732404 49.869292992621205, -97.28029615762877 49.86949465367747, -97.28006638649552 49.87151161345554, -97.2783916766516 49.87143423036796, -97.27837610564384 49.87157087325156, -97.27827883791227 49.87156637828648, -97.27817295713403 49.87156157421738, -97.27777983544664 49.875031754854795, -97.27774653673102 49.87518311387802, -97.27767691803679 49.87534644201077, -97.27761377984883 49.87552011440309, -97.27757784749257 49.87569061841047, -97.27768298844946 49.875695138437976, -97.27790725355447 49.87570578072327, -97.27795803065574 49.87570819017051, -97.2782330729948 49.8757212421509, -97.27850811413946 49.87573429256047, -97.27893125735397 49.87575436902025, -97.27958289655967 49.875785284298445, -97.27957668403519 49.875839975712104, -97.27956115336727 49.87597670380286, -97.27954717609377 49.876099759265166, -97.2795456226019 49.87611343188735, -97.27953009173909 49.876250159965906, -97.27951456077881 49.87638688803818, -97.2795137845093 49.87639372199803, -97.27949902968912 49.87652361700347, -97.27949747704164 49.876537284919976, -97.2794937488038 49.876570104468136, -97.27948349714278 49.87666034504297, -97.27947293668575 49.87675331998811, -97.27946796589015 49.87679707309703, -97.27945243454003 49.876933801144986, -97.27945212439269 49.87693653549722, -97.27943690309245 49.877070529186824, -97.2794313118927 49.877119751894206, -97.27942137154743 49.87720725722258, -97.27941049924964 49.87730296738131, -97.279405839873 49.87734398615124, -97.27939030674185 49.8774807141542, -97.27938968643157 49.877486182857446, -97.27938254130876 49.877549078186085, -97.27937477490443 49.87761744217155, -97.2793688734385 49.87766939832262, -97.27935924296955 49.87775417018287, -97.27934806023846 49.87785261467585, -97.27934371093718 49.87789089818809, -97.27932817880738 49.87802762618722, -97.27932724689536 49.87803583011911, -97.27931264658008 49.87816435418023, -97.27930643337724 49.87821904555139, -97.27929711283215 49.87830108304551, -97.27928561965216 49.87840226187175, -97.27928158040993 49.87843781102631, -97.27926604789023 49.87857453900102, -97.27926449422192 49.87858821161214, -97.27925051527305 49.8787112669696, -97.27923498255839 49.878847994932094, -97.27922560057581 49.878930578392804, -97.27922236936328 49.87895901825512, -97.27921913814653 49.87898745811717, -97.27918185871042 49.87931560536298, -97.27916098196947 49.879499714485995, -97.27964908360708 49.87961433723681, -97.2931699780831 49.88172875592386, -97.29397624308291 49.87371051903509, -97.29396341949199 49.873579390880415, -97.29394602651308 49.8734313783846, -97.29388894604267 49.873269741738625, -97.29377374370955 49.873067230248026, -97.29328251343541 49.87242373685756, -97.29254948595319 49.87263956706038, -97.29230907024532 49.87269124289538, -97.29209176906386 49.87271879760577, -97.289318958823 49.87260209598756, -97.28933025340731 49.872492867677636, -97.28945018575101 49.87147055881156, -97.2894942843169 49.87109902713394, -97.28964481165046 49.86983078221744, -97.28969401504598 49.86941621319103, -97.28983942433783 49.868191005632035, -97.2898885762522 49.86777664705106, -97.29003383566838 49.866552064607575, -97.29012423821705 49.865789913547765, -97.29016218370595 49.86548958640925, -97.29016528747435 49.86546501575322, -97.29017908433254 49.86535581566834, -97.29018494770156 49.865309405536955)))", "lon": -97.28528035864224, "lat": 49.871178567483611 }, "geometry": { "type": "Polygon", "coordinates": [ [ [ -97.2903876, 49.8637052 ], [ -97.289319, 49.8726021 ], [ -97.293282499999989, 49.8724237 ], [ -97.293946, 49.8734314 ], [ -97.29317, 49.8817288 ], [ -97.279161, 49.8794997 ], [ -97.2795829, 49.8757853 ], [ -97.277577799999989, 49.8756906 ], [ -97.278173, 49.8715616 ], [ -97.28006640000001, 49.8715116 ], [ -97.2802962, 49.8694947 ], [ -97.2795553, 49.869293 ], [ -97.2802936, 49.8672762 ], [ -97.278021400000014, 49.8620195 ], [ -97.2783449, 49.8607567 ], [ -97.2811546, 49.8591252 ], [ -97.2850588, 49.8596199 ], [ -97.2880293, 49.862911399999987 ], [ -97.2903876, 49.8637052 ] ] ] } },
{ "type": "Feature", "properties": { "ID": 212, "Name": "La Barriere", "Cluster": "Fort Garry South", "Location": "MULTIPOLYGON (((-97.17922385611794 49.74530515210591, -97.17943336788012 49.745339037002935, -97.1794170077501 49.75481911733876, -97.17939893651155 49.76184391418887, -97.17934065081143 49.762312879262815, -97.17923913082667 49.762756231209345, -97.17910948343103 49.76313901818734, -97.17893097917728 49.76349018973288, -97.17868494127788 49.76389255041005, -97.17836979264722 49.764327009108335, -97.17804118191313 49.764662238531876, -97.17766706289741 49.76498335098679, -97.17720068438459 49.765358319438015, -97.17689385203903 49.76555826879371, -97.17622196165316 49.765992951874026, -97.17563797040492 49.76639196298713, -97.17513403978576 49.766811658127295, -97.17448080944547 49.76758702298249, -97.17394135870389 49.76844241993692, -97.17380370693117 49.7689970272922, -97.17375963982342 49.76968809992027, -97.17375710568588 49.77045024508962, -97.17373485347892 49.77107071662253, -97.1765305077075 49.770090237363675, -97.17941408919548 49.769224290459825, -97.1811524918732 49.76881731791638, -97.18252342676541 49.76854345419566, -97.182919126657 49.76846440390889, -97.18549057140527 49.768230153332226, -97.18800927444475 49.7681789370094, -97.21397775141665 49.76810548482661, -97.2139796599229 49.76755697633448, -97.21403962290509 49.753954623398606, -97.21404202465253 49.75350773359172, -97.21964511649695 49.75351178290969, -97.21961806978794 49.74089840825276, -97.21961666090942 49.74058994473817, -97.219612145333 49.738174242050455, -97.21990704286398 49.72204067756106, -97.22005944364838 49.71501028734752, -97.22009191975829 49.71355564021256, -97.21967020207586 49.713704241736835, -97.17967985674079 49.72778452404198, -97.17963044628797 49.72780190780311, -97.17926270334874 49.727930740017435, -97.17926204576129 49.72817795429961, -97.17925924071461 49.729232316263044, -97.17925428630811 49.73109437238946, -97.17924987929243 49.7327500504134, -97.17924774585005 49.7335508930368, -97.17924437686428 49.73481601652622, -97.17924127040745 49.73598165058993, -97.17924104962371 49.73605344507509, -97.17923760157063 49.73717278330888, -97.17923733766267 49.73725844411371, -97.17923362610193 49.73846344293264, -97.17923307803366 49.73887516793994, -97.17923251458883 49.7392983635877, -97.17923196288703 49.73971265996785, -97.17923030011094 49.74096187676652, -97.1792286432052 49.742204793176086, -97.17922673740175 49.74343972399255, -97.17922385611794 49.74530515210591)))", "lon": -97.199477048909699, "lat": 49.743835052373008 }, "geometry": { "type": "Polygon", "coordinates": [ [ [ -97.1793407, 49.7623129 ], [ -97.1792627, 49.7279307 ], [ -97.2200919, 49.7135556 ], [ -97.2196451, 49.7535118 ], [ -97.214042, 49.7535077 ], [ -97.2139778, 49.7681055 ], [ -97.1854906, 49.7682302 ], [ -97.1737349, 49.7710707 ], [ -97.1744808, 49.767587 ], [ -97.1783698, 49.764327 ], [ -97.1793407, 49.7623129 ] ] ] } },
{ "type": "Feature", "properties": { "ID": 1277, "Name": "Lavalee", "Cluster": "St. Vital North", "Location": "MULTIPOLYGON (((-97.09287300637726 49.83825656290441, -97.08873032414304 49.839351151411215, -97.08859866361607 49.83981548248203, -97.08844093831658 49.840180536029365, -97.08799050267613 49.840643845863376, -97.08791277348641 49.840750558082085, -97.08796548587087 49.84096563306528, -97.08805297419714 49.84104762054175, -97.08810612294741 49.841170007694565, -97.08864272608027 49.841597549392915, -97.08865492369246 49.84171023433186, -97.08861030342487 49.8417935139854, -97.08842008588687 49.8419205657916, -97.08815919953125 49.841961047055925, -97.08777378099342 49.841933162930836, -97.08727191797895 49.84182246443243, -97.08718891411534 49.84181727543594, -97.08710282458793 49.84183741005919, -97.08692338465974 49.841975368620446, -97.08683802320712 49.84217948522902, -97.08674145196633 49.842315391616374, -97.08660730962302 49.84243466633571, -97.08647275617831 49.84248417317701, -97.0864067933792 49.842468849860076, -97.08627509427541 49.84239168579166, -97.08615534551505 49.84220223517465, -97.08615788018722 49.84213805019454, -97.08612560767872 49.842044475056575, -97.08601388963793 49.84200513527493, -97.08593571813606 49.842027104623796, -97.08587835020487 49.84207962153432, -97.08582928497478 49.842275310482684, -97.08581793853129 49.84256258156853, -97.0859303487003 49.84280190409155, -97.08603540288196 49.8433226615432, -97.08616842927431 49.843515803248614, -97.0862288423135 49.84365810000521, -97.08633337714262 49.84374349480688, -97.0864640369428 49.84375190155279, -97.08718774889464 49.84360137339514, -97.08734506807008 49.843532799846514, -97.08769039415336 49.84324375002609, -97.08793881728502 49.84316556956922, -97.08809668390093 49.8431647025801, -97.0882628415349 49.843212229063774, -97.08843209550368 49.84333097664063, -97.08854772003802 49.843543617308015, -97.08854271116842 49.8436025539206, -97.08849781517704 49.84369277240671, -97.08813960882765 49.844022578394, -97.08799231755874 49.84423157594479, -97.08784537039638 49.84466311619575, -97.0878693504572 49.84481730904813, -97.08796823803823 49.84490989975999, -97.08812248029139 49.84498743375782, -97.08824612803652 49.84499676430149, -97.08840480535774 49.84496188739343, -97.08875017213646 49.844780805589025, -97.0889862960668 49.844606253408585, -97.08911805691399 49.84447788957809, -97.08926831360566 49.844384200589225, -97.089405771021 49.84432918363191, -97.08964163421972 49.84429731347333, -97.0897435708841 49.8442989938982, -97.08994561181156 49.84434884530686, -97.09018119870086 49.84454193686296, -97.09024085909401 49.844703660661686, -97.09019234397675 49.84484485439579, -97.09002601540223 49.84497855161214, -97.08969868899 49.845287693829405, -97.08965079940229 49.84539938804064, -97.08967066309418 49.845453874301434, -97.08981942153073 49.84553444015698, -97.08992033513512 49.84556214143556, -97.09026953813138 49.84571961085968, -97.09046089563529 49.845822749720156, -97.0905045759756 49.845885960404836, -97.09049834169313 49.84604416800399, -97.09042185344617 49.846105051362386, -97.09029892977267 49.84614538065364, -97.09022786436479 49.84621850426261, -97.09022620983876 49.84626048477908, -97.09025260533666 49.84629910867239, -97.09043445499294 49.846330226315345, -97.09068266065925 49.84632598395468, -97.09075464817431 49.8463112001155, -97.09091215248397 49.84625165124792, -97.09118520441574 49.84609367288335, -97.09135174648867 49.8460363553212, -97.09142592766732 49.846047645077874, -97.09158811865882 49.84618258865173, -97.09173111940277 49.84636859739622, -97.09177930538226 49.84639924763978, -97.09182068269317 49.846534631601095, -97.09169043079008 49.84669288007204, -97.09151900050456 49.84679247256678, -97.09128541311011 49.84688895800796, -97.09116082420556 49.8469851554297, -97.091204509992 49.84706190561531, -97.09130628856553 49.8470677480924, -97.09153460784268 49.847023251600206, -97.09199801020009 49.84687153056368, -97.09215003264123 49.846787587741396, -97.0923703214331 49.84671518366623, -97.0924563896535 49.846724585405035, -97.09270534105578 49.84686512155472, -97.09316572196084 49.84702198171675, -97.09337215906383 49.847137862000466, -97.09386747375137 49.847553242582784, -97.09387517475068 49.84763044134125, -97.09385361557104 49.84771444941232, -97.09368193821062 49.847902222601, -97.09331112364532 49.84802040946256, -97.09282688199895 49.84811485665913, -97.09268807124664 49.84817679883427, -97.09267251717097 49.84824458846155, -97.09277953170039 49.848362999395576, -97.09302568425204 49.848452107324434, -97.09332661702747 49.848527187670534, -97.09386702194077 49.84847914166171, -97.09409353855723 49.84854882989061, -97.09418728967756 49.8486086965487, -97.09474859217647 49.84884844808542, -97.09489917019812 49.848883210567635, -97.09516544556371 49.84889765568563, -97.09545768398112 49.84879796031242, -97.09554114193595 49.84880558097932, -97.09568646930028 49.84889198469091, -97.09571396208628 49.84894381784244, -97.09574611894863 49.84973763292941, -97.09569406581086 49.8499554955444, -97.09569614084991 49.84997519599748, -97.09573965391291 49.84997327979952, -97.0967951294363 49.849611389932114, -97.09704352018191 49.84952622123936, -97.09723073204627 49.84946202978725, -97.09741794203036 49.84939783800337, -97.09841419149585 49.84905622915064, -97.09847439691487 49.84903558469559, -97.0988488112727 49.848907196737066, -97.09903454641417 49.84884350681654, -97.09778447350816 49.84685815933517, -97.09504648547978 49.842512752834715, -97.09287300637726 49.83825656290441)))", "lon": -97.092639502021228, "lat": 49.843910118951243 }, "geometry": { "type": "Polygon", "coordinates": [ [ [ -97.092873, 49.8382566 ], [ -97.0950465, 49.8425128 ], [ -97.0990345, 49.8488435 ], [ -97.095696100000012, 49.8499752 ], [ -97.0955411, 49.8488056 ], [ -97.0926725, 49.8482446 ], [ -97.093853599999989, 49.8477144 ], [ -97.0933722, 49.8471379 ], [ -97.091204499999989, 49.8470619 ], [ -97.0914259, 49.8460476 ], [ -97.0902526, 49.8462991 ], [ -97.0899456, 49.8443488 ], [ -97.0879682, 49.8449099 ], [ -97.0882628, 49.8432122 ], [ -97.086228800000015, 49.8436581 ], [ -97.0859357, 49.8420271 ], [ -97.0864728, 49.8424842 ], [ -97.0886103, 49.8417935 ], [ -97.0879128, 49.8407506 ], [ -97.0887303, 49.8393512 ], [ -97.092873, 49.8382566 ] ] ] } },
{ "type": "Feature", "properties": { "ID": 180, "Name": "Legislature", "Cluster": "Downtown East", "Location": "MULTIPOLYGON (((-97.15231047876254 49.88277145630585, -97.15234473156113 49.88238570193116, -97.15235785742806 49.88223788001501, -97.15302593846232 49.88201385886908, -97.15304872347909 49.881568298902394, -97.15306383143363 49.88127343631919, -97.15286861709393 49.88133867387443, -97.15226506682869 49.88151026714711, -97.15173547494346 49.88162970696475, -97.15122100767363 49.88168067758188, -97.15056559194113 49.881656282377755, -97.14986206504393 49.88166834737631, -97.14921903765313 49.88169522366056, -97.14844399414733 49.88174565946164, -97.1477084330216 49.88174663641461, -97.14699499889298 49.88178055903242, -97.14627953331072 49.8818225386541, -97.14556379798596 49.881871524244815, -97.14492976842217 49.88194501555529, -97.1443309103237 49.88204118976484, -97.14367100375662 49.882181708948025, -97.14319415955109 49.882262924085964, -97.14545824019703 49.88643532276387, -97.14661581246271 49.888567507537616, -97.14792331156607 49.88827328448574, -97.14840416971253 49.88915951129627, -97.14957537888537 49.88889591761694, -97.15001542080297 49.888796821774825, -97.15093162954686 49.88883680138432, -97.15106275891912 49.88888509107338, -97.15110811151885 49.888377724281156, -97.15050655295897 49.88835645507658, -97.15057614950862 49.88754338626388, -97.150592250339 49.887362812207805, -97.15070451007365 49.88610603095453, -97.15130993022571 49.88612814501055, -97.1513670252695 49.885488047771645, -97.15206559514898 49.88551385243487, -97.15207369934356 49.88542355872654, -97.1521005690155 49.88512262146153, -97.15205822918112 49.885121028076625, -97.15206066795936 49.88509369165643, -97.15206310569644 49.885066366870916, -97.15214778590342 49.88506955606908, -97.15233117912899 49.88301396294349, -97.15234015144311 49.882910985169914, -97.1522991015671 49.88290977901821, -97.15231047876254 49.88277145630585)))", "lon": -97.148311342549462, "lat": 49.884721757790842 }, "geometry": { "type": "Polygon", "coordinates": [ [ [ -97.1530638, 49.8812734 ], [ -97.1520656, 49.8855139 ], [ -97.150704499999989, 49.886106 ], [ -97.1510628, 49.888885099999989 ], [ -97.1484042, 49.8891595 ], [ -97.1479233, 49.8882733 ], [ -97.1466158, 49.8885675 ], [ -97.1431942, 49.8822629 ], [ -97.1530638, 49.8812734 ] ] ] } },
{ "type": "Feature", "properties": { "ID": 54, "Name": "Leila North", "Cluster": "Seven Oaks East", "Location": "MULTIPOLYGON (((-97.16101807868874 49.96809567998849, -97.16101862488907 49.95767223212507, -97.14766886658258 49.95337689639147, -97.14761265113606 49.953439849426026, -97.14101072755832 49.96082893057118, -97.14027772179246 49.9616267820939, -97.14729996407682 49.963734934625435, -97.16080793770867 49.9680782387405, -97.16101807868874 49.96809567998849)))", "lon": -97.152366466187488, "lat": 49.960514421366788 }, "geometry": { "type": "Polygon", "coordinates": [ [ [ -97.1610181, 49.9680957 ], [ -97.1473, 49.9637349 ], [ -97.1402777, 49.9616268 ], [ -97.1476689, 49.9533769 ], [ -97.1610186, 49.9576722 ], [ -97.1610181, 49.9680957 ] ] ] } },
{ "type": "Feature", "properties": { "ID": 634, "Name": "Leila-McPhillips Triangle", "Cluster": "Seven Oaks East", "Location": "MULTIPOLYGON (((-97.15916472134121 49.940230114728095, -97.15909457799629 49.940309932020774, -97.14766886658258 49.95337689639147, -97.16101862488907 49.95767223212507, -97.16099029107147 49.94707937091255, -97.15955000712452 49.94659198643226, -97.15961246227124 49.94651100194391, -97.16016374586205 49.94579470045188, -97.16052288989363 49.9453280392759, -97.16080928818303 49.94495589517712, -97.16122959269285 49.94440974050787, -97.16138533711451 49.94420735864453, -97.16152661278163 49.944023776849, -97.16171213662315 49.94378269286533, -97.16172996799064 49.943759521265896, -97.16195441880703 49.943467851253764, -97.16197700661353 49.94343849723757, -97.1619800287255 49.9434345711803, -97.16212422666823 49.94324718424582, -97.16212662560505 49.943244066846326, -97.16233186276118 49.94297735653315, -97.16254418133136 49.94270144111889, -97.16275609868819 49.942426041563635, -97.16285030187406 49.94230361992944, -97.16293419090451 49.94219459827185, -97.16314973121949 49.94191448538097, -97.16335752579413 49.94164443436444, -97.1633983548585 49.94159137141617, -97.16345450011502 49.94151840418832, -97.16347028215705 49.94149788301364, -97.15983601635568 49.940328446897105, -97.15981827908114 49.940351449409185, -97.15980364348528 49.94037043212819, -97.15976337144052 49.940422663446085, -97.15935372930272 49.94029094833769, -97.15916472134121 49.940230114728095)))", "lon": -97.156636935668502, "lat": 49.949673166554106 }, "geometry": { "type": "Polygon", "coordinates": [ [ [ -97.1591647, 49.9402301 ], [ -97.1634703, 49.9414979 ], [ -97.15955, 49.946592 ], [ -97.1609903, 49.9470794 ], [ -97.1610186, 49.9576722 ], [ -97.1476689, 49.9533769 ], [ -97.1591647, 49.9402301 ] ] ] } },
{ "type": "Feature", "properties": { "ID": 135, "Name": "Linden Ridge", "Cluster": "Fort Garry North", "Location": "MULTIPOLYGON (((-97.18359854939479 49.82735756898201, -97.19628232227959 49.82298610159224, -97.19608109706569 49.8227360444829, -97.19485794925313 49.82122241428951, -97.19485442723929 49.821218055688526, -97.19423926374492 49.82045675838253, -97.19409583196443 49.82027925013338, -97.19334049165573 49.81934443235188, -97.1932089407354 49.81918161930675, -97.1924160584241 49.818200288329386, -97.19179867851133 49.81840928123507, -97.19141087920244 49.818540554832154, -97.19102307643004 49.8186718270831, -97.19100850068389 49.81867676179818, -97.1908762363569 49.8187215406275, -97.19081949360212 49.81863907175852, -97.18468981154392 49.820713321022446, -97.18475446259139 49.82079349969328, -97.18475642366779 49.820795931204316, -97.18501816790187 49.82112053847134, -97.18524971658566 49.8214076940787, -97.18541694787537 49.82161508396238, -97.18554394811997 49.8217725804707, -97.1854651785225 49.82179920247826, -97.18526240246966 49.821867734951645, -97.18505962585057 49.82193626706305, -97.18485684866529 49.82200479881227, -97.18465408870584 49.82207332164364, -97.18445132817959 49.822141844116494, -97.1842485670873 49.8222103662273, -97.18404580542891 49.822278887976005, -97.18384304320445 49.82234740936276, -97.1836402804139 49.82241593038748, -97.18343751705729 49.822484451050066, -97.18323475313457 49.82255297135071, -97.1830319886458 49.8226214912893, -97.18261487838527 49.82276244307435, -97.18233154754499 49.822858186177385, -97.1819742384805 49.82297893558155, -97.1818725102306 49.82301331341994, -97.18161692762695 49.82309968387202, -97.18141413445402 49.823168214272314, -97.18121134071481 49.82323674431046, -97.18106532342246 49.823286087555225, -97.18100854640936 49.82330527398652, -97.18080575153766 49.82337380330035, -97.18052236265254 49.82346956636216, -97.18006292531399 49.823624817600574, -97.17990575390316 49.82367792768661, -97.18013800841766 49.82396515947474, -97.18031252145636 49.82418097921889, -97.18035625288353 49.82423506140485, -97.18042243970008 49.824316913672575, -97.18053235855264 49.82445284802577, -97.18064227801406 49.82458878227854, -97.1807521980843 49.8247247164309, -97.18086211876341 49.82486065048293, -97.18091043599901 49.824920402005496, -97.18099143041265 49.825020563399256, -97.18104736742073 49.82508977478105, -97.18122326615628 49.82530725951492, -97.18135203458239 49.825466545218255, -97.18173668056019 49.82533710076384, -97.1819157055614 49.82527685244546, -97.1819164141973 49.82527772896588, -97.18336371043075 49.827067833348956, -97.18359854939479 49.82735756898201)))", "lon": -97.188316094166993, "lat": 49.822826116927814 }, "geometry": { "type": "Polygon", "coordinates": [ [ [ -97.1835985, 49.8273576 ], [ -97.1799058, 49.8236779 ], [ -97.1855439, 49.8217726 ], [ -97.1846898, 49.820713299999987 ], [ -97.1924161, 49.8182003 ], [ -97.1962823, 49.8229861 ], [ -97.1835985, 49.8273576 ] ] ] } },
{ "type": "Feature", "properties": { "ID": 47, "Name": "Linden Woods", "Cluster": "Fort Garry North", "Location": "MULTIPOLYGON (((-97.20113682529819 49.82123631399276, -97.19628232227959 49.82298610159224, -97.18359854939479 49.82735756898201, -97.18303532193943 49.827548118915196, -97.18037919398739 49.82979347506639, -97.18087017097253 49.83192479854753, -97.18087567229242 49.83284315940148, -97.18056019535018 49.83405572872824, -97.17969445915973 49.83629125586031, -97.17961257305382 49.83713425455523, -97.1796032376289 49.84247235641469, -97.17952157667607 49.843160636510305, -97.17952168424524 49.84499406599696, -97.17930728343528 49.84687982752853, -97.18278390898317 49.846889969671345, -97.18356473376943 49.84682774718808, -97.1839860929472 49.84677427615571, -97.18437377685333 49.84667971658868, -97.18509114814124 49.84643113946033, -97.18569121947884 49.84616291497313, -97.19053275481826 49.84325754071486, -97.19100091881621 49.84302455103514, -97.19166298917901 49.84284170992513, -97.19241218885004 49.842681268262744, -97.19317595605212 49.842600638873336, -97.1937946453608 49.84257817775094, -97.19911976954413 49.84258837440585, -97.20674649282766 49.82773308304962, -97.20700313698306 49.82723283853901, -97.20491709747441 49.82577412010843, -97.20410900020947 49.82492017769218, -97.20113682529819 49.82123631399276)))", "lon": -97.191970209094308, "lat": 49.834042991218723 }, "geometry": { "type": "Polygon", "coordinates": [ [ [ -97.2011368, 49.8212363 ], [ -97.2070031, 49.8272328 ], [ -97.1991198, 49.8425884 ], [ -97.191663, 49.8428417 ], [ -97.184373799999989, 49.8466797 ], [ -97.1793073, 49.8468798 ], [ -97.1796945, 49.8362913 ], [ -97.1808757, 49.8328432 ], [ -97.1803792, 49.8297935 ], [ -97.183035300000014, 49.8275481 ], [ -97.2011368, 49.8212363 ] ] ] } },
{ "type": "Feature", "properties": { "ID": 89, "Name": "Logan-C.P.R.", "Cluster": "Downtown East", "Location": "MULTIPOLYGON (((-97.16074342535349 49.913804765117064, -97.17001180030616 49.916773838007856, -97.17022197525871 49.916779219594005, -97.1706867748054 49.91251023438882, -97.1709268486006 49.91012049827621, -97.16771550872699 49.90909471367245, -97.1661450673025 49.91110974503602, -97.16435673940613 49.91053852670471, -97.16362918861351 49.911489630847555, -97.15256332972066 49.90793877714297, -97.14666511182959 49.90604775309755, -97.14076736147368 49.9041564336077, -97.13913357379683 49.903632420179775, -97.13850596327629 49.9034310881411, -97.13584658124667 49.90257806858552, -97.13502978545154 49.903601575098065, -97.1345547976903 49.904396843860475, -97.13423036648061 49.905655406382216, -97.13450735182334 49.90568498745597, -97.13520143540624 49.90575898376247, -97.13589552118955 49.90583297683522, -97.1358681753993 49.905937916590986, -97.13614404152274 49.90596790138744, -97.1366179950592 49.906119909285856, -97.13686885848703 49.906200365583494, -97.13737270218466 49.906361951066216, -97.1419074790396 49.907816133011416, -97.14504241864364 49.90879318020181, -97.16074342535349 49.913804765117064)))", "lon": -97.154617997087684, "lat": 49.909817335423632 }, "geometry": { "type": "Polygon", "coordinates": [ [ [ -97.170222, 49.9167792 ], [ -97.1342304, 49.9056554 ], [ -97.134554799999989, 49.9043968 ], [ -97.1358466, 49.9025781 ], [ -97.1636292, 49.911489599999989 ], [ -97.1643567, 49.9105385 ], [ -97.1661451, 49.9111097 ], [ -97.1677155, 49.9090947 ], [ -97.170926799999989, 49.9101205 ], [ -97.170222, 49.9167792 ] ] ] } },
{ "type": "Feature", "properties": { "ID": 1320, "Name": "Lord Roberts", "Cluster": "River Heights East", "Location": "MULTIPOLYGON (((-97.1519346105842 49.85235979145012, -97.14664710433945 49.85414489282895, -97.14625499993659 49.85365979704105, -97.14613112029716 49.85370165436979, -97.14603307744719 49.85373478175678, -97.1460033939498 49.85374481133465, -97.14581556308593 49.853808276284525, -97.14579867473876 49.85381398240532, -97.1456840873137 49.85385269915173, -97.14562773034555 49.85387174090144, -97.14557137359643 49.853890782948234, -97.14545868409692 49.85392885880477, -97.145439898475 49.85393520612882, -97.14534598167943 49.85396693816538, -97.14506882739884 49.85362403943044, -97.14461363870502 49.85306086250972, -97.14421691115544 49.85333352094006, -97.14318380102391 49.853811607092375, -97.1426215106545 49.85399746634774, -97.14205052540134 49.85415889547071, -97.14112182949617 49.854347126007326, -97.14014241347756 49.85452093697053, -97.13981596656734 49.85456680286753, -97.14030696738297 49.85517494104125, -97.14058136554023 49.85551479453138, -97.14060166534647 49.85553993560812, -97.12968907928068 49.85922528090274, -97.14081203702835 49.873071379458864, -97.1449809076142 49.86600071169731, -97.14551294524618 49.86510600807877, -97.14850001394034 49.860045756788494, -97.14853540404333 49.85998579722391, -97.15124785951475 49.855391867654134, -97.1524311168724 49.85418038954416, -97.15201010542503 49.85263662581719, -97.1519346105842 49.85235979145012)))", "lon": -97.141238288407195, "lat": 49.861189575612372 }, "geometry": { "type": "Polygon", "coordinates": [ [ [ -97.1519346, 49.8523598 ], [ -97.1524311, 49.8541804 ], [ -97.140812, 49.8730714 ], [ -97.1296891, 49.8592253 ], [ -97.1406017, 49.8555399 ], [ -97.139816, 49.8545668 ], [ -97.1446136, 49.8530609 ], [ -97.1466471, 49.8541449 ], [ -97.1519346, 49.8523598 ] ] ] } },
{ "type": "Feature", "properties": { "ID": 65, "Name": "Lord Selkirk Park", "Cluster": "Point Douglas South", "Location": "MULTIPOLYGON (((-97.14324589659113 49.91177856963307, -97.14504241864364 49.90879318020181, -97.1419074790396 49.907816133011416, -97.13737270218466 49.906361951066216, -97.13686885848703 49.906200365583494, -97.1366179950592 49.906119909285856, -97.13614404152274 49.90596790138744, -97.1358681753993 49.905937916590986, -97.13589552118955 49.90583297683522, -97.13520143540624 49.90575898376247, -97.13450735182334 49.90568498745597, -97.13423036648061 49.905655406382216, -97.13345795456713 49.90864074280362, -97.13266814894658 49.91169294041151, -97.14143137270557 49.91450625803251, -97.14168506341 49.91417651583741, -97.14197793843275 49.91379589155042, -97.1423353932316 49.91333356007377, -97.14324589659113 49.91177856963307)))", "lon": -97.138444906573142, "lat": 49.910024619551244 }, "geometry": { "type": "Polygon", "coordinates": [ [ [ -97.1450424, 49.9087932 ], [ -97.1414314, 49.9145063 ], [ -97.132668099999989, 49.9116929 ], [ -97.1342304, 49.9056554 ], [ -97.1450424, 49.9087932 ] ] ] } },
{ "type": "Feature", "properties": { "ID": 702, "Name": "Luxton", "Cluster": "Point Douglas North", "Location": "MULTIPOLYGON (((-97.11604777797189 49.92032522866162, -97.11550397691738 49.9205116494754, -97.11432263873256 49.9210385508352, -97.11356361257488 49.92144221538159, -97.11304251391253 49.92179044970344, -97.1124624421365 49.922312012383294, -97.11203418024888 49.92277097561272, -97.11087332099555 49.924245155347705, -97.11044833305321 49.9249864942202, -97.11025910057631 49.92550049224794, -97.11021888431675 49.92563319380344, -97.11121286587823 49.925952611899255, -97.11223654137626 49.92628259520393, -97.11228288685908 49.92629753401246, -97.11281631521493 49.92646947984729, -97.11294972248122 49.9265123202451, -97.11296842171446 49.926448323438535, -97.1171448373342 49.927791453212166, -97.11732290876513 49.92735844628213, -97.11946467580027 49.92804907595438, -97.11917373974859 49.928450937511236, -97.12222527644973 49.92943448289584, -97.12241514043679 49.92949567403432, -97.12260500522056 49.929556864966244, -97.12285753482796 49.92963828938825, -97.1233598476349 49.92874872404055, -97.12606143199645 49.92396777124321, -97.11747198976352 49.921205043962196, -97.11686332568573 49.920829044116424, -97.11604777797189 49.92032522866162)))", "lon": -97.118284376890159, "lat": 49.924848366407296 }, "geometry": { "type": "Polygon", "coordinates": [ [ [ -97.1160478, 49.9203252 ], [ -97.1260614, 49.9239678 ], [ -97.1228575, 49.9296383 ], [ -97.1173229, 49.9273584 ], [ -97.1102189, 49.9256332 ], [ -97.1124624, 49.922312 ], [ -97.1160478, 49.9203252 ] ] ] } },
{ "type": "Feature", "properties": { "ID": 1134, "Name": "Maginot", "Cluster": "St. Boniface East", "Location": "MULTIPOLYGON (((-97.08393299690181 49.87338886777069, -97.08743551319385 49.87338674109763, -97.08777740691336 49.87338652806491, -97.0881112895712 49.87338631905015, -97.08811396003703 49.873386317374624, -97.08921656082914 49.873385618694854, -97.09290747017353 49.873383206757985, -97.09291901392065 49.87340571128861, -97.09295422345281 49.87347435212528, -97.09444630862781 49.873473340503786, -97.09319213196396 49.87098784079466, -97.07132069413032 49.8709975466824, -97.07154516059006 49.87117431765377, -97.07155236800226 49.87361533852287, -97.07220217654115 49.873614507379536, -97.07388889377779 49.87361233296479, -97.07381359779272 49.87348562542877, -97.08097153528473 49.873481695132426, -97.08097179687154 49.87339058312643, -97.08262698457342 49.873389633640016, -97.08269335001714 49.87338959507706, -97.08363024103234 49.87338904615112, -97.08393299690181 49.87338886777069)))", "lon": -97.082541601250895, "lat": 49.872231378328948 }, "geometry": { "type": "Polygon", "coordinates": [ [ [ -97.0944463, 49.8734733 ], [ -97.0715524, 49.8736153 ], [ -97.0713207, 49.8709975 ], [ -97.0931921, 49.8709878 ], [ -97.0944463, 49.8734733 ] ] ] } },
{ "type": "Feature", "properties": { "ID": 596, "Name": "Mandalay West", "Cluster": "Seven Oaks West", "Location": "MULTIPOLYGON (((-97.18257407037069 49.94775531493358, -97.18257160803749 49.94887082859618, -97.18257118691044 49.9490530217247, -97.18257878050969 49.94922994461566, -97.18260191328538 49.94940630166374, -97.18264060908922 49.94958146371753, -97.18269127369446 49.94974098551267, -97.18270777353797 49.94979124559107, -97.18278440735853 49.94997239797084, -97.18287725361824 49.95015038697562, -97.18298599151392 49.950324578024166, -97.18358488602476 49.951124811493926, -97.18364446057248 49.951218733017626, -97.18369521626495 49.95131485457823, -97.18373717334353 49.951412636920125, -97.183769878984 49.95151189309933, -97.18379346154117 49.95161226541128, -97.183807708096 49.95171330087341, -97.18393824081828 49.95687583728671, -97.18391560183439 49.95730643037304, -97.1838490033423 49.95773507595825, -97.18373885652443 49.958159981799646, -97.18358557261395 49.95857935560777, -97.1835317638448 49.95871385836283, -97.18322300995048 49.95929581902854, -97.1829737389661 49.9597207027862, -97.18286116253331 49.959950240372905, -97.18277484729057 49.96018459596271, -97.18271531074544 49.960422248901715, -97.18268987585927 49.960554228167126, -97.18264986881799 49.96073427179663, -97.18262638902965 49.96089065287347, -97.18258663629885 49.961045609823515, -97.18253097550311 49.9611986087657, -97.1824595518703 49.961348842578644, -97.18237262216317 49.96149559581363, -97.18227066959064 49.96163824649643, -97.18225451358111 49.96165813771441, -97.18112081093173 49.96307231853605, -97.18058198868941 49.963461818675604, -97.18027076804653 49.963863796226256, -97.18186501601184 49.96437651911235, -97.18432719634384 49.96524449766571, -97.18851659757335 49.96659082339089, -97.18954663125896 49.96720257006929, -97.19068385849712 49.968021777651636, -97.19455567034161 49.965865925575955, -97.19473704123212 49.96576534796987, -97.19306884399231 49.96072702093737, -97.195133170168 49.960727781355004, -97.19517497070233 49.95180306364544, -97.19491859475669 49.95172067895314, -97.19487327432117 49.95170611939167, -97.19458762153705 49.95161435047912, -97.1943716836119 49.9515449774042, -97.19421928686984 49.95149601726169, -97.19406689109005 49.95144705670597, -97.19398453239603 49.95142059654352, -97.19391449693899 49.951398095516446, -97.19376210552416 49.95134913332597, -97.19360971852522 49.95130016957819, -97.19345733820164 49.951251203523384, -97.19330496707211 49.951202234322835, -97.19315260706502 49.95115326132806, -97.19305048050123 49.95112042988186, -97.19300025827597 49.951104284490924, -97.19284791814046 49.951055304639965, -97.1926929794856 49.95100550902486, -97.19253771700966 49.950955609028206, -97.19229113313531 49.95087635850013, -97.19211625166305 49.9508201522067, -97.19196134594156 49.95077036572206, -97.19171049967949 49.95068974342738, -97.19139506650998 49.95058836167609, -97.19111477126278 49.95049827235234, -97.1907578951021 49.950383567800216, -97.19007566817278 49.950164286811734, -97.1897536461761 49.950060780611715, -97.18927272153093 49.94990634391543, -97.189112477863 49.949854884166726, -97.18903169083305 49.949828941434916, -97.18865151745652 49.94970685427911, -97.18841581106842 49.949631159951785, -97.18821660249097 49.94956718547132, -97.18801511208986 49.949502477885176, -97.18781362362907 49.949437769975965, -97.18761213428847 49.9493730625991, -97.18741064692192 49.949308354000195, -97.18720915870932 49.949243645034684, -97.18700767101011 49.9491789366233, -97.18680618528495 49.94911422698989, -97.18660469871374 49.94904951698987, -97.18640321404907 49.94898480756578, -97.18620172857212 49.948920096876094, -97.18618287244261 49.948914040699705, -97.18600024364231 49.9488553858416, -97.185753141163 49.94877602315235, -97.18552504695487 49.948702765373184, -97.18530835931782 49.94863316937303, -97.18509927384994 49.94856601533067, -97.18489018900506 49.94849886001801, -97.18455945699336 49.94839263295829, -97.18415649795959 49.94826320584416, -97.18271274320803 49.94779946584066, -97.18257407037069 49.94775531493358)))", "lon": -97.188738379611976, "lat": 49.958156161200037 }, "geometry": { "type": "Polygon", "coordinates": [ [ [ -97.1825741, 49.9477553 ], [ -97.195175, 49.9518031 ], [ -97.1951332, 49.9607278 ], [ -97.1930688, 49.960727 ], [ -97.194737, 49.9657653 ], [ -97.1906839, 49.9680218 ], [ -97.188516600000014, 49.9665908 ], [ -97.1802708, 49.9638638 ], [ -97.1824596, 49.9613488 ], [ -97.1839156, 49.9573064 ], [ -97.1838077, 49.9517133 ], [ -97.1825741, 49.9477553 ] ] ] } },
{ "type": "Feature", "properties": { "ID": 190, "Name": "Maple Grove Park", "Cluster": "St. Vital South", "Location": "MULTIPOLYGON (((-97.11516019866131 49.79387793290843, -97.11605960422672 49.7940166550527, -97.11695224257258 49.794185985696, -97.11787382379943 49.79345443964008, -97.11962009130005 49.79299227016195, -97.12116516921719 49.79316584150472, -97.12225684275083 49.79365957203891, -97.12327745392285 49.794374997039405, -97.12417053546308 49.79518438666725, -97.12477672543655 49.796085215530724, -97.12554376478973 49.797014849964256, -97.1266963763658 49.797570722886164, -97.12816656529957 49.79754779030693, -97.12925185573225 49.7972206102726, -97.13038113463232 49.79645392465975, -97.13118602878397 49.79557730325284, -97.13235496173624 49.79342976567901, -97.13346789560228 49.79168314403072, -97.1345894380915 49.79041273170028, -97.13549374685583 49.789437946057696, -97.13612146720536 49.78835167647041, -97.13637888027864 49.786892607083374, -97.13594943616984 49.785743174211994, -97.13517177071849 49.784555656055616, -97.11558186475966 49.79204399774071, -97.114959191861 49.79385419641056, -97.11516019866131 49.79387793290843)))", "lon": -97.127577329383357, "lat": 49.791274532979514 }, "geometry": { "type": "Polygon", "coordinates": [ [ [ -97.1151602, 49.7938779 ], [ -97.1155819, 49.792044 ], [ -97.1351718, 49.7845557 ], [ -97.1363789, 49.7868926 ], [ -97.1354937, 49.7894379 ], [ -97.1292519, 49.7972206 ], [ -97.1255438, 49.7970148 ], [ -97.1211652, 49.7931658 ], [ -97.1196201, 49.7929923 ], [ -97.1169522, 49.794186 ], [ -97.1151602, 49.7938779 ] ] ] } },
{ "type": "Feature", "properties": { "ID": 55, "Name": "Margaret Park", "Cluster": "Seven Oaks East", "Location": "MULTIPOLYGON (((-97.12729918659052 49.94681596517531, -97.11340567157879 49.94234050173702, -97.11237136105794 49.943764820055875, -97.11015426278806 49.946816502443696, -97.1063800247039 49.94963336389045, -97.11713740065086 49.95311279150639, -97.12231614118289 49.94990402372663, -97.12721745582782 49.94686653553431, -97.12729918659052 49.94681596517531)))", "lon": -97.116450859343459, "lat": 49.947886168565816 }, "geometry": { "type": "Polygon", "coordinates": [ [ [ -97.12729920000001, 49.946816 ], [ -97.1171374, 49.9531128 ], [ -97.10638, 49.9496334 ], [ -97.1101543, 49.9468165 ], [ -97.1134057, 49.9423405 ], [ -97.12729920000001, 49.946816 ] ] ] } },
{ "type": "Feature", "properties": { "ID": 81, "Name": "Marlton", "Cluster": "Assiniboine South", "Location": "MULTIPOLYGON (((-97.27393572918439 49.86654047543544, -97.27774883040124 49.85851859145897, -97.27240457622594 49.85944082608369, -97.2683468093877 49.85928617939038, -97.26751084207964 49.859254301848935, -97.2674122852411 49.860790034395144, -97.26703760866926 49.86446292060778, -97.26609362081614 49.866371115592976, -97.26559976789474 49.86785115865849, -97.26829814876565 49.86760975448403, -97.2728138565787 49.86720562123567, -97.27393572918439 49.86654047543544)))", "lon": -97.271289733295319, "lat": 49.863132099970734 }, "geometry": { "type": "Polygon", "coordinates": [ [ [ -97.27393570000001, 49.8665405 ], [ -97.2655998, 49.8678512 ], [ -97.2670376, 49.8644629 ], [ -97.2675108, 49.8592543 ], [ -97.2724046, 49.8594408 ], [ -97.2777488, 49.8585186 ], [ -97.27393570000001, 49.8665405 ] ] ] } },
{ "type": "Feature", "properties": { "ID": 115, "Name": "Mathers", "Cluster": "River Heights West", "Location": "MULTIPOLYGON (((-97.1967207296841 49.84861573784638, -97.19607279410546 49.856808983938805, -97.19715291960694 49.85683884854459, -97.19852862597537 49.856895434542736, -97.20191018065155 49.85703445584398, -97.20664746664328 49.85722904639039, -97.20696835030512 49.85381441075006, -97.20755539371444 49.847602213399405, -97.19941207991579 49.84836347033056, -97.1967207296841 49.84861573784638)))", "lon": -97.201894203971605, "lat": 49.852547261642641 }, "geometry": { "type": "Polygon", "coordinates": [ [ [ -97.1967207, 49.8486157 ], [ -97.2075554, 49.8476022 ], [ -97.206647500000017, 49.857229 ], [ -97.1960728, 49.856809 ], [ -97.1967207, 49.8486157 ] ] ] } },
{ "type": "Feature", "properties": { "ID": 129, "Name": "Maybank", "Cluster": "Fort Garry North", "Location": "MULTIPOLYGON (((-97.16295372071244 49.83594550157834, -97.1627331356562 49.83567348958889, -97.16268608129293 49.83568940772855, -97.16266603489974 49.8356652574102, -97.16246192120468 49.83541935692188, -97.16232159771751 49.83525030435098, -97.16221134305341 49.835117476747875, -97.16210109041052 49.83498464816687, -97.16199083694089 49.83485182036182, -97.16188056549662 49.834718968773956, -97.16174022473413 49.83454989000157, -97.16131923089118 49.834042679147764, -97.161178893965 49.833873600619974, -97.16105862484244 49.83372869625502, -97.16093835500662 49.83358379264684, -97.1608180859156 49.83343888801954, -97.16069781753521 49.83329398327209, -97.16056174946982 49.833135951120596, -97.16031492642857 49.832848562455496, -97.16019402579309 49.832707789358686, -97.16007884317868 49.83257367423655, -97.15996366119462 49.83243955900418, -97.15984847984095 49.832305443661575, -97.15973329911759 49.83217132820872, -97.15961812041438 49.83203721266772, -97.15950088474665 49.831900702224225, -97.15938776211941 49.83176898121088, -97.1592725839174 49.8316348653171, -97.15915740773548 49.831500749335184, -97.15904223079411 49.83136663322096, -97.15892705448304 49.83123251699652, -97.15872138416354 49.83099302353022, -97.15862578953178 49.830881706776545, -97.15844278583795 49.8306347814329, -97.1583794978463 49.830656010575375, -97.1582359588351 49.8307041565917, -97.15786171400329 49.83082968617798, -97.15765416986855 49.83089929896617, -97.15744662650076 49.830968912296115, -97.15723908254431 49.83103852524672, -97.15714409126007 49.83107038636246, -97.15703153660947 49.8311081377959, -97.156857836325 49.831166397722704, -97.15680518865085 49.83118405599592, -97.15659764287511 49.83125366777416, -97.15639009515516 49.831323278252, -97.15618254820212 49.831392889271584, -97.15597500066045 49.83146249991181, -97.15573563280097 49.831542817021905, -97.1555203762519 49.83161504320594, -97.15585846608896 49.82786536001888, -97.15564172328185 49.827938718566706, -97.15486131023759 49.828202851999336, -97.15286410471728 49.82887877705826, -97.15213869156169 49.82912426850132, -97.15181939095842 49.82923232269841, -97.15021088483026 49.83421677929773, -97.15130718419515 49.83862884630424, -97.15348857623476 49.84136493148403, -97.15346201827545 49.841662307165336, -97.1645473985369 49.83799085906189, -97.16429437785526 49.83767859206143, -97.1642551711469 49.83763005688087, -97.16325249854351 49.836388777665256, -97.16323681776001 49.83636936419566, -97.16303629843149 49.836121495154366, -97.16295372071244 49.83594550157834)))", "lon": -97.15610745021668, "lat": 49.835338846407588 }, "geometry": { "type": "Polygon", "coordinates": [ [ [ -97.158442799999989, 49.8306348 ], [ -97.164547399999989, 49.8379909 ], [ -97.153462, 49.8416623 ], [ -97.1513072, 49.8386288 ], [ -97.1502109, 49.8342168 ], [ -97.1518194, 49.8292323 ], [ -97.1558585, 49.8278654 ], [ -97.1555204, 49.831615 ], [ -97.158442799999989, 49.8306348 ] ] ] } },
{ "type": "Feature", "properties": { "ID": 768, "Name": "McLeod Industrial", "Cluster": "River East East", "Location": "MULTIPOLYGON (((-97.07100813281374 49.92937060490257, -97.06197803790228 49.92636551221172, -97.05935836645298 49.92964647062889, -97.05209936522648 49.93211424738256, -97.05232944866259 49.932190856963466, -97.06264411905191 49.935595491879376, -97.062798686409 49.93564650044036, -97.06298958560356 49.93570986948352, -97.06308009831838 49.9356382436551, -97.07100813281374 49.92937060490257)))", "lon": -97.062314210790632, "lat": 49.931154100101693 }, "geometry": { "type": "Polygon", "coordinates": [ [ [ -97.0710081, 49.9293706 ], [ -97.0629896, 49.9357099 ], [ -97.052099399999989, 49.9321142 ], [ -97.0593584, 49.9296465 ], [ -97.061978, 49.926365499999989 ], [ -97.0710081, 49.9293706 ] ] ] } },
{ "type": "Feature", "properties": { "ID": 1344, "Name": "McMillan", "Cluster": "River Heights East", "Location": "MULTIPOLYGON (((-97.15106800564632 49.87436273559694, -97.15192548868234 49.87332247778541, -97.15225975930997 49.873066810680534, -97.1526156022281 49.872876405092, -97.15299354421315 49.872698866189005, -97.15340529489076 49.87256566933339, -97.15404559259203 49.87243857813302, -97.15475058242536 49.872411876223104, -97.15522299285767 49.87246528679855, -97.15605994374168 49.87260793289959, -97.15656052875974 49.87273005689872, -97.15687585694019 49.872625082357544, -97.1590341594243 49.87191525394058, -97.16116280192439 49.87120245690535, -97.16330709243925 49.87049822914395, -97.16172764272414 49.86850483829978, -97.16141185849662 49.86810619774432, -97.1484591707851 49.87242507664639, -97.14202250194506 49.87457754257602, -97.14424214755145 49.87733901980039, -97.14559215958663 49.87813251358359, -97.1464154542825 49.87915175244944, -97.15170653444412 49.877379958454604, -97.1503357503883 49.87566611080811, -97.15106800564632 49.87436273559694)))", "lon": -97.151494186588664, "lat": 49.873568961636643 }, "geometry": { "type": "Polygon", "coordinates": [ [ [ -97.153405299999989, 49.8725657 ], [ -97.1503358, 49.8756661 ], [ -97.151706499999989, 49.87738 ], [ -97.146415499999989, 49.8791518 ], [ -97.1420225, 49.8745775 ], [ -97.1614119, 49.8681062 ], [ -97.1633071, 49.8704982 ], [ -97.1565605, 49.8727301 ], [ -97.153405299999989, 49.8725657 ] ] ] } },
{ "type": "Feature", "properties": { "ID": 204, "Name": "Meadowood", "Cluster": "St. Vital South", "Location": "MULTIPOLYGON (((-97.08198358694017 49.827997690081965, -97.08198402998791 49.82802976552213, -97.08184053848076 49.82816934472247, -97.08164753308375 49.82821857259543, -97.08146098881357 49.828240133287785, -97.08139908507445 49.82835332821298, -97.08144920182481 49.82841595484295, -97.08151943558661 49.828444891577334, -97.0819905120897 49.82840903381531, -97.0820785646918 49.82842012486657, -97.08228112403243 49.82848214975456, -97.08246101707061 49.82850665167384, -97.08307217071324 49.82848274110872, -97.08342141544688 49.82858121357507, -97.0836173264669 49.828689300144276, -97.08374093685836 49.828874998946674, -97.08373660392527 49.828984633928435, -97.08368567181965 49.82903760340465, -97.08343671170914 49.82913104132437, -97.08321966244885 49.82928610903075, -97.08318649871819 49.829351176098015, -97.08320368105092 49.829405272138615, -97.08333171096186 49.82949279453785, -97.08349326292934 49.829519768824206, -97.08377306490011 49.82948794326117, -97.08384629229374 49.829454784128195, -97.08396687569865 49.82936408299117, -97.08416467310563 49.82912572126368, -97.08428226836747 49.82901552871185, -97.08441093290509 49.82900550483189, -97.08452222066478 49.829041367544754, -97.08475326777436 49.82921113542288, -97.08481906111345 49.82940806303032, -97.08488466412237 49.829458064078246, -97.08497925179655 49.82964501767824, -97.08519049578138 49.82988146170892, -97.08533745550918 49.82997901551926, -97.08555872480875 49.830192711105354, -97.08572528257197 49.830283297581616, -97.08589978604627 49.83034936580475, -97.08605809423653 49.83044502310972, -97.08608948780797 49.83050629688795, -97.0860206487243 49.830632225043416, -97.08591000578514 49.83070226214071, -97.08570778231433 49.83076731446192, -97.08531865293978 49.83079490802569, -97.08489682603536 49.83097089698816, -97.08481840346559 49.83104042405712, -97.084727640797 49.8312864580345, -97.08477572374478 49.831509443351194, -97.08473542141573 49.831565019181056, -97.08456853162737 49.83168654836677, -97.08418159966365 49.83175340498846, -97.08401633948644 49.83183364677162, -97.08398170298516 49.831895217964245, -97.08400229721184 49.83194450985584, -97.08406487758428 49.83197713734761, -97.08421502194297 49.83199420111584, -97.08438524346072 49.83199215493474, -97.08500034730305 49.83207314546407, -97.08517493835132 49.8321371331466, -97.08540816546459 49.832333667877194, -97.08548976965922 49.83246902485867, -97.0854684891667 49.83253220584722, -97.08534259749084 49.83266205132543, -97.084968758156 49.83287285641871, -97.08485818518207 49.83290019143752, -97.08474135004462 49.83289583013255, -97.08414606530285 49.83278843367963, -97.08399948120966 49.832776289123565, -97.08385511601185 49.832803064416815, -97.08380061722825 49.83285111453246, -97.08402458894403 49.83318671522419, -97.08410878205032 49.83325650034668, -97.08437471074397 49.83330464074571, -97.0844879840435 49.83330408311789, -97.08486673266398 49.833349574114656, -97.0850250625138 49.833349760636295, -97.08564192300287 49.83319643517311, -97.0868235494707 49.832971888567286, -97.08718622125782 49.832948713540844, -97.08746437366933 49.832972746546915, -97.08773338847125 49.833037941619736, -97.0878876669206 49.83314082044594, -97.0879283991305 49.83325119911183, -97.08791010982898 49.83333387154845, -97.08757796594736 49.83363077748522, -97.0873469827165 49.83374430934992, -97.08659006239903 49.833869640422336, -97.08595982231431 49.834076214513885, -97.08574100144938 49.83418403894425, -97.08562919519895 49.83423913135478, -97.08544293511049 49.83437527018374, -97.08538319939566 49.83444718941173, -97.0853643160311 49.834544780057804, -97.08538348762958 49.83463015411032, -97.08544207292678 49.834682503647194, -97.08561253543127 49.834756143213376, -97.08580445246196 49.834816597217376, -97.08634656603063 49.834925537084, -97.08660258374078 49.83493948571846, -97.08683697394085 49.8349166235945, -97.08750483131082 49.834817941889106, -97.08795451816933 49.834698297903586, -97.08804135782924 49.834687579772954, -97.08809720111157 49.834700652221336, -97.08824370224521 49.83481034564324, -97.08831538103935 49.834911861044695, -97.08828804960687 49.83503326765611, -97.08819037767961 49.83520975567441, -97.08806112802766 49.83532948064959, -97.08778765588056 49.83567630653257, -97.08770645604302 49.83572147722761, -97.08761125755451 49.835739358178415, -97.08731755197867 49.83574180116236, -97.08695615045117 49.83590907421895, -97.08685842706024 49.835909891024116, -97.08669007021646 49.83587794879385, -97.08653538864688 49.835785129789144, -97.08643346783875 49.83568832146239, -97.08639524569578 49.8356095764521, -97.08626357417889 49.835504986030884, -97.08617736057568 49.8354862035156, -97.08610908799564 49.83550243451371, -97.08605242177683 49.835591763398284, -97.08607077522294 49.835711493876325, -97.08615771465655 49.835793473844866, -97.08624375258412 49.83591189196429, -97.0866680308001 49.836245934829336, -97.0867455451696 49.83637636285191, -97.08674523129952 49.836573904607505, -97.0867908048491 49.83665762543582, -97.0868560413331 49.83673195589902, -97.08702940553793 49.8368275130796, -97.08761838132517 49.83700077381088, -97.08777640206618 49.83701068465056, -97.08810776042515 49.836923424110786, -97.0887696146178 49.836678129255176, -97.08897453991511 49.83654507033263, -97.08915123850117 49.83646014930046, -97.08930266936291 49.83644563532814, -97.08946033946165 49.836462816302756, -97.08948987077977 49.836585160685196, -97.08905897405144 49.83708562138065, -97.0890101662483 49.837179941680034, -97.08899890840816 49.837274881226584, -97.08902193168186 49.83745336029615, -97.08897514956769 49.83775497582688, -97.0890151921346 49.83814169173589, -97.08892258777581 49.838489072611374, -97.08890020774724 49.83867548216639, -97.08873032414304 49.839351151411215, -97.09287300637726 49.83825656290441, -97.10889241217397 49.83280430690621, -97.10507087665133 49.828175101923826, -97.1045562793847 49.827551670177165, -97.10063903135355 49.82279309663446, -97.0996506425126 49.823133599320094, -97.09905963106732 49.823212578749526, -97.09650749063884 49.82331655145404, -97.09569752550205 49.823464762475645, -97.08503563738945 49.827151515871115, -97.08494205406991 49.82697285072382, -97.08474318550788 49.82704174435628, -97.08398472936665 49.82730448980137, -97.08370586098481 49.827401093907966, -97.08315902642939 49.8275905220099, -97.08249418407563 49.82782082369896, -97.08241911415101 49.82784682748851, -97.08235046541704 49.82787060694702, -97.08210615859919 49.82795523265706, -97.08198358694017 49.827997690081965)))", "lon": -97.095358371881787, "lat": 49.830698346685871 }, "geometry": { "type": "Polygon", "coordinates": [ [ [ -97.0813991, 49.8283533 ], [ -97.0956975, 49.8234648 ], [ -97.100639, 49.8227931 ], [ -97.1088924, 49.8328043 ], [ -97.0887303, 49.8393512 ], [ -97.0894603, 49.8364628 ], [ -97.0870294, 49.8368275 ], [ -97.086052400000014, 49.8355918 ], [ -97.0877065, 49.8357215 ], [ -97.0882437, 49.8348103 ], [ -97.0853643, 49.8345448 ], [ -97.0878877, 49.8331408 ], [ -97.0840246, 49.8331867 ], [ -97.0854898, 49.832469 ], [ -97.0840163, 49.8318336 ], [ -97.0860895, 49.8305063 ], [ -97.0845222, 49.8290414 ], [ -97.0833317, 49.8294928 ], [ -97.0836173, 49.8286893 ], [ -97.0813991, 49.8283533 ] ] ] } },
{ "type": "Feature", "properties": { "ID": 850, "Name": "Meadows", "Cluster": "Transcona", "Location": "MULTIPOLYGON (((-97.03432347029647 49.906535802997034, -97.03429137541383 49.90637217046129, -97.03424568284427 49.90613920429243, -97.03419888768022 49.90590061814991, -97.03417222608009 49.905764681855345, -97.03416151554177 49.90571007268389, -97.03414556465556 49.90562874465455, -97.03411890197832 49.9054928074228, -97.03407280725986 49.905257780745245, -97.03402559822995 49.9050170808211, -97.03399367274383 49.90485429476815, -97.0339508469282 49.904635939201555, -97.03390803582506 49.9044183952175, -97.0338945486139 49.90434965078705, -97.0338652036243 49.90420007727199, -97.0338332724395 49.904037318937334, -97.03383028566721 49.904022096241306, -97.03377883793895 49.903759855657164, -97.03373710496072 49.903547137741846, -97.03371307215772 49.9034246332799, -97.03371042342218 49.903411134377315, -97.0336837419863 49.90327513190433, -97.0336570607262 49.903139128525105, -97.03363037956879 49.90300312603741, -97.03360369858714 49.90286712264348, -97.03357701774472 49.9027311192422, -97.03355033700495 49.90259511673244, -97.03353496798728 49.90251677941807, -97.03352365504927 49.90245911329284, -97.03349697458795 49.90232311076839, -97.0334702943024 49.902187107337696, -97.03344361415606 49.90205110389965, -97.03341693411238 49.90191510135314, -97.03339025424447 49.90177909790039, -97.03334513775917 49.901549114724936, -97.03327918268445 49.90121289658675, -97.03327556080704 49.9011944302519, -97.03325217237712 49.90107520809124, -97.03323265323026 49.900975698682025, -97.03320755442682 49.9008477433913, -97.02540335046375 49.903119448789084, -97.01394273874656 49.90645164789033, -97.00748149973353 49.90832959811617, -97.00689045850588 49.908501355738295, -97.0068880225022 49.90863729190092, -97.00683883279692 49.91138192424895, -97.0068264057489 49.91207516560567, -97.00681399596169 49.91276749957937, -97.0068015686042 49.91346075067981, -97.00678913961505 49.914153991784744, -97.00676875269399 49.915291133334016, -97.00676433105295 49.915537741911294, -97.00675946350498 49.91580899141578, -97.01178142371528 49.91583957839912, -97.01228004305828 49.91584260312651, -97.0127786611342 49.91584562568596, -97.01327728069012 49.915848647024205, -97.01377589901577 49.91585166529546, -97.02296644077765 49.91590591341716, -97.02465937998227 49.915915826589114, -97.02497578252566 49.915917676023334, -97.02497985872687 49.91571843694185, -97.02540038935146 49.915650451218006, -97.03445261610521 49.914186590913346, -97.0345336183521 49.90890215555464, -97.03452074003705 49.90870199606251, -97.03451739132873 49.90864995933677, -97.03450973947082 49.90853105927878, -97.03450684630911 49.9084860788308, -97.03449042886326 49.90823093167063, -97.03448920211878 49.90821187365297, -97.03448746885796 49.908184923746276, -97.03446943356212 49.907904411755936, -97.03445887858727 49.907740268399714, -97.03445160102585 49.907627070360675, -97.034435414561 49.90737533171645, -97.03442661189919 49.90723842642079, -97.03441780927608 49.90710152112202, -97.03440970279402 49.906975449623566, -97.0344075857809 49.90696465649192, -97.03437679653241 49.90680767731687, -97.0343238857326 49.9065379175927, -97.03432347029647 49.906535802997034)))", "lon": -97.021873094155666, "lat": 49.909894705161946 }, "geometry": { "type": "Polygon", "coordinates": [ [ [ -97.0343235, 49.9065358 ], [ -97.0344526, 49.9141866 ], [ -97.0249758, 49.9159177 ], [ -97.0067595, 49.915809 ], [ -97.0068905, 49.9085014 ], [ -97.0332076, 49.9008477 ], [ -97.0343235, 49.9065358 ] ] ] } },
{ "type": "Feature", "properties": { "ID": 158, "Name": "Melrose", "Cluster": "Transcona", "Location": "MULTIPOLYGON (((-97.02536387689835 49.893615616763725, -97.02536231738048 49.89347943174761, -97.02388493125655 49.89347060235433, -97.00787815303036 49.89337200980703, -97.00254432909487 49.89334096249835, -97.00021337820355 49.89335062915252, -96.98887733191287 49.89339824904469, -96.9889010576335 49.895127419281984, -97.00256889377582 49.89506877010803, -97.0253821194677 49.89520513204363, -97.02536387689835 49.893615616763725)))", "lon": -97.007124963003406, "lat": 49.89425913496143 }, "geometry": { "type": "Polygon", "coordinates": [ [ [ -97.0253639, 49.8936156 ], [ -97.0253821, 49.8952051 ], [ -96.9889011, 49.8951274 ], [ -96.9888773, 49.8933982 ], [ -97.0253639, 49.8936156 ] ] ] } },
{ "type": "Feature", "properties": { "ID": 221, "Name": "Minnetonka", "Cluster": "St. Vital South", "Location": "MULTIPOLYGON (((-97.1140115902755 49.82384609490723, -97.11443569784994 49.82592154018951, -97.11504590377434 49.830709022948554, -97.13911157268096 49.82255074488572, -97.14172578468148 49.82187332325461, -97.14272349505347 49.82164165669384, -97.14231642557507 49.820548798548984, -97.14213939343398 49.81982554813689, -97.14203185761212 49.8190697150807, -97.14197689265771 49.818394899761095, -97.14190871653116 49.816846082089505, -97.14181986505444 49.81625903162473, -97.14160079196176 49.81560249898421, -97.14123192585697 49.81496563999806, -97.14089916742519 49.814558264424946, -97.14028528740633 49.81413010851311, -97.13939428747123 49.813603427008886, -97.1383615524978 49.81330211257292, -97.13691741083724 49.813005130004576, -97.13658980922828 49.81295990285424, -97.1354648022321 49.812890677742224, -97.134247205792 49.81284783769339, -97.13350642856192 49.81287308899255, -97.13282900940877 49.81297836970495, -97.1318576583627 49.81320904670832, -97.13048433707912 49.813619143366296, -97.12941822656278 49.814071366742084, -97.12751987601261 49.81505625327152, -97.12563468432523 49.81597741410985, -97.12450099759359 49.81645638625181, -97.12401611830754 49.816618720059736, -97.1244498055527 49.81715192110767, -97.12466854691493 49.81742084990771, -97.12467452632346 49.81747787783085, -97.12470297511837 49.81774920444358, -97.12472018225304 49.8179133141243, -97.12473205739168 49.818026570369895, -97.12248391016955 49.818125066190824, -97.12167419283881 49.81811984248705, -97.12096303124612 49.818065380100755, -97.11995608223025 49.81792454554409, -97.11944241463046 49.818028264799786, -97.11326196852391 49.820173060479526, -97.1140115902755 49.82384609490723)))", "lon": -97.127692474000312, "lat": 49.820992512464372 }, "geometry": { "type": "Polygon", "coordinates": [ [ [ -97.1150459, 49.830709 ], [ -97.113262, 49.8201731 ], [ -97.11995610000001, 49.8179245 ], [ -97.1247321, 49.8180266 ], [ -97.1240161, 49.8166187 ], [ -97.1318577, 49.813209 ], [ -97.1354648, 49.8128907 ], [ -97.1393943, 49.8136034 ], [ -97.1418199, 49.816259 ], [ -97.1427235, 49.8216417 ], [ -97.1150459, 49.830709 ] ] ] } },
{ "type": "Feature", "properties": { "ID": 121, "Name": "Minto", "Cluster": "Downtown West", "Location": "MULTIPOLYGON (((-97.19310763547833 49.89399488250737, -97.1941068896176 49.88156743795225, -97.18473697818072 49.88337817089892, -97.17488324870624 49.884630239562576, -97.17421890805521 49.893408440285874, -97.19310763547833 49.89399488250737)))", "lon": -97.184626307598535, "lat": 49.888442391260902 }, "geometry": { "type": "Polygon", "coordinates": [ [ [ -97.1931076, 49.8939949 ], [ -97.1742189, 49.8934084 ], [ -97.1748832, 49.8846302 ], [ -97.1941069, 49.8815674 ], [ -97.1931076, 49.8939949 ] ] ] } },
{ "type": "Feature", "properties": { "ID": 960, "Name": "Mission Gardens", "Cluster": "Transcona", "Location": "MULTIPOLYGON (((-97.03372178616628 49.88589765126626, -97.03098389588459 49.88600039920155, -97.02588059032828 49.88601779734544, -97.02529211219951 49.88732048199391, -97.02529367343999 49.88745744168995, -97.02536231738048 49.89347943174761, -97.02536387689835 49.893615616763725, -97.04289651029491 49.893629865010446, -97.05342820375229 49.89549882875543, -97.06359928817764 49.892820032704435, -97.06329807908372 49.892766133753916, -97.03520742728502 49.88773558481077, -97.03414181528434 49.88759742041291, -97.03372178616628 49.88589765126626)))", "lon": -97.040058705629036, "lat": 49.891168899084924 }, "geometry": { "type": "Polygon", "coordinates": [ [ [ -97.0337218, 49.8858977 ], [ -97.0341418, 49.8875974 ], [ -97.0635993, 49.89282 ], [ -97.0534282, 49.8954988 ], [ -97.0428965, 49.8936299 ], [ -97.0253639, 49.8936156 ], [ -97.0258806, 49.8860178 ], [ -97.0337218, 49.8858977 ] ] ] } },
{ "type": "Feature", "properties": { "ID": 1101, "Name": "Mission Industrial", "Cluster": "St. Boniface East", "Location": "MULTIPOLYGON (((-97.10592141735361 49.89229433785046, -97.10592052318019 49.89227318916803, -97.10566933989148 49.89187671024884, -97.10539137260615 49.89166001716504, -97.10497817270709 49.891460627949456, -97.10439912778989 49.89106067429692, -97.10436485452593 49.8910153275495, -97.10425134397576 49.89086499303612, -97.10429395852832 49.890776567108865, -97.10427611992937 49.89064875143169, -97.10419468045436 49.890582398485165, -97.10409962663714 49.89038299285515, -97.10398071231305 49.8902387749931, -97.1039727742792 49.89017767107429, -97.10403564613738 49.890002971808705, -97.10409662487322 49.889955675567414, -97.10426596146891 49.889900079078565, -97.10437877197421 49.88990120453431, -97.10472543304171 49.88997585122065, -97.1048565181444 49.88996180666075, -97.10513471729047 49.88987327484923, -97.10528180631759 49.88979941667703, -97.10532141942598 49.88974358672005, -97.10527903241397 49.88946275487833, -97.10529171439094 49.88934119388874, -97.10525821523065 49.88921159351038, -97.10533985338895 49.888953293484924, -97.10535623386737 49.88882522787767, -97.10546239077028 49.88866490503763, -97.10565384729254 49.888615963331404, -97.10591018087494 49.88865171846513, -97.10633984557826 49.88877897804887, -97.10673796000833 49.88884708487547, -97.10701640936048 49.88880765567656, -97.1071782948872 49.88876038690476, -97.10731651415207 49.8886812551889, -97.10741520871285 49.88856478561421, -97.10743660161172 49.88842582983632, -97.10731105365986 49.888125294720695, -97.10715892004296 49.88797909874776, -97.1067463559537 49.887849153709666, -97.10622296953852 49.88773493343212, -97.10573540257889 49.887723369291706, -97.10560940658651 49.88766330385762, -97.10556440547751 49.88756652070319, -97.1056078308316 49.88744258426982, -97.10570317185693 49.88735609870101, -97.10586057553522 49.88727953053832, -97.10644671460551 49.887180558931824, -97.10689781881574 49.88702362102361, -97.10734091371367 49.88681016304905, -97.10742305473227 49.88662372563843, -97.10741324237681 49.886554677294434, -97.10729234933117 49.88642580886186, -97.10713999579193 49.886373408589264, -97.1068351997668 49.8863618657738, -97.10623590807745 49.88644812383266, -97.10564263848653 49.886439148979065, -97.10508057449832 49.88638670433756, -97.10491330676044 49.88631067490662, -97.10485471563814 49.88624145833965, -97.10483073978688 49.886158958132796, -97.10486455689055 49.88604880436082, -97.10497412012896 49.885945015108156, -97.1052531277447 49.88577366862267, -97.10514606658468 49.88576262555038, -97.10461932804174 49.885763581595036, -97.10453447182842 49.88576373485384, -97.10299433721823 49.88576651573236, -97.10274401223649 49.88576696565402, -97.10271431227682 49.88576701922105, -97.10156608460703 49.885769075743504, -97.1008830791684 49.88577029415084, -97.10073576335252 49.885770556418464, -97.09879084205764 49.881923787040016, -97.09771786452684 49.88190185674567, -97.09726894177912 49.881889277794144, -97.08631915610843 49.881905081439086, -97.07525735565376 49.88192007063126, -97.07527235646079 49.8859308078048, -97.07219524637517 49.8859331967655, -97.07226378573523 49.889218410239216, -97.07195945228601 49.890958715330946, -97.07116535532109 49.89417362478468, -97.0998258839629 49.899295959337216, -97.10043024342585 49.89936416214282, -97.10119939415272 49.89942562095701, -97.10199915652552 49.89945999253206, -97.102770137656 49.89946494229744, -97.10321015699324 49.899455394966054, -97.10706018506829 49.89921955934284, -97.10721055796391 49.89921034552077, -97.1057159842946 49.896250605440336, -97.10388735067757 49.89273520597329, -97.10592141735361 49.89229433785046)))", "lon": -97.089651206618527, "lat": 49.890124904161922 }, "geometry": { "type": "Polygon", "coordinates": [ [ [ -97.1059214, 49.8922943 ], [ -97.1038874, 49.8927352 ], [ -97.1072106, 49.8992103 ], [ -97.0998259, 49.899296 ], [ -97.0711654, 49.8941736 ], [ -97.07219520000001, 49.8859332 ], [ -97.075272399999989, 49.8859308 ], [ -97.0752574, 49.881920099999988 ], [ -97.098790799999989, 49.8819238 ], [ -97.1007358, 49.8857706 ], [ -97.1052531, 49.8857737 ], [ -97.1049133, 49.886310699999989 ], [ -97.1074132, 49.8865547 ], [ -97.1055644, 49.8875665 ], [ -97.1071589, 49.8879791 ], [ -97.1073165, 49.888681299999988 ], [ -97.1054624, 49.8886649 ], [ -97.1052818, 49.8897994 ], [ -97.1039728, 49.8901777 ], [ -97.1059214, 49.8922943 ] ] ] } },
{ "type": "Feature", "properties": { "ID": 7, "Name": "Montcalm", "Cluster": "Fort Garry South", "Location": "MULTIPOLYGON (((-97.1570906560849 49.80142244228059, -97.1570394923321 49.80266810021674, -97.1558797946385 49.80491295343276, -97.15552257393033 49.80503359736829, -97.15417919893264 49.805488649538106, -97.15282247883724 49.805948196962255, -97.15170724164638 49.806325931823714, -97.15081580288265 49.80662785283872, -97.15003252168817 49.80689313319528, -97.14969043819092 49.807008986863536, -97.14841289635231 49.807441639038274, -97.14733036911298 49.80780823031587, -97.146017859619 49.80825268236012, -97.14219809142226 49.809546029480494, -97.14189348106504 49.80965122167954, -97.1420090727169 49.80978469489505, -97.14246507570797 49.8099713864394, -97.14315304152323 49.810207446024144, -97.14400032517881 49.81059268528436, -97.14480422090827 49.81114081564959, -97.14545744180136 49.81176444363785, -97.14592013542301 49.812565856185074, -97.1463483638708 49.81398526263825, -97.14672197121966 49.81465445753179, -97.14788888262395 49.816089748041875, -97.14850798424737 49.81667563342505, -97.14920793715233 49.81717468668177, -97.15003955454092 49.817595326763765, -97.15084863273884 49.81789338561736, -97.1517926096808 49.818096520499004, -97.1524114143811 49.81851539851339, -97.15267830937486 49.81902354778946, -97.15275557872094 49.819872412594904, -97.15668110307327 49.81867398040169, -97.15824340093005 49.801468022322695, -97.1570906560849 49.80142244228059)))", "lon": -97.152138159679723, "lat": 49.811583630467041 }, "geometry": { "type": "Polygon", "coordinates": [ [ [ -97.1570907, 49.8014224 ], [ -97.158243399999989, 49.801468 ], [ -97.1566811, 49.818674 ], [ -97.1527556, 49.8198724 ], [ -97.1524114, 49.8185154 ], [ -97.1478889, 49.8160897 ], [ -97.1448042, 49.8111408 ], [ -97.1418935, 49.8096512 ], [ -97.1558798, 49.804913 ], [ -97.1570907, 49.8014224 ] ] ] } },
{ "type": "Feature", "properties": { "ID": 870, "Name": "Munroe East", "Cluster": "River East East", "Location": "MULTIPOLYGON (((-97.08933455549258 49.914885671784255, -97.09410928912892 49.91110861563817, -97.09391825777315 49.91104522815179, -97.09394021712502 49.91102785556938, -97.09378697023214 49.91097701482262, -97.09369791144263 49.91094746879442, -97.09368660295458 49.91094371666567, -97.09366465814024 49.910961085747104, -97.08136980469892 49.906884119338855, -97.08108006047337 49.90678488108611, -97.08107549380198 49.90678336538551, -97.08079192223182 49.90668924581912, -97.08050835178014 49.90659512557055, -97.08050378653692 49.90659360987084, -97.0777199447194 49.90566960459071, -97.07759131860419 49.90562340480032, -97.0776099973676 49.9056013214148, -97.07748990853578 49.90556281739657, -97.06935541973762 49.90286066568966, -97.06287834405755 49.9117081914176, -97.0843423226614 49.9188335979228, -97.08933455549258 49.914885671784255)))", "lon": -97.077758526099316, "lat": 49.911029428960454 }, "geometry": { "type": "Polygon", "coordinates": [ [ [ -97.0941093, 49.9111086 ], [ -97.084342299999989, 49.9188336 ], [ -97.0628783, 49.9117082 ], [ -97.0693554, 49.9028607 ], [ -97.0941093, 49.9111086 ] ] ] } },
{ "type": "Feature", "properties": { "ID": 722, "Name": "Munroe West", "Cluster": "River East West", "Location": "MULTIPOLYGON (((-97.10402032552093 49.92758002139478, -97.10961460766984 49.921626793492614, -97.09660911330654 49.91730584778086, -97.0897780020023 49.915035460983276, -97.08965129564292 49.91499266185049, -97.08933455549258 49.914885671784255, -97.0843423226614 49.9188335979228, -97.08423495558162 49.91891849522283, -97.08239834188365 49.92037064076453, -97.082589237551 49.920434175298396, -97.10402032552093 49.92758002139478)))", "lon": -97.096312310261411, "lat": 49.921149271644374 }, "geometry": { "type": "Polygon", "coordinates": [ [ [ -97.1040203, 49.92758 ], [ -97.082589200000015, 49.920434199999988 ], [ -97.0823983, 49.9203706 ], [ -97.0893346, 49.9148857 ], [ -97.1096146, 49.9216268 ], [ -97.1040203, 49.92758 ] ] ] } },
{ "type": "Feature", "properties": { "ID": 114, "Name": "Murray Industrial Park", "Cluster": "St. James-Assiniboia East", "Location": "MULTIPOLYGON (((-97.25467480168327 49.89886857172413, -97.2576257381768 49.89898188769569, -97.25826103384205 49.899006273261996, -97.25834976331072 49.899009678760066, -97.25836065162511 49.89888545616622, -97.25890778470466 49.89890579178469, -97.26068892490692 49.89897197675086, -97.26111246670081 49.89898774552252, -97.26236376962255 49.899034926799686, -97.26321101426458 49.89906533937486, -97.2632157328032 49.89901254400897, -97.26328773083921 49.899015205736376, -97.26335972888427 49.89901786741913, -97.2649309788307 49.89907593779149, -97.26480868344039 49.900427845226076, -97.26463764801002 49.90231839558379, -97.26462510621849 49.90245695659437, -97.26473425146739 49.90244976184034, -97.27703237823589 49.901639006260275, -97.27774351918447 49.89385795179758, -97.27500533043452 49.893142152992155, -97.27313778767667 49.892653903563975, -97.26732130871005 49.89113293237627, -97.26167301788792 49.88965557220621, -97.25917695145004 49.88957251986485, -97.25916728252948 49.88968240983103, -97.25912769774482 49.89013363061187, -97.25912741576994 49.89013684476747, -97.2589324242894 49.89235760616444, -97.25888398869354 49.8929108141939, -97.25865225115356 49.89554890601052, -97.25801721055089 49.8955244929308, -97.2570987826161 49.89548917982529, -97.25497876320472 49.895407637042574, -97.25484315681257 49.89695173359064, -97.2548127177701 49.89729831334479, -97.25476369294283 49.89785649931421, -97.25467480168327 49.89886857172413)))", "lon": -97.267176672001284, "lat": 49.89631004817641 }, "geometry": { "type": "Polygon", "coordinates": [ [ [ -97.254674799999989, 49.8988686 ], [ -97.254978799999989, 49.8954076 ], [ -97.2586523, 49.8955489 ], [ -97.259177, 49.8895725 ], [ -97.2777435, 49.893858 ], [ -97.27703240000001, 49.901639 ], [ -97.2646251, 49.902457 ], [ -97.264931, 49.8990759 ], [ -97.254674799999989, 49.8988686 ] ] ] } },
{ "type": "Feature", "properties": { "ID": 636, "Name": "Mynarski", "Cluster": "Point Douglas North", "Location": "MULTIPOLYGON (((-97.15976337144052 49.940422663446085, -97.15980364348528 49.94037043212819, -97.15981827908114 49.940351449409185, -97.15983601635568 49.940328446897105, -97.16347028215705 49.94149788301364, -97.16345450011502 49.94151840418832, -97.1633983548585 49.94159137141617, -97.16349335917035 49.94162189201125, -97.16377837213936 49.941713453325576, -97.17075485116764 49.93265221802082, -97.16689861186718 49.93142149194093, -97.1667591412867 49.93158037761701, -97.15916472134121 49.940230114728095, -97.15935372930272 49.94029094833769, -97.15976337144052 49.940422663446085)))", "lon": -97.165070035194859, "lat": 49.936599916409662 }, "geometry": { "type": "Polygon", "coordinates": [ [ [ -97.163778400000012, 49.9417135 ], [ -97.1591647, 49.9402301 ], [ -97.1668986, 49.9314215 ], [ -97.1707549, 49.9326522 ], [ -97.163778400000012, 49.9417135 ] ] ] } },
{ "type": "Feature", "properties": { "ID": 1207, "Name": "Niakwa Park", "Cluster": "St. Boniface East", "Location": "MULTIPOLYGON (((-97.09760450851002 49.866944014543456, -97.0975711732972 49.86689726588351, -97.09756355636408 49.86674460263934, -97.09770440439493 49.8662929666684, -97.0977070271905 49.8660818029419, -97.09776877295666 49.86569413724389, -97.09779323426744 49.865649070598785, -97.09775236187095 49.8655053951563, -97.09754914247291 49.86533558745387, -97.0974516816535 49.865303919953654, -97.09723536536222 49.86532310279528, -97.09705769540982 49.86536932063737, -97.09662926170614 49.8654451546162, -97.09626280015893 49.86541640158044, -97.095941038584 49.86543384990256, -97.09573724093843 49.865423167978264, -97.09554249447491 49.86535543257315, -97.09548604414952 49.8652907028778, -97.09547989443772 49.86515859753701, -97.09568542886647 49.864980835674565, -97.09608587943325 49.86486641092759, -97.09642536438265 49.86483091939612, -97.09669916708646 49.86485008336678, -97.09692129443805 49.864827330169454, -97.09705754106436 49.86479583290358, -97.09721542672058 49.864791091603415, -97.0974388781121 49.86473462472977, -97.09764817237273 49.864605322702204, -97.09788011911438 49.864419190230464, -97.09792105260169 49.86427245726691, -97.0978528306484 49.86421853588353, -97.09764426118214 49.86418504490268, -97.09703486547315 49.86424690947401, -97.09637613756028 49.86423609155886, -97.09555757526896 49.86413537404065, -97.09534740328021 49.864084985364, -97.09523911800919 49.864011336720694, -97.0952101975592 49.86385245623028, -97.09537162564516 49.863757572729696, -97.09591506664853 49.863728367785775, -97.09637745180154 49.86368316181045, -97.09712563663082 49.86349597541243, -97.09742176532808 49.86337983319853, -97.09765247313399 49.86331175134102, -97.09784698842678 49.86309640357738, -97.09785718771727 49.86301003482455, -97.09771090703961 49.86286389586729, -97.09756747455343 49.86278967248275, -97.09730719089885 49.86274433159121, -97.0965261826019 49.862727840054504, -97.09606979239926 49.86276507814102, -97.09551147911652 49.86271116998309, -97.0954129294802 49.86262081423687, -97.09529653822685 49.86237836018873, -97.09529647099428 49.86226468867579, -97.09545864231968 49.86197767760965, -97.0955463620121 49.86193951780686, -97.09588143589589 49.8619002886756, -97.09612627208578 49.86184784249771, -97.09622913279384 49.86179966390692, -97.09635684690701 49.86166755735407, -97.09651060046801 49.86127700315262, -97.09670230026921 49.8611620809939, -97.09696280221928 49.86111502384026, -97.09721142679281 49.86102376964741, -97.09730747162112 49.86094687725846, -97.09742809353672 49.86067751524272, -97.09738608144822 49.86050521988236, -97.09733155599943 49.860449322913915, -97.09728045692104 49.86030621262371, -97.09717961253902 49.86021655402222, -97.09700606108544 49.86018730352231, -97.09659136166205 49.860174626453016, -97.09629917690818 49.86013315941054, -97.09596031864135 49.8600381230725, -97.09558755673251 49.859910994236145, -97.09534805220788 49.85988579095098, -97.09520216300116 49.85981665767364, -97.09515580718252 49.85975502707192, -97.09517025686345 49.85967606193009, -97.09538186923366 49.85948740009164, -97.09590864808658 49.85924598115883, -97.09654888693599 49.85911936049743, -97.09670162249034 49.859072000644986, -97.09715915092237 49.85883163881425, -97.09718281746585 49.85869122270824, -97.09713212708103 49.858624388220484, -97.09703638945537 49.85857808141115, -97.09681686440699 49.85856420956131, -97.09671083016917 49.85857786872797, -97.0963945314261 49.85854407278117, -97.0960758015594 49.85845670090584, -97.09581537856238 49.85835781910062, -97.09539541136617 49.85836411842271, -97.09515735568043 49.85830227061461, -97.0950024314896 49.858145718944726, -97.09486079598034 49.85782437996181, -97.0919800637756 49.85771846398317, -97.09114740929375 49.85758019528617, -97.08755444707617 49.856245621447925, -97.08578849125678 49.85597481602638, -97.08414816666252 49.85588997336022, -97.08943142302373 49.866188613591724, -97.0912099431793 49.86723878551246, -97.091374907589 49.86723867582229, -97.09356846303344 49.86723719493483, -97.09534761992111 49.86723596331521, -97.09548700953982 49.867235865669, -97.09567106611422 49.867150284763525, -97.09584439026666 49.86715914126003, -97.095952987296 49.867235537935535, -97.09807280386839 49.86723402382414, -97.09896312497162 49.867233376982455, -97.09928611752234 49.8672331406811, -97.09936044940333 49.86723308617244, -97.09935883896392 49.86719720466728, -97.09946359940051 49.867014116738964, -97.09943713259433 49.86685014419063, -97.09905918674791 49.866709008164264, -97.09895228907385 49.86671532171781, -97.09865407706941 49.866826300189324, -97.09781551244066 49.867002479611386, -97.0977227672173 49.86699509053243, -97.09760450851002 49.866944014543456)))", "lon": -97.091651002183539, "lat": 49.861773165532298 }, "geometry": { "type": "Polygon", "coordinates": [ [ [ -97.097604499999989, 49.866944 ], [ -97.0994636, 49.8670141 ], [ -97.0912099, 49.8672388 ], [ -97.0894314, 49.8661886 ], [ -97.0841482, 49.85589 ], [ -97.0971321, 49.8586244 ], [ -97.0951703, 49.8596761 ], [ -97.097428100000016, 49.8606775 ], [ -97.095296499999989, 49.8623784 ], [ -97.097847, 49.8630964 ], [ -97.0952102, 49.8638525 ], [ -97.0979211, 49.8642725 ], [ -97.095479900000015, 49.8651586 ], [ -97.0977524, 49.8655054 ], [ -97.097604499999989, 49.866944 ] ] ] } },
{ "type": "Feature", "properties": { "ID": 1272, "Name": "Niakwa Place", "Cluster": "St. Boniface East", "Location": "MULTIPOLYGON (((-97.08873032414304 49.839351151411215, -97.0847778934413 49.840550075137294, -97.0763333102219 49.84063858267248, -97.07990592727407 49.8475869307698, -97.08414816666252 49.85588997336022, -97.08578849125678 49.85597481602638, -97.08755444707617 49.856245621447925, -97.09114740929375 49.85758019528617, -97.0919800637756 49.85771846398317, -97.09486079598034 49.85782437996181, -97.09494769236822 49.85769160390305, -97.09510662151041 49.857573212241185, -97.09537615505285 49.85746910524003, -97.09566141496043 49.85745545906844, -97.096114222231 49.857536967924105, -97.09666599179789 49.857582699091374, -97.09712980738418 49.85755731450585, -97.09722068824978 49.857525072220746, -97.0972354755868 49.85735077583125, -97.0970557699833 49.85716081891762, -97.09682783873626 49.85695686931296, -97.09679330058312 49.85693494545719, -97.09669613534663 49.856873303654815, -97.09665679136721 49.85674871999046, -97.09648711985312 49.85656332709946, -97.09639129012973 49.8564906173175, -97.09621101297131 49.856228780555945, -97.09614075948922 49.8561680185106, -97.09606839860967 49.85610543358127, -97.0959971045527 49.85595685730235, -97.09604221437597 49.85579039276224, -97.09611139008872 49.85570425960915, -97.09627792801035 49.855594058287885, -97.09648580277737 49.85549993622386, -97.09692946062427 49.855409685913614, -97.0972723329847 49.855286244815446, -97.09757204381175 49.85501982270583, -97.09761944769001 49.85493919811909, -97.09773402465467 49.8544189278859, -97.09773950550378 49.85416380919576, -97.09778398560887 49.85404206848305, -97.09776566659473 49.853873095395194, -97.09770538920554 49.853732767897256, -97.09758896458008 49.85360691919545, -97.09751375502094 49.85355801625115, -97.09743245721835 49.85354861465394, -97.09728807764878 49.853585845601195, -97.09712543901446 49.85368364530002, -97.09706114768986 49.85376105896754, -97.09653450552067 49.854116155821785, -97.09639857679727 49.85414032402264, -97.09633015046671 49.85412086606689, -97.09615652271309 49.8539786757221, -97.09599620189769 49.853901972633196, -97.09554682840569 49.85373398324432, -97.09547995887151 49.8536749490089, -97.09550665417119 49.853630652853646, -97.09566288908556 49.85358041848193, -97.0961183677715 49.8535930357499, -97.09619328591347 49.853562732112415, -97.09625419623458 49.85345592904171, -97.09617384732933 49.853335805025615, -97.09607632011556 49.853057849846536, -97.09628897090357 49.85268848141627, -97.09634627732791 49.85265123395203, -97.09642495728936 49.852630307419595, -97.0965085855841 49.85263376409645, -97.0966762489039 49.852698661539556, -97.09684916616558 49.852793848912725, -97.09717165581843 49.85288142406607, -97.0972829564859 49.85289123645573, -97.09740118179384 49.852875124586774, -97.09771111767876 49.852803834909516, -97.09794393969412 49.85271357304164, -97.09854909402222 49.85235758540702, -97.098931592208 49.85216111274208, -97.09904547705636 49.85203661060184, -97.0990833687233 49.85174144232038, -97.0989911088969 49.85132853107976, -97.09899347425997 49.851227195891596, -97.09891865040619 49.851149937964855, -97.09877488261709 49.851105571701325, -97.09850395815155 49.851127164472395, -97.09809735024201 49.8512267264458, -97.09781242619873 49.85137237514774, -97.09768557157868 49.85151263307122, -97.09747937175024 49.85180017755619, -97.09724645843775 49.85200222612017, -97.09709688095691 49.85202372492718, -97.09692238498792 49.85196878383948, -97.09662931455196 49.851610897567184, -97.09629789874631 49.85135444896864, -97.09603469135541 49.85107030482965, -97.09593851655733 49.8506757267452, -97.0958317222422 49.8503601291257, -97.09571087938686 49.8501151234947, -97.09569614084991 49.84997519599748, -97.09569406581086 49.8499554955444, -97.09574611894863 49.84973763292941, -97.09571396208628 49.84894381784244, -97.09568646930028 49.84889198469091, -97.09554114193595 49.84880558097932, -97.09545768398112 49.84879796031242, -97.09516544556371 49.84889765568563, -97.09489917019812 49.848883210567635, -97.09474859217647 49.84884844808542, -97.09418728967756 49.8486086965487, -97.09409353855723 49.84854882989061, -97.09386702194077 49.84847914166171, -97.09332661702747 49.848527187670534, -97.09302568425204 49.848452107324434, -97.09277953170039 49.848362999395576, -97.09267251717097 49.84824458846155, -97.09268807124664 49.84817679883427, -97.09282688199895 49.84811485665913, -97.09331112364532 49.84802040946256, -97.09368193821062 49.847902222601, -97.09385361557104 49.84771444941232, -97.09387517475068 49.84763044134125, -97.09386747375137 49.847553242582784, -97.09337215906383 49.847137862000466, -97.09316572196084 49.84702198171675, -97.09270534105578 49.84686512155472, -97.0924563896535 49.846724585405035, -97.0923703214331 49.84671518366623, -97.09215003264123 49.846787587741396, -97.09199801020009 49.84687153056368, -97.09153460784268 49.847023251600206, -97.09130628856553 49.8470677480924, -97.091204509992 49.84706190561531, -97.09116082420556 49.8469851554297, -97.09128541311011 49.84688895800796, -97.09151900050456 49.84679247256678, -97.09169043079008 49.84669288007204, -97.09182068269317 49.846534631601095, -97.09177930538226 49.84639924763978, -97.09173111940277 49.84636859739622, -97.09158811865882 49.84618258865173, -97.09142592766732 49.846047645077874, -97.09135174648867 49.8460363553212, -97.09118520441574 49.84609367288335, -97.09091215248397 49.84625165124792, -97.09075464817431 49.8463112001155, -97.09068266065925 49.84632598395468, -97.09043445499294 49.846330226315345, -97.09025260533666 49.84629910867239, -97.09022620983876 49.84626048477908, -97.09022786436479 49.84621850426261, -97.09029892977267 49.84614538065364, -97.09042185344617 49.846105051362386, -97.09049834169313 49.84604416800399, -97.0905045759756 49.845885960404836, -97.09046089563529 49.845822749720156, -97.09026953813138 49.84571961085968, -97.08992033513512 49.84556214143556, -97.08981942153073 49.84553444015698, -97.08967066309418 49.845453874301434, -97.08965079940229 49.84539938804064, -97.08969868899 49.845287693829405, -97.09002601540223 49.84497855161214, -97.09019234397675 49.84484485439579, -97.09024085909401 49.844703660661686, -97.09018119870086 49.84454193686296, -97.08994561181156 49.84434884530686, -97.0897435708841 49.8442989938982, -97.08964163421972 49.84429731347333, -97.089405771021 49.84432918363191, -97.08926831360566 49.844384200589225, -97.08911805691399 49.84447788957809, -97.0889862960668 49.844606253408585, -97.08875017213646 49.844780805589025, -97.08840480535774 49.84496188739343, -97.08824612803652 49.84499676430149, -97.08812248029139 49.84498743375782, -97.08796823803823 49.84490989975999, -97.0878693504572 49.84481730904813, -97.08784537039638 49.84466311619575, -97.08799231755874 49.84423157594479, -97.08813960882765 49.844022578394, -97.08849781517704 49.84369277240671, -97.08854271116842 49.8436025539206, -97.08854772003802 49.843543617308015, -97.08843209550368 49.84333097664063, -97.0882628415349 49.843212229063774, -97.08809668390093 49.8431647025801, -97.08793881728502 49.84316556956922, -97.08769039415336 49.84324375002609, -97.08734506807008 49.843532799846514, -97.08718774889464 49.84360137339514, -97.0864640369428 49.84375190155279, -97.08633337714262 49.84374349480688, -97.0862288423135 49.84365810000521, -97.08616842927431 49.843515803248614, -97.08603540288196 49.8433226615432, -97.0859303487003 49.84280190409155, -97.08581793853129 49.84256258156853, -97.08582928497478 49.842275310482684, -97.08587835020487 49.84207962153432, -97.08593571813606 49.842027104623796, -97.08601388963793 49.84200513527493, -97.08612560767872 49.842044475056575, -97.08615788018722 49.84213805019454, -97.08615534551505 49.84220223517465, -97.08627509427541 49.84239168579166, -97.0864067933792 49.842468849860076, -97.08647275617831 49.84248417317701, -97.08660730962302 49.84243466633571, -97.08674145196633 49.842315391616374, -97.08683802320712 49.84217948522902, -97.08692338465974 49.841975368620446, -97.08710282458793 49.84183741005919, -97.08718891411534 49.84181727543594, -97.08727191797895 49.84182246443243, -97.08777378099342 49.841933162930836, -97.08815919953125 49.841961047055925, -97.08842008588687 49.8419205657916, -97.08861030342487 49.8417935139854, -97.08865492369246 49.84171023433186, -97.08864272608027 49.841597549392915, -97.08810612294741 49.841170007694565, -97.08805297419714 49.84104762054175, -97.08796548587087 49.84096563306528, -97.08791277348641 49.840750558082085, -97.08799050267613 49.840643845863376, -97.08844093831658 49.840180536029365, -97.08859866361607 49.83981548248203, -97.08873032414304 49.839351151411215)))", "lon": -97.087447091613299, "lat": 49.849209563144207 }, "geometry": { "type": "Polygon", "coordinates": [ [ [ -97.0887303, 49.8393512 ], [ -97.0879128, 49.8407506 ], [ -97.0886103, 49.8417935 ], [ -97.0864728, 49.8424842 ], [ -97.0859357, 49.8420271 ], [ -97.086228800000015, 49.8436581 ], [ -97.0884321, 49.843331 ], [ -97.0881225, 49.8449874 ], [ -97.0899456, 49.8443488 ], [ -97.0902526, 49.8462991 ], [ -97.0914259, 49.8460476 ], [ -97.091204499999989, 49.8470619 ], [ -97.092456399999989, 49.846724599999988 ], [ -97.0938675, 49.8475532 ], [ -97.0927795, 49.848363 ], [ -97.0956865, 49.848892 ], [ -97.0969224, 49.8519688 ], [ -97.0989935, 49.8512272 ], [ -97.0989316, 49.8521611 ], [ -97.0963463, 49.8526512 ], [ -97.09548, 49.8536749 ], [ -97.0977054, 49.8537328 ], [ -97.097572, 49.8550198 ], [ -97.0959971, 49.8559569 ], [ -97.0972207, 49.8575251 ], [ -97.0919801, 49.8577185 ], [ -97.0841482, 49.85589 ], [ -97.0763333, 49.8406386 ], [ -97.0847779, 49.8405501 ], [ -97.0887303, 49.8393512 ] ] ] } },
{ "type": "Feature", "properties": { "ID": 123, "Name": "Norberry", "Cluster": "St. Vital North", "Location": "MULTIPOLYGON (((-97.11787631012078 49.84753472302084, -97.11763230369937 49.84703327418706, -97.11670314529547 49.84512020037935, -97.11662466932283 49.844939319215875, -97.11657295640707 49.84468148651849, -97.11657850082143 49.84443955481302, -97.11666209178652 49.844211630592675, -97.11675280847726 49.844038939745374, -97.11681728058225 49.84393590248891, -97.11801662556931 49.84219377103835, -97.11814828774676 49.84195206636544, -97.11821115549763 49.84162672110302, -97.11813942251065 49.84127652693541, -97.11796934083651 49.84098803412592, -97.11779953800854 49.8407522742796, -97.11433864232079 49.8365391658897, -97.11413576967674 49.83628680462154, -97.11399646818582 49.83612382730422, -97.11384259484218 49.83601412271735, -97.11361398129604 49.83591839989763, -97.11304639208852 49.83580566457516, -97.11248006394563 49.837002791601, -97.11215647401067 49.83989974953518, -97.11239657280079 49.84182642203331, -97.11285399149735 49.84551988149049, -97.11194117815575 49.85247791843012, -97.11240569230148 49.85241254995035, -97.11287940929937 49.852308208741334, -97.11320014878177 49.852196518679534, -97.11379866522603 49.851915599180295, -97.1142337713446 49.851641820322335, -97.11619224985866 49.85093820314897, -97.11765986980221 49.850518182530315, -97.12014524778292 49.84980682855569, -97.11941739892868 49.84929868094183, -97.11883657650755 49.84880055967714, -97.11817261867195 49.84805098251701, -97.11787631012078 49.84753472302084)))", "lon": -97.114932935672186, "lat": 49.844696571015305 }, "geometry": { "type": "Polygon", "coordinates": [ [ [ -97.1178763, 49.8475347 ], [ -97.1201452, 49.8498068 ], [ -97.1119412, 49.8524779 ], [ -97.112854, 49.8455199 ], [ -97.112156500000012, 49.8398997 ], [ -97.1130464, 49.8358057 ], [ -97.1181394, 49.8412765 ], [ -97.116578499999989, 49.8444396 ], [ -97.1178763, 49.8475347 ] ] ] } },
{ "type": "Feature", "properties": { "ID": 120, "Name": "Normand Park", "Cluster": "St. Vital South", "Location": "MULTIPOLYGON (((-97.12969673033791 49.806178450117244, -97.12993277461186 49.80566418788767, -97.12995920367776 49.80520851731511, -97.12989581974969 49.80475665894323, -97.12958561403372 49.80411421304735, -97.12873101454548 49.80335273119892, -97.12772801859789 49.8028141591581, -97.12578606985335 49.80210041861623, -97.12309721006244 49.8012378227412, -97.12069383834037 49.80025655030785, -97.11834394681611 49.79879706265342, -97.11739210748918 49.79773446191254, -97.11655435068585 49.796820551394305, -97.11641392531556 49.795899520060615, -97.11543565927127 49.796232122536324, -97.11477106891158 49.79645803287692, -97.11457774451064 49.79652379442869, -97.11553389276021 49.79961933510017, -97.11584696042365 49.80134681582842, -97.11606845619058 49.80256894130481, -97.11448174318421 49.806104709218175, -97.11367393807615 49.80790457616436, -97.11280146191939 49.81080350793219, -97.11496045840357 49.81006106948906, -97.11522350217433 49.810379423691884, -97.11558010173161 49.81081099822674, -97.11625496081213 49.81057734036835, -97.11691027631251 49.810992006192535, -97.11783732099225 49.8105492194646, -97.11921307096759 49.81012063142423, -97.12147185398027 49.80951436816992, -97.12374523343722 49.80888597421326, -97.12610481232392 49.80809569406657, -97.12742902066398 49.80770344232695, -97.12815492842265 49.807443810386495, -97.12874514663031 49.807122415096835, -97.12922509930172 49.806742978348744, -97.12957680924815 49.80639066613867, -97.12969673033791 49.806178450117244)))", "lon": -97.120541861145838, "lat": 49.804861581061616 }, "geometry": { "type": "Polygon", "coordinates": [ [ [ -97.1296967, 49.806178499999987 ], [ -97.1281549, 49.807443799999987 ], [ -97.1169103, 49.810992 ], [ -97.1149605, 49.8100611 ], [ -97.112801499999989, 49.8108035 ], [ -97.1160685, 49.8025689 ], [ -97.1145777, 49.7965238 ], [ -97.1164139, 49.7958995 ], [ -97.1183439, 49.7987971 ], [ -97.1206938, 49.8002566 ], [ -97.128731, 49.8033527 ], [ -97.1298958, 49.8047567 ], [ -97.1296967, 49.806178499999987 ] ] ] } },
{ "type": "Feature", "properties": { "ID": 524, "Name": "North Inkster Industrial", "Cluster": "Inkster West", "Location": "MULTIPOLYGON (((-97.22999256890378 49.945842828423054, -97.22559689445045 49.94594859037222, -97.21822050173188 49.945948399599004, -97.20677439523911 49.94590987194467, -97.20677884500618 49.960740541504094, -97.21818747254538 49.96075732018391, -97.2299826524498 49.96077665841177, -97.22998249623903 49.96064099176406, -97.2299874381311 49.953377577964204, -97.22999256890378 49.945842828423054)))", "lon": -97.21838859414666, "lat": 49.953342636129385 }, "geometry": { "type": "Polygon", "coordinates": [ [ [ -97.229992599999989, 49.9458428 ], [ -97.2299827, 49.9607767 ], [ -97.2067788, 49.9607405 ], [ -97.2067744, 49.9459099 ], [ -97.229992599999989, 49.9458428 ] ] ] } },
{ "type": "Feature", "properties": { "ID": 1022, "Name": "North Point Douglas", "Cluster": "Point Douglas South", "Location": "MULTIPOLYGON (((-97.10860335219172 49.90268642398887, -97.10856192062305 49.902846315693786, -97.10857672959442 49.903159124430715, -97.10867694868209 49.90340243542174, -97.10908950695287 49.90384721046301, -97.10931627929911 49.90402868538689, -97.10956023248613 49.904184878128945, -97.10988545265363 49.90433310145931, -97.11022754213806 49.904464169768126, -97.1112761348432 49.904839137529486, -97.11170102302275 49.904970416535406, -97.11219267332557 49.90509459253287, -97.11334580017456 49.905328349715276, -97.1140176866644 49.90549149965354, -97.11457742905297 49.90567024864685, -97.11588798270574 49.90611101882027, -97.1163733863878 49.90630481859447, -97.11682593276578 49.90651086363811, -97.11952542259807 49.907878135208115, -97.120340073788 49.90827384493529, -97.12123295873857 49.90870754212269, -97.12411963537573 49.91031128877302, -97.12564237576957 49.91136423557446, -97.12589523168526 49.91161814057017, -97.12626140935221 49.9121515802628, -97.1265284206278 49.91273686544894, -97.12690399344783 49.91377125074923, -97.12694703301104 49.91403222058075, -97.12688680307204 49.91502935344923, -97.1267867528024 49.915568038696364, -97.12668581057999 49.91585108278488, -97.12662760861205 49.915952486803896, -97.12759204623491 49.916263769178705, -97.13097876686345 49.9173567741014, -97.13102378695088 49.91730057313718, -97.13123271049609 49.91703981171527, -97.1315436763074 49.91642438529373, -97.13202412191353 49.914181497388135, -97.13266814894658 49.91169294041151, -97.13345795456713 49.90864074280362, -97.13423036648061 49.905655406382216, -97.13395338149444 49.90562582465032, -97.13256826964124 49.90547440980928, -97.13256967796931 49.90546899321255, -97.1322973362931 49.9054268816474, -97.1312039641591 49.905259022825895, -97.13093703722403 49.905193411315494, -97.12846800096634 49.90484414687515, -97.1261531247929 49.90448928243956, -97.12575501636898 49.90442824829904, -97.12211420280822 49.90387000357975, -97.12191191473516 49.903838909554544, -97.11873380856447 49.90334862141024, -97.11758886730917 49.90318648948987, -97.11495100160424 49.903054115319506, -97.10956846446247 49.902758905364166, -97.10860335219172 49.90268642398887)))", "lon": -97.124955208848306, "lat": 49.908254459689488 }, "geometry": { "type": "Polygon", "coordinates": [ [ [ -97.1086034, 49.9026864 ], [ -97.1175889, 49.9031865 ], [ -97.1342304, 49.9056554 ], [ -97.1312327, 49.9170398 ], [ -97.1266276, 49.9159525 ], [ -97.1265284, 49.9127369 ], [ -97.1241196, 49.9103113 ], [ -97.1163734, 49.9063048 ], [ -97.1095602, 49.9041849 ], [ -97.1086034, 49.9026864 ] ] ] } },
{ "type": "Feature", "properties": { "ID": 220, "Name": "North River Heights", "Cluster": "River Heights West", "Location": "MULTIPOLYGON (((-97.19469779486867 49.87418630582942, -97.19474823361172 49.87354873796533, -97.19497276743913 49.87071724893908, -97.19552399179584 49.8637394957266, -97.1751927510224 49.86299399451422, -97.17494371135584 49.86300992259936, -97.17479725245899 49.86468069234441, -97.1747162251631 49.865722839897515, -97.17462321067126 49.86664093532512, -97.17452668077352 49.867797706380365, -97.17444564064158 49.86883985308567, -97.17434670178861 49.86996625541347, -97.17424974709411 49.87097962254811, -97.1740496663992 49.873420240415534, -97.19469779486867 49.87418630582942)))", "lon": -97.184804480118601, "lat": 49.868586235212319 }, "geometry": { "type": "Polygon", "coordinates": [ [ [ -97.1946978, 49.8741863 ], [ -97.1740497, 49.8734202 ], [ -97.1749437, 49.8630099 ], [ -97.195524, 49.8637395 ], [ -97.1946978, 49.8741863 ] ] ] } },
{ "type": "Feature", "properties": { "ID": 1078, "Name": "North St. Boniface", "Cluster": "St. Boniface West", "Location": "MULTIPOLYGON (((-97.12730705746273 49.89122569299728, -97.12595872615199 49.89127538539384, -97.12539958784548 49.891295987653734, -97.1249963544609 49.89139811353505, -97.11294976893319 49.89444826945826, -97.10967106099338 49.895306040992075, -97.10775197192636 49.89580802747782, -97.1057159842946 49.896250605440336, -97.10721055796391 49.89921034552077, -97.10740441862191 49.89959420629702, -97.10614307867554 49.90258655003658, -97.10662472140311 49.902571646415225, -97.10755207719069 49.902625445279476, -97.10860335219172 49.90268642398887, -97.10876655801917 49.9022152385315, -97.10895996182693 49.901869810540184, -97.10924900912856 49.901516646693295, -97.10956295852446 49.90126265344813, -97.10985021728894 49.901065645089346, -97.11019752500384 49.90086943609051, -97.11060340238014 49.900725161180645, -97.11111684574688 49.90061610240208, -97.11186117058209 49.90049822339789, -97.11269148169588 49.90042822930701, -97.11351082062289 49.90040670758991, -97.11547394082518 49.90039332243331, -97.11615101786634 49.900421756690776, -97.119711506579 49.900641073247094, -97.12113183168391 49.900708256268246, -97.12361369553567 49.900909965454865, -97.12395959139337 49.90089697269052, -97.12440391857764 49.900850713253845, -97.12485134838995 49.90077080598204, -97.12562053926722 49.9006043066142, -97.1270895570515 49.90025041894752, -97.12853644107827 49.89986362103639, -97.12878433061518 49.89976382127738, -97.12898596574 49.89968264273669, -97.1295916615349 49.899370559314974, -97.13011681107004 49.89904787798987, -97.13057251602403 49.898706645288755, -97.13094789855462 49.89830253284406, -97.13111061870872 49.89804836716926, -97.13116580650657 49.89791178177941, -97.13121603571719 49.89778746777636, -97.13124903564885 49.897305793833596, -97.13125946664206 49.89670988568932, -97.13120527582346 49.896157089520734, -97.13094440435053 49.89555332136313, -97.13066892735172 49.895137451187935, -97.1305484071136 49.89495550701027, -97.12991478183791 49.89431667569464, -97.12933496694824 49.893775150426904, -97.12876221768191 49.893097788870065, -97.12739125126505 49.891313332484515, -97.12730705746273 49.89122569299728)))", "lon": -97.119310854079089, "lat": 49.896935113252439 }, "geometry": { "type": "Polygon", "coordinates": [ [ [ -97.1273071, 49.8912257 ], [ -97.1312053, 49.8961571 ], [ -97.1311106, 49.8980484 ], [ -97.1295917, 49.8993706 ], [ -97.1239596, 49.900897 ], [ -97.1118612, 49.9004982 ], [ -97.1098502, 49.9010656 ], [ -97.1086034, 49.9026864 ], [ -97.1061431, 49.9025866 ], [ -97.1074044, 49.899594199999989 ], [ -97.105716, 49.8962506 ], [ -97.1273071, 49.8912257 ] ] ] } },
{ "type": "Feature", "properties": { "ID": 801, "Name": "North Transcona Yards", "Cluster": "River East East", "Location": "MULTIPOLYGON (((-97.04458911272427 49.93087130444898, -97.046537279471 49.92875168238426, -97.02487824069911 49.922518484040644, -97.02487680488495 49.9226156222791, -97.0248741546876 49.92279486173503, -97.02486910850173 49.92313624441109, -97.02485742541573 49.92392660156818, -97.02485475178071 49.92410743002016, -97.02483335925461 49.92555441360307, -97.0248306852629 49.92573524200412, -97.0248092898825 49.92718222518107, -97.02480661692645 49.927363053555204, -97.0247959179812 49.92808653149072, -97.02479065118486 49.928442677895035, -97.02476115135319 49.930437299335004, -97.02475862855385 49.93060578084274, -97.04458911272427 49.93087130444898)))", "lon": -97.033337454311976, "lat": 49.927834723775831 }, "geometry": { "type": "Polygon", "coordinates": [ [ [ -97.0445891, 49.9308713 ], [ -97.0247586, 49.9306058 ], [ -97.024878199999989, 49.9225185 ], [ -97.0465373, 49.9287517 ], [ -97.0445891, 49.9308713 ] ] ] } },
{ "type": "Feature", "properties": { "ID": 133, "Name": "Norwood East", "Cluster": "St. Boniface West", "Location": "MULTIPOLYGON (((-97.11712108269181 49.8745347797847, -97.11354225317731 49.871656240275996, -97.1068767569509 49.87385717151968, -97.10670868845962 49.873816871429206, -97.10535383914963 49.87426368581356, -97.10467372332946 49.87448797093088, -97.103739324645 49.874796103571676, -97.10365888606574 49.87482483341192, -97.1038058898843 49.87488670748268, -97.10392250535998 49.87498025645541, -97.1045533455614 49.875298233658235, -97.10472896588071 49.87534463285671, -97.1047880450193 49.87542743744885, -97.10493987540472 49.87560366952275, -97.1045617876377 49.875824206832355, -97.10429902197181 49.875854803207304, -97.10404244184527 49.87585932982327, -97.10368395326846 49.875799145930344, -97.10348357100985 49.87578714384901, -97.10302835751891 49.87581998415707, -97.10220161944385 49.87598172865223, -97.10179470830144 49.87609354291893, -97.1012205006772 49.87631621667922, -97.10107607763085 49.87646637610737, -97.1009797437937 49.87686814495737, -97.10103179618213 49.87707728139838, -97.10125166297703 49.87725688128652, -97.10167819171028 49.877522693472244, -97.1018776193855 49.877673358860655, -97.10189705493714 49.87772799634837, -97.10186393018138 49.877791215996126, -97.10167345367586 49.87787470145093, -97.1011739460325 49.87787749111187, -97.10091540052798 49.87790257318863, -97.1008081113987 49.87800423757032, -97.10087953032755 49.87812348911433, -97.10099187684665 49.87820887711225, -97.10129434411412 49.87828137162185, -97.10165101132121 49.87838838778956, -97.1021159260184 49.8785712797101, -97.1022980795732 49.878585953417996, -97.1024649511882 49.87852492333746, -97.10277849084144 49.87825648147318, -97.10324884468177 49.878127841971256, -97.10381236501196 49.87808202370353, -97.10452838576376 49.877996158676716, -97.10466537019018 49.87803581066237, -97.10472619085971 49.878074217095566, -97.10487808239557 49.878284264731434, -97.10487223037727 49.87843372666636, -97.10489424982833 49.878566107486066, -97.1047150993989 49.87885285050622, -97.10438181068315 49.87907474930531, -97.10421943190943 49.87933757403334, -97.10422344220927 49.87946669263924, -97.10425753557028 49.879522288901235, -97.10443263619523 49.87960285426319, -97.1047230474087 49.8796347629218, -97.10541711915242 49.8797612235414, -97.10558751816059 49.87984467805949, -97.10572163763769 49.88007206076593, -97.10565877608475 49.88020008638313, -97.10554925692023 49.880270871840544, -97.10509193321458 49.88044452006338, -97.10446096122543 49.88058825715643, -97.10433133725563 49.88059495060988, -97.10378921878096 49.880556675124474, -97.10328776318048 49.880494241166666, -97.10314139115097 49.88049481361592, -97.10299464335506 49.8805898986915, -97.1030549343444 49.88087615101729, -97.10350966779629 49.88108818847135, -97.10395454529264 49.881115341759404, -97.10446108268445 49.88125043133263, -97.10493375261086 49.88135348862488, -97.10498720657156 49.881351484731326, -97.10502233668693 49.88138065757231, -97.10510251404897 49.88171049132619, -97.10506850027237 49.881796450201044, -97.10494388835959 49.88190664852197, -97.10487006675194 49.88202424221342, -97.10487808905778 49.88212716607869, -97.11199604829373 49.881854369272645, -97.12795714361235 49.88123821396383, -97.12729882670584 49.88030462102655, -97.12640896631952 49.87938878869125, -97.12508825931815 49.87830906581575, -97.1230164556745 49.877278770092786, -97.11823783061656 49.875322730941726, -97.11712108269181 49.8745347797847)))", "lon": -97.113367275950495, "lat": 49.877874002989088 }, "geometry": { "type": "Polygon", "coordinates": [ [ [ -97.1171211, 49.8745348 ], [ -97.1250883, 49.8783091 ], [ -97.127957099999989, 49.8812382 ], [ -97.1048781, 49.8821272 ], [ -97.1049872, 49.8813515 ], [ -97.102994600000017, 49.8805899 ], [ -97.1056588, 49.8802001 ], [ -97.1042234, 49.8794667 ], [ -97.104726200000016, 49.8780742 ], [ -97.1022981, 49.878586 ], [ -97.1008081, 49.8780042 ], [ -97.1018971, 49.877728 ], [ -97.1012205, 49.8763162 ], [ -97.1049399, 49.8756037 ], [ -97.1036589, 49.8748248 ], [ -97.1135423, 49.8716562 ], [ -97.1171211, 49.8745348 ] ] ] } },
{ "type": "Feature", "properties": { "ID": 1213, "Name": "Norwood West", "Cluster": "St. Boniface West", "Location": "MULTIPOLYGON (((-97.13029333575996 49.88275055446525, -97.13174030761004 49.88155197357889, -97.13202817766164 49.88128380034205, -97.13260610381454 49.88069054470743, -97.13317239454102 49.88019398560973, -97.13454354873616 49.87908401548013, -97.13517231745054 49.87850091409926, -97.13568425783573 49.87791168083237, -97.13587914414197 49.877635872338395, -97.13623646758313 49.87713016907523, -97.13661674677813 49.87650991844493, -97.1369639232448 49.87586108828449, -97.1372039924581 49.87512469737295, -97.13736050223751 49.8742356836321, -97.13740682411861 49.87357861723067, -97.13731068694081 49.872932859539866, -97.13701340844236 49.87225157317169, -97.13667959644553 49.87169973102599, -97.13634069788398 49.87131438354545, -97.1361090405356 49.87111518477762, -97.13567605190947 49.87088555090633, -97.13507465481986 49.8706243096325, -97.13441643407216 49.87040464483743, -97.13354742979348 49.87016118480348, -97.1330607997783 49.87009555499822, -97.13230497507612 49.87005448163674, -97.13122516101994 49.87009486819954, -97.13025409226098 49.870179493345624, -97.12910141148224 49.87036996430314, -97.12789411925637 49.87054424378083, -97.12676599617295 49.87067729598637, -97.12429845083365 49.870932299170114, -97.12329476442369 49.87100953913775, -97.12221410028543 49.87107107522583, -97.12137823213997 49.87109322512233, -97.12021182958267 49.87105986529091, -97.11910332305894 49.87099173804074, -97.11800626402727 49.87086599375218, -97.11691247417575 49.8706901488357, -97.11664218712531 49.87062755822376, -97.11511959944589 49.87112254479773, -97.11354225317731 49.871656240275996, -97.11712108269181 49.8745347797847, -97.11823783061656 49.875322730941726, -97.1230164556745 49.877278770092786, -97.12508825931815 49.87830906581575, -97.12640896631952 49.87938878869125, -97.12729882670584 49.88030462102655, -97.12795714361235 49.88123821396383, -97.12953792067262 49.88226154975195, -97.13029333575996 49.88275055446525)))", "lon": -97.127710416156546, "lat": 49.874889675917977 }, "geometry": { "type": "Polygon", "coordinates": [ [ [ -97.1302933, 49.8827506 ], [ -97.1250883, 49.8783091 ], [ -97.118237799999989, 49.8753227 ], [ -97.1135423, 49.8716562 ], [ -97.1166422, 49.8706276 ], [ -97.1222141, 49.8710711 ], [ -97.132305, 49.8700545 ], [ -97.136109, 49.8711152 ], [ -97.1373107, 49.8729329 ], [ -97.1369639, 49.8758611 ], [ -97.1351723, 49.8785009 ], [ -97.1302933, 49.8827506 ] ] ] } },
{ "type": "Feature", "properties": { "ID": 520, "Name": "Oak Point Highway", "Cluster": "Inkster West", "Location": "MULTIPOLYGON (((-97.22559689445045 49.94594859037222, -97.22999256890378 49.945842828423054, -97.22985382539798 49.94049160970506, -97.22985546761427 49.933086333563224, -97.20675515744685 49.926935727995655, -97.19510693581236 49.92383206972862, -97.1951103106868 49.93120695387943, -97.20675774061532 49.93121276117556, -97.20675912896257 49.92850991160364, -97.21246701918444 49.93140946577527, -97.21246825652369 49.93267168905508, -97.21257441112952 49.93267171634299, -97.21284611470625 49.93267172993932, -97.21321121401911 49.93267174837853, -97.21321135030334 49.93280886339662, -97.21321148582088 49.932945923531044, -97.21321164007114 49.93310093867786, -97.21321193676448 49.933400963747665, -97.21321197145735 49.93343687373378, -97.21395870969903 49.933816066135485, -97.21500669860684 49.93434821509352, -97.21582449324669 49.93476346099296, -97.21602424420755 49.93486483968883, -97.21609099056882 49.934898734856375, -97.21639133180675 49.935051198945715, -97.2164914459758 49.935102020139674, -97.21690335182535 49.93531111450565, -97.21731826530927 49.935521732386164, -97.21745922905036 49.93559328704969, -97.21759104345463 49.93566019715197, -97.21762609035221 49.93567798719648, -97.21779295081568 49.93576268798589, -97.21805916333535 49.9358978179521, -97.21820600342481 49.935972353858865, -97.21820626965982 49.93613964680708, -97.21820653189542 49.93630406312212, -97.21820672467679 49.936424307137244, -97.21820687172017 49.93651703327869, -97.21820691167576 49.93654213863056, -97.21820710006094 49.936659970143005, -97.21820730497717 49.93678876308515, -97.21820751127835 49.93691755604598, -97.2182076982497 49.93703538752976, -97.2182079045358 49.93716418048536, -97.21820810942117 49.93729297341684, -97.21820831569151 49.93742176636698, -97.21820850263462 49.93753959784102, -97.21820869096398 49.93765742933414, -97.21820889581916 49.93778622225517, -97.21820910205935 49.9379150151949, -97.21820928897482 49.93803284665937, -97.21820949924953 49.93816432553086, -97.21820955574215 49.938199894001094, -97.21820981781681 49.93836431026049, -97.21821016815832 49.93858353194703, -97.21851569563815 49.938583897134244, -97.21888661037148 49.93858434033956, -97.21917532526845 49.93858468390194, -97.2193481732085 49.93858488906038, -97.21937487913148 49.93858492138123, -97.21957443164567 49.93858515759672, -97.21978672323309 49.938585409150775, -97.21999901343996 49.938585660294784, -97.22019856734808 49.9385858963565, -97.2203981198742 49.93858613205341, -97.22042699152077 49.93858616588799, -97.22059767383726 49.938586366529286, -97.22083119310415 49.93858664149272, -97.22103074705775 49.938586876122244, -97.22124303733696 49.93858712498866, -97.22144258995326 49.93858735798905, -97.22164214394024 49.938587591566375, -97.22185443425494 49.9385878393134, -97.22205398826438 49.93858807218193, -97.22209305009906 49.93858811703091, -97.22209670136986 49.938588121744225, -97.22228750765734 49.93858834331347, -97.22248706169039 49.938588575436675, -97.22268661434141 49.93858880719512, -97.22288616842927 49.93858903773248, -97.2231623159273 49.93858935775274, -97.22336161500883 49.938589587161815, -97.2235049629306 49.9386623546147, -97.22372693711327 49.93877503586034, -97.2239104919765 49.938868211962365, -97.22407736011449 49.938952918072424, -97.22423422076362 49.93903254328291, -97.22441777759218 49.93912571859913, -97.22457464072824 49.93920534427928, -97.22474151123846 49.93929004855508, -97.22489837408648 49.93936967288638, -97.22506524570387 49.93945437760524, -97.22519865071384 49.93952209358202, -97.2240968013227 49.940426282578926, -97.22409191010094 49.940607403687565, -97.224096565927 49.9409363504209, -97.22409646900739 49.9411493891451, -97.22409637331678 49.94135883082744, -97.22409631113047 49.94149451048271, -97.22409625542905 49.94161511751017, -97.2240961997195 49.941735724535214, -97.22409614990276 49.94184536868608, -97.22409610004625 49.941955013733946, -97.22409605021609 49.94206465788084, -97.22409599846438 49.94217492264324, -97.22409595542712 49.94226535371639, -97.22559069541201 49.942266282979425, -97.22559084843 49.9423567158466, -97.22559105129763 49.94247736547646, -97.22559123620836 49.94258704737248, -97.22559141167119 49.94269133399327, -97.22559158709589 49.94279562151126, -97.2255917720233 49.942905302502545, -97.22559194743752 49.943009590016864, -97.22559213235391 49.94311927100429, -97.22559230775767 49.943223558514944, -97.22559249266303 49.94333323949852, -97.22559266805634 49.943437527005514, -97.2255928529507 49.94354720798523, -97.2255930283335 49.94365149548856, -97.22559320374427 49.94375578209111, -97.22559338858923 49.94386546396407, -97.22559356398952 49.94396975056296, -97.22559374882346 49.94407943243207, -97.22559392421327 49.944183719027286, -97.22559410906923 49.94429339999356, -97.22559428441556 49.944397687484084, -97.22559446926051 49.94450736844651, -97.22559464459636 49.94461165593338, -97.22559482803723 49.94472133687063, -97.22559500475569 49.94482562437514, -97.22559518007596 49.944929911856555, -97.22559536350045 49.94503959278806, -97.22559554831237 49.945149273738906, -97.22559578707795 49.94529109510453, -97.22559618037347 49.94552449206221, -97.22559643217531 49.94567487224283, -97.22559661566011 49.94578322282038, -97.22559689445045 49.94594859037222)))", "lon": -97.215502321805857, "lat": 49.933365300267901 }, "geometry": { "type": "Polygon", "coordinates": [ [ [ -97.2255969, 49.9459486 ], [ -97.2255907, 49.9422663 ], [ -97.224096, 49.9422654 ], [ -97.2240968, 49.9404263 ], [ -97.2251987, 49.9395221 ], [ -97.2233616, 49.9385896 ], [ -97.2182102, 49.9385835 ], [ -97.218206, 49.9359724 ], [ -97.213212, 49.9334369 ], [ -97.212467, 49.9314095 ], [ -97.2067591, 49.928509899999987 ], [ -97.2067577, 49.9312128 ], [ -97.1951103, 49.931207 ], [ -97.1951069, 49.9238321 ], [ -97.2298555, 49.9330863 ], [ -97.229992599999989, 49.9458428 ], [ -97.2255969, 49.9459486 ] ] ] } },
{ "type": "Feature", "properties": { "ID": 1498, "Name": "Old Tuxedo", "Cluster": "Assiniboine South", "Location": "MULTIPOLYGON (((-97.20305060313892 49.876838937237906, -97.20324626783582 49.876807668041295, -97.20379204325529 49.87678126887217, -97.20446539094188 49.87680564478895, -97.20541215854382 49.87692371957057, -97.20612786216427 49.87696965646078, -97.20660791433127 49.87697011334391, -97.20709598123948 49.87689981402778, -97.20759030673342 49.87675756932421, -97.20802744440772 49.87650870210397, -97.2082933592099 49.87622232851588, -97.20836780614104 49.87595971947975, -97.20825394824008 49.875004008755795, -97.20824004290789 49.874505322528734, -97.2083560222339 49.87428634715771, -97.2085562387806 49.87407448333758, -97.20886191024795 49.873879354021085, -97.20932753575252 49.873734334614035, -97.2097801013942 49.87365069433315, -97.21023004667819 49.873637890027865, -97.21075767451381 49.8737122665564, -97.21246830160214 49.874127909537606, -97.2131064452054 49.8742283803254, -97.21392612034033 49.87433048307736, -97.21447083534 49.874331903891445, -97.21527605939028 49.874240892908894, -97.21648147280747 49.87407237541995, -97.21891631089315 49.87357067686151, -97.21958338727748 49.873420465485786, -97.21961129666487 49.873126117951564, -97.21967763168428 49.872426633672774, -97.22021000312486 49.86673309434584, -97.2156439873406 49.86656477390826, -97.21239218728896 49.869832244461975, -97.20844005847164 49.86967728380232, -97.2054809337122 49.869561126691316, -97.20517064516572 49.872843237929416, -97.20238150684098 49.875823053098536, -97.20286075004897 49.876550689285196, -97.20305060313892 49.876838937237906)))", "lon": -97.212223012518706, "lat": 49.871730524940787 }, "geometry": { "type": "Polygon", "coordinates": [ [ [ -97.2030506, 49.876838899999989 ], [ -97.2023815, 49.8758231 ], [ -97.2051706, 49.8728432 ], [ -97.205480900000012, 49.8695611 ], [ -97.2123922, 49.8698322 ], [ -97.215644, 49.8665648 ], [ -97.22021, 49.8667331 ], [ -97.2195834, 49.8734205 ], [ -97.2144708, 49.8743319 ], [ -97.2093275, 49.8737343 ], [ -97.208356, 49.8742863 ], [ -97.2082934, 49.8762223 ], [ -97.2075903, 49.8767576 ], [ -97.2030506, 49.876838899999989 ] ] ] } },
{ "type": "Feature", "properties": { "ID": 437, "Name": "Omand's Creek Industrial", "Cluster": "St. James-Assiniboia East", "Location": "MULTIPOLYGON (((-97.20675515744685 49.926935727995655, -97.22985546761427 49.933086333563224, -97.22985592382985 49.93108148523433, -97.2298589557285 49.92383253013545, -97.22985675834103 49.919828178831914, -97.22943646909935 49.919515954991084, -97.22714947163574 49.91781693309847, -97.22548984157416 49.916583883518406, -97.22530106327508 49.916443566823084, -97.21798987485397 49.9164484223007, -97.20676070006158 49.91645488644695, -97.20675515744685 49.926935727995655)))", "lon": -97.218950955660759, "lat": 49.923492020949553 }, "geometry": { "type": "Polygon", "coordinates": [ [ [ -97.206755199999989, 49.9269357 ], [ -97.2067607, 49.9164549 ], [ -97.2253011, 49.9164436 ], [ -97.2298568, 49.9198282 ], [ -97.2298555, 49.9330863 ], [ -97.206755199999989, 49.9269357 ] ] ] } },
{ "type": "Feature", "properties": { "ID": 143, "Name": "Pacific Industrial", "Cluster": "Inkster East", "Location": "MULTIPOLYGON (((-97.17143556734793 49.90530612980969, -97.1709268486006 49.91012049827621, -97.1706867748054 49.91251023438882, -97.18152185689384 49.915980272047165, -97.18372528091294 49.913108594195684, -97.18372141809294 49.90923995959967, -97.1802404787836 49.90812559535323, -97.1732690046294 49.90589332894713, -97.17143556734793 49.90530612980969)))", "lon": -97.177144488027793, "lat": 49.910784613626923 }, "geometry": { "type": "Polygon", "coordinates": [ [ [ -97.1714356, 49.9053061 ], [ -97.1837214, 49.90924 ], [ -97.1837253, 49.9131086 ], [ -97.1815219, 49.9159803 ], [ -97.1706868, 49.9125102 ], [ -97.1714356, 49.9053061 ] ] ] } },
{ "type": "Feature", "properties": { "ID": 1752, "Name": "Parc La Salle", "Cluster": "Fort Garry South", "Location": "MULTIPOLYGON (((-97.16571526451652 49.76872589909719, -97.16650498538155 49.76845009477682, -97.16633225366748 49.76822355635174, -97.1664552414475 49.76818058684943, -97.16660431577803 49.76812850231541, -97.16675339121453 49.76807641670843, -97.16690217218213 49.76802443419256, -97.16690343878358 49.768023991692836, -97.16691224166294 49.768020916319706, -97.16708331025677 49.767961145648975, -97.16716009570852 49.76793431731955, -97.16727881669719 49.76789283638032, -97.16745577404697 49.76783100758944, -97.16750835311672 49.767812636521256, -97.1675816676483 49.76778702042261, -97.16764374042913 49.76776533184079, -97.16780381045426 49.76770940246767, -97.16786270532378 49.76768882387899, -97.16796388011512 49.76765347286864, -97.1681239479899 49.76759754392072, -97.16815596293621 49.76758635740679, -97.16828401692226 49.767541613869945, -97.1684003421498 49.76750096913125, -97.16844408549035 49.76748568359318, -97.16860415366031 49.76742975398938, -97.16877277367838 49.76737083444239, -97.16899623273224 49.76729275377879, -97.16936866245975 49.76716261805409, -97.16928825581874 49.76706607397981, -97.16920785088149 49.76696952987374, -97.16912744490602 49.76687298479302, -97.16904704060045 49.76677644057948, -97.16896663522279 49.76667989629027, -97.16888623016096 49.76658335194733, -97.16880612306295 49.76648716396765, -97.16872537725013 49.76639020753826, -97.16860674887997 49.766247764374505, -97.16852634523178 49.76615121979107, -97.16840771940298 49.76600877645313, -97.1682527398473 49.76582268289458, -97.16819672252095 49.765755418018315, -97.1673400201346 49.7648206777669, -97.16576996139575 49.76410127157096, -97.16552815086607 49.763942032350535, -97.16526578466438 49.76376925489047, -97.1644707314267 49.76366799835888, -97.16339600813022 49.76328437170212, -97.16283078751124 49.76287667760847, -97.16277293122513 49.76283494517465, -97.16254246008528 49.76266870221745, -97.16261550056923 49.762643218947126, -97.16233527933957 49.76212273943344, -97.16211068441893 49.76220109415787, -97.1618494390199 49.76171752490522, -97.16140621973783 49.76149791420085, -97.16129624325285 49.76144342154254, -97.1610440865839 49.76134297353207, -97.16079193096651 49.76124252498274, -97.16006065926932 49.76106535578713, -97.15952762965554 49.76107124310622, -97.15944639114565 49.76107413362088, -97.15937869285484 49.76104278582261, -97.15932291988067 49.76102795980383, -97.15925591806194 49.760967988509435, -97.15919167175416 49.760950149891066, -97.15911428365185 49.760937678251764, -97.1590098485472 49.76095004800952, -97.15889725657152 49.76095104631745, -97.15880195267809 49.760955107273084, -97.15873599867524 49.76097933017993, -97.15870419518821 49.76102091352854, -97.1586433351579 49.76102552190344, -97.15857972576455 49.76099087548694, -97.15854771441151 49.76092309622928, -97.15847307935616 49.76083494383523, -97.15843216033751 49.76077259880284, -97.15842972235384 49.76072210728771, -97.15837014518198 49.760695888687266, -97.15830939996376 49.76070049871066, -97.15824345492653 49.76072750942175, -97.15818227508079 49.76074056622672, -97.1581134753693 49.760731108359145, -97.15804583852831 49.76068794383991, -97.15795964880259 49.76067811939677, -97.15788129544843 49.76068811498128, -97.15780814207075 49.76067570981454, -97.15778842566611 49.76062494347134, -97.15782151250868 49.760552533551426, -97.15783253723157 49.7604882264946, -97.15780445319272 49.76043166125047, -97.15772801132029 49.76039123437322, -97.15755616116954 49.76035765365195, -97.1574438547275 49.760361689316575, -97.15735307204912 49.76083098117196, -97.15665836418503 49.761435702650544, -97.155723698561 49.7619570235949, -97.15438914270503 49.76325392893095, -97.15418515616842 49.76329123933663, -97.15474830858105 49.76407037572512, -97.15777922144505 49.7682592005053, -97.15849324310886 49.76924466105203, -97.15867786390189 49.7691802151166, -97.15906888741999 49.76904371823453, -97.15939871956361 49.768928580938336, -97.15973282593724 49.768811949050786, -97.15978329195785 49.768836718466254, -97.16000392075519 49.768945003708495, -97.16003554860147 49.76896135201949, -97.16009152844988 49.76899472487914, -97.16014233267623 49.769031407234685, -97.16018749702592 49.76907106388777, -97.16022660877789 49.76911333246034, -97.16025148541924 49.769145868345824, -97.1602840458899 49.76919022643508, -97.1603194694001 49.76923365442357, -97.16041397579221 49.76933300220368, -97.16050786047477 49.76942196499291, -97.1606059232448 49.76951488626329, -97.16068671319546 49.76959143993794, -97.16121263883441 49.769264306780364, -97.16181638088041 49.76899947044209, -97.16182192147907 49.76899735070965, -97.16249856526761 49.768787445350384, -97.16322963914291 49.76867828552683, -97.16397987179742 49.768675137775446, -97.1647130679279 49.76877815401615, -97.16496448005059 49.76881633862295, -97.16522264252569 49.76882022282937, -97.16547652106783 49.7687896406119, -97.16571526451652 49.76872589909719)))", "lon": -97.161157009462258, "lat": 49.765294396104956 }, "geometry": { "type": "Polygon", "coordinates": [ [ [ -97.1657153, 49.7687259 ], [ -97.1606867, 49.7695914 ], [ -97.1597328, 49.7688119 ], [ -97.1584932, 49.7692447 ], [ -97.1541852, 49.7632912 ], [ -97.1574439, 49.7603617 ], [ -97.1612962, 49.7614434 ], [ -97.163396, 49.7632844 ], [ -97.16734, 49.7648207 ], [ -97.1693687, 49.7671626 ], [ -97.1657153, 49.7687259 ] ] ] } },
{ "type": "Feature", "properties": { "ID": 178, "Name": "Parker", "Cluster": "Fort Garry North", "Location": "MULTIPOLYGON (((-97.17615035641555 49.850537882085604, -97.17887194168459 49.85028344911984, -97.17930728343528 49.84687982752853, -97.17617608863709 49.84684601999883, -97.17449958144783 49.8468451803405, -97.17419280160011 49.84686069537841, -97.17382769366178 49.846910787520066, -97.17375481133946 49.84678731953772, -97.17246557105331 49.845188552108894, -97.17080046144746 49.84575172559174, -97.17030047625188 49.845920810035146, -97.16178898343279 49.8487987007918, -97.16208215886 49.849162855152, -97.15995344646814 49.84988195948288, -97.15581991836238 49.85127814017718, -97.15586687989783 49.85133648244017, -97.1556535580379 49.85140852772667, -97.15561901527076 49.85142024253904, -97.15525115939447 49.85154454704906, -97.15524909471775 49.85154524548212, -97.15387804274293 49.85200853381106, -97.15383135966619 49.85202430778392, -97.15373728166755 49.85205609709438, -97.15348936611723 49.852139866241146, -97.15343955826069 49.852156695762616, -97.15343385443016 49.852219583843144, -97.15201010542503 49.85263662581719, -97.1524311168724 49.85418038954416, -97.15265137122894 49.853970587125794, -97.15354544900657 49.853144510219934, -97.15424490258444 49.85280486759624, -97.15507439131379 49.85256895144148, -97.15593646627164 49.85243365014985, -97.1570486671046 49.85231803637829, -97.17615035641555 49.850537882085604)))", "lon": -97.168257655288329, "lat": 49.849359356453753 }, "geometry": { "type": "Polygon", "coordinates": [ [ [ -97.1788719, 49.8502834 ], [ -97.1559365, 49.8524337 ], [ -97.1524311, 49.8541804 ], [ -97.1520101, 49.8526366 ], [ -97.1724656, 49.8451886 ], [ -97.1738277, 49.8469108 ], [ -97.1793073, 49.8468798 ], [ -97.1788719, 49.8502834 ] ] ] } },
{ "type": "Feature", "properties": { "ID": 856, "Name": "Peguis", "Cluster": "Transcona", "Location": "MULTIPOLYGON (((-97.05677171343187 49.91057969556729, -97.0568790843468 49.91042217036172, -97.0582062757599 49.90847493588027, -97.05906129057936 49.907768349793976, -97.06151109748168 49.906938551826634, -97.06322541394927 49.90595505477909, -97.06618689182206 49.90257827614548, -97.06206894770703 49.90117067631436, -97.06199332074262 49.901265721192885, -97.06199121423762 49.90126810565181, -97.05646233173734 49.899430259154286, -97.05651141993594 49.89936862613726, -97.05534863163834 49.89898118364677, -97.05268469719209 49.89816806134252, -97.05249503848778 49.89810513239547, -97.05060138411386 49.89747678439185, -97.04906439345372 49.89696674918933, -97.0487456650508 49.896860978437196, -97.04852196521826 49.89678660246964, -97.03941816161769 49.89918210784945, -97.03921901288432 49.899234495070836, -97.03518870563688 49.9002936763912, -97.03468806706321 49.90042781367663, -97.03435278001831 49.900519891518954, -97.03356424219054 49.90074389387393, -97.03320755442682 49.9008477433913, -97.03323265323026 49.900975698682025, -97.03325217237712 49.90107520809124, -97.03327556080704 49.9011944302519, -97.03327918268445 49.90121289658675, -97.03334513775917 49.901549114724936, -97.03339025424447 49.90177909790039, -97.03341693411238 49.90191510135314, -97.03344361415606 49.90205110389965, -97.0334702943024 49.902187107337696, -97.03349697458795 49.90232311076839, -97.03352365504927 49.90245911329284, -97.03353496798728 49.90251677941807, -97.03355033700495 49.90259511673244, -97.03357701774472 49.9027311192422, -97.03360369858714 49.90286712264348, -97.03363037956879 49.90300312603741, -97.0336570607262 49.903139128525105, -97.0336837419863 49.90327513190433, -97.03371042342218 49.903411134377315, -97.03371307215772 49.9034246332799, -97.03373710496072 49.903547137741846, -97.03377883793895 49.903759855657164, -97.03383028566721 49.904022096241306, -97.0338332724395 49.904037318937334, -97.0338652036243 49.90420007727199, -97.0338945486139 49.90434965078705, -97.03390803582506 49.9044183952175, -97.0339508469282 49.904635939201555, -97.03399367274383 49.90485429476815, -97.03402559822995 49.9050170808211, -97.03407280725986 49.905257780745245, -97.03411890197832 49.9054928074228, -97.03414556465556 49.90562874465455, -97.03416151554177 49.90571007268389, -97.03417222608009 49.905764681855345, -97.03419888768022 49.90590061814991, -97.03424568284427 49.90613920429243, -97.03429137541383 49.90637217046129, -97.03432347029647 49.906535802997034, -97.0343238857326 49.9065379175927, -97.03437679653241 49.90680767731687, -97.0344075857809 49.90696465649192, -97.03440970279402 49.906975449623566, -97.03441780927608 49.90710152112202, -97.03442661189919 49.90723842642079, -97.034435414561 49.90737533171645, -97.03445160102585 49.907627070360675, -97.03445887858727 49.907740268399714, -97.03446943356212 49.907904411755936, -97.03448746885796 49.908184923746276, -97.03448920211878 49.90821187365297, -97.03449042886326 49.90823093167063, -97.03450684630911 49.9084860788308, -97.03450973947082 49.90853105927878, -97.03451739132873 49.90864995933677, -97.03452074003705 49.90870199606251, -97.03453361835209 49.908902155554735, -97.03445261610521 49.914186590913346, -97.03573361052227 49.91397937323745, -97.04704173462574 49.912154855692286, -97.04746484871733 49.91208637810134, -97.05677171343187 49.91057969556729)))", "lon": -97.047357053149227, "lat": 49.905200910122069 }, "geometry": { "type": "Polygon", "coordinates": [ [ [ -97.0567717, 49.9105797 ], [ -97.0344526, 49.9141866 ], [ -97.0344097, 49.9069754 ], [ -97.0332076, 49.9008477 ], [ -97.048522, 49.8967866 ], [ -97.0661869, 49.902578299999988 ], [ -97.0632254, 49.9059551 ], [ -97.0582063, 49.908474899999987 ], [ -97.0567717, 49.9105797 ] ] ] } },
{ "type": "Feature", "properties": { "ID": 1450, "Name": "Pembina Strip", "Cluster": "Fort Garry North", "Location": "MULTIPOLYGON (((-97.15668110307327 49.81867398040169, -97.15275557872094 49.819872412594904, -97.15097897341536 49.82012956576084, -97.14679394853059 49.82094727913431, -97.1438419231528 49.82145088065504, -97.14272349505347 49.82164165669384, -97.14284490330222 49.8219434820469, -97.14309134998106 49.822355277827114, -97.14348559489117 49.82284729216203, -97.14412397108467 49.82348648412264, -97.1455177918341 49.824826131040126, -97.14684299368304 49.826175711708224, -97.14778156178255 49.827227584612224, -97.14817207066103 49.82787294352841, -97.14841151365793 49.82841475027087, -97.14853206119216 49.828870517664306, -97.1485260380593 49.829028256243944, -97.14964292886432 49.82865019267858, -97.15072118758603 49.828285189985486, -97.15087691215273 49.82823247417486, -97.15183488537603 49.82790817431823, -97.15208881401375 49.8278222105298, -97.15191990287526 49.8289207864387, -97.15181939095842 49.82923232269841, -97.15213869156169 49.82912426850132, -97.15286410471728 49.82887877705826, -97.15486131023759 49.828202851999336, -97.15564172328185 49.827938718566706, -97.15585846608896 49.82786536001888, -97.15668110307327 49.81867398040169)))", "lon": -97.150986343015205, "lat": 49.823901512026254 }, "geometry": { "type": "Polygon", "coordinates": [ [ [ -97.1566811, 49.818674 ], [ -97.1558585, 49.8278654 ], [ -97.1518194, 49.8292323 ], [ -97.1520888, 49.8278222 ], [ -97.148526, 49.8290283 ], [ -97.1477816, 49.8272276 ], [ -97.1427235, 49.8216417 ], [ -97.1566811, 49.818674 ] ] ] } },
{ "type": "Feature", "properties": { "ID": 1652, "Name": "Perrault", "Cluster": "Fort Garry South", "Location": "MULTIPOLYGON (((-97.15193191501191 49.74059343912753, -97.15238177213301 49.740564118526386, -97.152852055051 49.74057072074183, -97.15332318319183 49.74060826195245, -97.15370398962708 49.74065176971909, -97.1538565341937 49.740662297206306, -97.15405349656095 49.74069548082509, -97.15442431588686 49.740797258805614, -97.15480013680312 49.74087807705747, -97.15498997795625 49.740962809647556, -97.15531528489707 49.741095723797855, -97.15588076076656 49.74130082522489, -97.15606145998082 49.741330688067265, -97.15625315589175 49.74135532856284, -97.15644391531751 49.74134757104092, -97.15677229929047 49.74125295098361, -97.15682753138758 49.7412076549687, -97.15689875671697 49.74117580562304, -97.15718793411571 49.740929575459425, -97.1572339200661 49.74071900687658, -97.15727370725372 49.74062136996268, -97.1572865145238 49.74052770584894, -97.15735003985066 49.740328460570424, -97.15733413726504 49.740198656580745, -97.15727303751294 49.740101414885885, -97.15723770335372 49.73992304223411, -97.1571889649276 49.73977578827828, -97.15719181756957 49.739593232770645, -97.1571761568616 49.739551768315025, -97.15722208621575 49.73940290301559, -97.15720144820378 49.73933902438797, -97.15736226293544 49.73905355838751, -97.15736994508093 49.739001297864704, -97.15742497037283 49.73891990349614, -97.15744592951634 49.738853340322045, -97.15762631640496 49.73858349317253, -97.15856827931559 49.73732351717613, -97.15941217416582 49.73619465427174, -97.16074056185896 49.73583979434377, -97.16167336069532 49.73554040647885, -97.16225623647193 49.73541547772107, -97.16336375107753 49.735225658406414, -97.16395291702906 49.73500048688153, -97.16412359190298 49.734920997860556, -97.16490014423653 49.73453126703292, -97.16520005499784 49.73434440067494, -97.16550118853874 49.73412573390116, -97.16585060386832 49.73390623973048, -97.16592107041879 49.73385406859016, -97.16671337576506 49.73334863426849, -97.16744147520428 49.73315259061855, -97.16792726979419 49.73315906569435, -97.1680157959131 49.73316834595341, -97.16821642330568 49.73318434639821, -97.16835463506075 49.73318230458839, -97.16858800364759 49.73314794441212, -97.16897466353002 49.733026776935546, -97.16921877581952 49.73288021265089, -97.169436498093 49.73263618963657, -97.16946724671725 49.732584672251946, -97.16951606029963 49.732514263783294, -97.16954480593641 49.73243809758833, -97.1695771993536 49.732264966564294, -97.16956045563857 49.732170853069135, -97.16952950954753 49.732082408974115, -97.16945333028285 49.73195063253034, -97.16934857618229 49.7318347258703, -97.1692570190611 49.731739883038834, -97.16917680030336 49.731641138998924, -97.1690898472339 49.731572664632026, -97.16897681887819 49.7314973661492, -97.15207175092797 49.737356043822764, -97.15121901760828 49.737651466906634, -97.14970815770646 49.738174866707176, -97.14526154809134 49.73971510461361, -97.1405864651889 49.74133419100775, -97.13874048879781 49.741973410948326, -97.13832458431166 49.74211729498709, -97.13740267083033 49.742436507454485, -97.13834273759743 49.74404674139952, -97.14187107104877 49.749117302265844, -97.14597057927087 49.75509380900225, -97.1482772056277 49.757868004951725, -97.14915407158581 49.75892161576635, -97.1523503588233 49.763702549313194, -97.15296003253155 49.763720898101106, -97.15324835695405 49.763687545825874, -97.15399576244823 49.7633487286211, -97.15418515616842 49.76329123933663, -97.15438914270503 49.76325392893095, -97.155723698561 49.7619570235949, -97.15665836418503 49.761435702650544, -97.15735307204912 49.76083098117196, -97.1574438547275 49.760361689316575, -97.15747387946384 49.76023871159398, -97.15743112482583 49.75982613546054, -97.15732344276756 49.75957989285325, -97.15718039260923 49.759399818175915, -97.15685004461679 49.759119634624255, -97.1558253224168 49.75872677126697, -97.15409094913606 49.75866937536558, -97.15193327100569 49.75886546818749, -97.15129086647195 49.758599714761296, -97.15114091857974 49.75813506208742, -97.15226168612585 49.75687711749255, -97.152370455857 49.756751644222504, -97.15244960204267 49.756675469878566, -97.15257298809054 49.756573966323685, -97.15275195928403 49.756419721914675, -97.15278378677546 49.756397692307374, -97.1539714079376 49.75502452589213, -97.15403785933644 49.75447366753606, -97.15393905712766 49.75301280920007, -97.15364156735329 49.752407605526386, -97.15358955148274 49.75235142614266, -97.15351365585289 49.75227497772187, -97.15344745949572 49.75221614996083, -97.15336959389927 49.75213698294628, -97.15328192760528 49.75204288062305, -97.15316975004684 49.7519389825751, -97.1530346237644 49.751838749089295, -97.15286654406896 49.751732615717735, -97.15264524668675 49.75160816719819, -97.15254138797103 49.751557776181855, -97.15246199880188 49.751519257366816, -97.1522331596286 49.751429619894566, -97.15200158550601 49.75135740440411, -97.15178815287908 49.751298913388844, -97.15156218456426 49.751242909001725, -97.1513357573106 49.75119898874627, -97.1510881474579 49.751166821795245, -97.15086701888153 49.751147169008505, -97.15066292890839 49.75111569596053, -97.1504864947513 49.75106585456361, -97.15045205634294 49.75105416290299, -97.15034114609242 49.751016509342065, -97.15019641073103 49.75095105119469, -97.15007296107503 49.75087115386035, -97.14996887806176 49.75077275611799, -97.14988178281362 49.750663881287544, -97.14982405810514 49.75054607076384, -97.14981015887066 49.7504208990526, -97.14981618780844 49.75026245706453, -97.14983337321537 49.750137781917864, -97.14982869229588 49.75003617774704, -97.1498265595002 49.74998988312428, -97.14984683887543 49.749838386496144, -97.1498847692705 49.749658957379296, -97.14989682180044 49.749600940800825, -97.1499097835627 49.74954649917753, -97.14994201399128 49.749462370685166, -97.14996979324111 49.74938623235256, -97.14999918489852 49.74932221167426, -97.15002059391935 49.7492500022099, -97.15004356429479 49.74919125313184, -97.15006477745291 49.74912852867516, -97.15008106258871 49.74907765074842, -97.15012979035708 49.748941387444255, -97.15014628828808 49.74888925269046, -97.15015262925971 49.748831581526275, -97.15016073597909 49.748781999834925, -97.15017096600504 49.74873110851078, -97.1501788683678 49.748686897734466, -97.1501778465441 49.748677363498224, -97.15017392609685 49.74864132164569, -97.1501755667325 49.748610230739764, -97.15019491892191 49.748568633321064, -97.15024421270249 49.74843081804436, -97.15028617328734 49.748185381004944, -97.1502437950889 49.74769248975297, -97.15025139720109 49.747419879320915, -97.15016447706266 49.74745033322537, -97.15053331037822 49.746091253425206, -97.15064342664871 49.74605277261304, -97.15083391309915 49.74571796365533, -97.15098350191666 49.74557918114138, -97.15115737039267 49.745425385941516, -97.15127449207519 49.745302222038084, -97.15143827559828 49.74508355396782, -97.1516207432409 49.74487756758418, -97.15166330966615 49.74475072439754, -97.15164753644795 49.74458136254309, -97.1516598810058 49.744549595167385, -97.15163489874777 49.744468365295916, -97.15156617730716 49.744360285190055, -97.15151938039143 49.74426448447046, -97.15144569118097 49.744158064242505, -97.15108354799918 49.743732501729355, -97.15090649545803 49.74358995396321, -97.15054675767733 49.74344474247182, -97.15042488437719 49.743377455830746, -97.14976706176516 49.7430204775921, -97.14972839755187 49.742964380950006, -97.14934420584474 49.74240695656669, -97.1493278063891 49.74224461140534, -97.14928791075168 49.74184966364447, -97.14932830109655 49.741806771293234, -97.14981942653587 49.74128521427519, -97.15005807040053 49.741109442240095, -97.15037529468506 49.74091269124177, -97.15041102085175 49.74089582636881, -97.15072039866426 49.74074978383603, -97.15114712346333 49.740676374836234, -97.15171321296926 49.74062991009856, -97.15193191501191 49.74059343912753)))", "lon": -97.14957334151876, "lat": 49.747178319510084 }, "geometry": { "type": "Polygon", "coordinates": [ [ [ -97.1519319, 49.7405934 ], [ -97.1492879, 49.741849699999989 ], [ -97.1516599, 49.7445496 ], [ -97.1505333, 49.7460913 ], [ -97.149824099999989, 49.7505461 ], [ -97.1532819, 49.7520429 ], [ -97.1540379, 49.7544737 ], [ -97.1511409, 49.7581351 ], [ -97.15193330000001, 49.7588655 ], [ -97.155825299999989, 49.7587268 ], [ -97.1574739, 49.7602387 ], [ -97.154389099999989, 49.7632539 ], [ -97.15296, 49.7637209 ], [ -97.145970600000012, 49.7550938 ], [ -97.1374027, 49.7424365 ], [ -97.1689768, 49.7314974 ], [ -97.1695295, 49.7320824 ], [ -97.1689747, 49.7330268 ], [ -97.1594122, 49.7361947 ], [ -97.1574459, 49.7388533 ], [ -97.1567723, 49.741253 ], [ -97.1519319, 49.7405934 ] ] ] } },
{ "type": "Feature", "properties": { "ID": 1348, "Name": "Point Road", "Cluster": "Fort Garry North", "Location": "MULTIPOLYGON (((-97.14332487721096 49.85013538937131, -97.14344383060234 49.8501476600319, -97.14383300480807 49.850213386159226, -97.1444416663642 49.85041690772122, -97.14491551202643 49.85067436062592, -97.14521772725618 49.850986007205925, -97.14538351761982 49.85135921131757, -97.14542882622031 49.85175513388179, -97.14531026707569 49.852173930597935, -97.14504400073982 49.852607916871754, -97.14468941898201 49.85300878058542, -97.14461363870502 49.853060862509636, -97.14506882739884 49.85362403943044, -97.14534598167943 49.85396693816538, -97.145439898475 49.85393520612882, -97.14545868409692 49.85392885880477, -97.14557137359643 49.853890782948234, -97.14562773034555 49.85387174090144, -97.1456840873137 49.85385269915173, -97.14579867473876 49.85381398240532, -97.14581556308593 49.853808276284525, -97.1460033939498 49.85374481133465, -97.14603307744719 49.85373478175678, -97.14613112029716 49.85370165436979, -97.14625499993659 49.85365979704105, -97.14664710433945 49.85414489282895, -97.1519346105842 49.85235979145012, -97.15270760805574 49.85010784957865, -97.15288622251585 49.8481085877331, -97.15313355201818 49.845339871235225, -97.15339690799286 49.84239134434038, -97.15346201827545 49.841662307165336, -97.15348857623476 49.84136493148403, -97.13973959671422 49.84601793681904, -97.13868392418428 49.84637507960018, -97.13874875490549 49.84645529377661, -97.13965686031885 49.84757884911023, -97.14199482210392 49.84774550037275, -97.14375841274192 49.84845248320491, -97.14440033693622 49.84824351786486, -97.14447920201579 49.84834108518583, -97.14471816861608 49.84863676217473, -97.1441619091977 49.848824742410486, -97.1444167995061 49.84914056431876, -97.14448162127483 49.84922087961392, -97.1435697940037 49.84952908832184, -97.14332487721096 49.85013538937131)))", "lon": -97.147923990403186, "lat": 49.847715797358518 }, "geometry": { "type": "Polygon", "coordinates": [ [ [ -97.1433249, 49.8501354 ], [ -97.1444816, 49.8492209 ], [ -97.1444003, 49.8482435 ], [ -97.1396569, 49.8475788 ], [ -97.1386839, 49.8463751 ], [ -97.153488599999989, 49.8413649 ], [ -97.1519346, 49.8523598 ], [ -97.145346, 49.8539669 ], [ -97.1446136, 49.8530609 ], [ -97.145217699999989, 49.850986 ], [ -97.1433249, 49.8501354 ] ] ] } },
{ "type": "Feature", "properties": { "ID": 97, "Name": "Polo Park", "Cluster": "Downtown West", "Location": "MULTIPOLYGON (((-97.19310763547833 49.89399488250737, -97.20154280386143 49.89425285948423, -97.20155367769844 49.894116729159215, -97.20169472441015 49.892350874211374, -97.20191925979653 49.88953945906369, -97.20209216642762 49.8873754094681, -97.2023359630114 49.88432126341041, -97.20333650187008 49.88436159390994, -97.20333323984522 49.8843980609195, -97.20399562527618 49.884423342205594, -97.2040724154423 49.883566675437706, -97.20617538224855 49.88364690249156, -97.20632989354057 49.88193097245303, -97.20485229001936 49.879636697466005, -97.1941068896176 49.88156743795225, -97.19310763547833 49.89399488250737)))", "lon": -97.19864417517114, "lat": 49.886856027987896 }, "geometry": { "type": "Polygon", "coordinates": [ [ [ -97.1931076, 49.8939949 ], [ -97.1941069, 49.8815674 ], [ -97.2048523, 49.8796367 ], [ -97.2063299, 49.881931 ], [ -97.2061754, 49.8836469 ], [ -97.202336, 49.8843213 ], [ -97.2015428, 49.8942529 ], [ -97.1931076, 49.8939949 ] ] ] } },
{ "type": "Feature", "properties": { "ID": 1046, "Name": "Portage & Main", "Cluster": "Downtown East", "Location": "MULTIPOLYGON (((-97.13872620732226 49.89300558751, -97.13728630691162 49.89333130437315, -97.13752129097271 49.89376477487937, -97.13694442962024 49.893789409289205, -97.13501096716749 49.893178157092514, -97.13494649374434 49.89341557122927, -97.13484063914832 49.893651684892966, -97.13450637004546 49.89409290383642, -97.13433624778732 49.89425630958313, -97.13406709438927 49.89446424107562, -97.1338472617753 49.89460189386009, -97.13353523720495 49.89476003962232, -97.13286520402099 49.89500014439903, -97.13246159064524 49.89510711533426, -97.13717944703178 49.89619580715831, -97.1388411620405 49.89646666373205, -97.13898968796578 49.89645202916661, -97.13950923009332 49.89640096571928, -97.13956647858411 49.89639529962397, -97.13952521221988 49.896220349359574, -97.13959532410753 49.895976680045116, -97.13982876372754 49.89567187001522, -97.14002596657238 49.89573486482803, -97.1400464789516 49.89570739740123, -97.1402351875877 49.895462845323735, -97.14029757928374 49.895381987436956, -97.13995187731027 49.89527104066825, -97.13981744644234 49.89502265001682, -97.13872620732226 49.89300558751)))", "lon": -97.136976220608574, "lat": 49.894829685663566 }, "geometry": { "type": "Polygon", "coordinates": [ [ [ -97.1387262, 49.8930056 ], [ -97.140297600000011, 49.895382 ], [ -97.1395665, 49.8963953 ], [ -97.1324616, 49.8951071 ], [ -97.135011, 49.8931782 ], [ -97.137521299999989, 49.8937648 ], [ -97.1387262, 49.8930056 ] ] ] } },
{ "type": "Feature", "properties": { "ID": 179, "Name": "Portage-Ellice", "Cluster": "Downtown East", "Location": "MULTIPOLYGON (((-97.15086574062387 49.89093332108576, -97.13981744644234 49.89502265001682, -97.13995187731027 49.89527104066825, -97.14029757928374 49.895381987436956, -97.14131201441351 49.89570744330767, -97.15017666853913 49.89369861250622, -97.1522583510509 49.89325735836684, -97.15215068793061 49.89298899436726, -97.15165666845671 49.89238142729738, -97.15086574062387 49.89093332108576)))", "lon": -97.146750600644282, "lat": 49.893500647694552 }, "geometry": { "type": "Polygon", "coordinates": [ [ [ -97.1508657, 49.8909333 ], [ -97.1522584, 49.8932574 ], [ -97.141312, 49.8957074 ], [ -97.1398174, 49.8950227 ], [ -97.1508657, 49.8909333 ] ] ] } },
{ "type": "Feature", "properties": { "ID": 1727, "Name": "Prairie Pointe", "Cluster": "Fort Garry South", "Location": "MULTIPOLYGON (((-97.21397775141665 49.76810548482661, -97.18800927444475 49.7681789370094, -97.18549057140527 49.768230153332226, -97.182919126657 49.76846440390897, -97.18252342676541 49.76854345419566, -97.19227502752739 49.78492001531575, -97.19271112904237 49.78477108168073, -97.19297391285748 49.78468133570794, -97.19314722655889 49.78462214544967, -97.19407399445357 49.78430562740442, -97.19589233419707 49.78368457794722, -97.19946330079546 49.78246479326399, -97.20814382323039 49.779498945609724, -97.21354848041719 49.77765183670638, -97.21396741710615 49.7775086455191, -97.21397609447024 49.768653596239595, -97.21397775141665 49.76810548482661)))", "lon": -97.199144587864183, "lat": 49.774613317040249 }, "geometry": { "type": "Polygon", "coordinates": [ [ [ -97.2139778, 49.7681055 ], [ -97.2139674, 49.7775086 ], [ -97.192275, 49.78492 ], [ -97.1825234, 49.7685435 ], [ -97.2139778, 49.7681055 ] ] ] } },
{ "type": "Feature", "properties": { "ID": 1389, "Name": "Pulberry", "Cluster": "St. Vital North", "Location": "MULTIPOLYGON (((-97.13187800132664 49.83591750030612, -97.13171440174474 49.83570736362019, -97.13131397697546 49.835084736411325, -97.13111609769017 49.834593708047656, -97.13108367956707 49.8341053480562, -97.13123081370661 49.83342440901751, -97.13146719568236 49.832984578091754, -97.13176385715977 49.83265110500726, -97.1321389081606 49.83232909348736, -97.1328846868405 49.83186517398646, -97.13377257432471 49.83149787641128, -97.1346412662733 49.83125349719929, -97.13560474594199 49.83114066991195, -97.136486709121 49.831165905732, -97.1376519883278 49.83127217879614, -97.13878012414169 49.83142203779964, -97.13951972268944 49.83156224853879, -97.14062682720473 49.8318154383976, -97.14216661762381 49.83209255348318, -97.1429306535627 49.832212736780264, -97.14368573726466 49.83225798130644, -97.14464232073352 49.83222230834041, -97.14560320497777 49.83210850646253, -97.14640625636542 49.831930130038586, -97.14686304733772 49.831770007922636, -97.14728655633895 49.831552409279084, -97.14766248548415 49.831238860881854, -97.14800856760132 49.83084664439787, -97.1482489189151 49.8304017439041, -97.14846175870538 49.829817021394035, -97.14851344468768 49.82935805693235, -97.1485260380593 49.829028256243944, -97.14853206119216 49.828870517664306, -97.14841151365793 49.82841475027087, -97.14817207066103 49.82787294352841, -97.14778156178255 49.827227584612224, -97.14684299368304 49.826175711708224, -97.1455177918341 49.824826131040126, -97.14412397108467 49.82348648412264, -97.14348559489117 49.82284729216203, -97.14309134998106 49.822355277827114, -97.14284490330222 49.8219434820469, -97.14272349505347 49.82164165669384, -97.14172578468148 49.821873323254515, -97.13911157268096 49.82255074488572, -97.11504590377434 49.830709022948554, -97.11513146479909 49.83138023984784, -97.11304639208852 49.83580566457516, -97.11361398129604 49.83591839989763, -97.11384259484218 49.83601412271735, -97.11399646818582 49.83612382730422, -97.11413576967674 49.83628680462154, -97.11433864232079 49.8365391658897, -97.11779953800854 49.8407522742796, -97.1295862445076 49.836704227553156, -97.13100075841473 49.836218653664595, -97.13187800132664 49.83591750030612)))", "lon": -97.130273205976735, "lat": 49.830840223982939 }, "geometry": { "type": "Polygon", "coordinates": [ [ [ -97.131878, 49.8359175 ], [ -97.1177995, 49.8407523 ], [ -97.1130464, 49.8358057 ], [ -97.1150459, 49.830709 ], [ -97.1427235, 49.8216417 ], [ -97.1481721, 49.8278729 ], [ -97.1482489, 49.8304017 ], [ -97.1464063, 49.8319301 ], [ -97.1429307, 49.8322127 ], [ -97.1356047, 49.8311407 ], [ -97.1328847, 49.8318652 ], [ -97.1312308, 49.8334244 ], [ -97.131878, 49.8359175 ] ] ] } },
{ "type": "Feature", "properties": { "ID": 882, "Name": "Radisson", "Cluster": "Transcona", "Location": "MULTIPOLYGON (((-97.02541826215332 49.898412214636394, -97.01620739924225 49.89835682091814, -97.01624335660549 49.9007973315202, -97.00264580554393 49.900717812341625, -97.00254457977562 49.90617249406179, -97.00250585560671 49.9082656297882, -97.00247800428586 49.90978340594143, -97.00689045850588 49.908501355738295, -97.00748149973353 49.90832959811617, -97.01394273874656 49.90645164789033, -97.02540335046375 49.903119448788985, -97.02544440353672 49.90071107357864, -97.02541826215332 49.898412214636394)))", "lon": -97.013058473250766, "lat": 49.903302089374755 }, "geometry": { "type": "Polygon", "coordinates": [ [ [ -97.0254183, 49.8984122 ], [ -97.0254034, 49.903119399999987 ], [ -97.002478, 49.9097834 ], [ -97.0026458, 49.900717799999988 ], [ -97.0162434, 49.9007973 ], [ -97.0162074, 49.8983568 ], [ -97.0254183, 49.8984122 ] ] ] } },
{ "type": "Feature", "properties": { "ID": 964, "Name": "Regent", "Cluster": "Transcona", "Location": "MULTIPOLYGON (((-97.06895236112479 49.89834490483042, -97.06904244502697 49.89817009191303, -97.06933819226714 49.897484019775725, -97.06994193770196 49.89636488203512, -97.07074352572918 49.89522347860447, -97.07116535532109 49.89417362478468, -97.06390049796339 49.89287393087965, -97.06359928817764 49.892820032704435, -97.05342820375229 49.89549882875543, -97.04289651029491 49.893629865010446, -97.02536387689835 49.893615616763725, -97.0253821194677 49.89520513204363, -97.02541826215332 49.898412214636394, -97.02544440353672 49.90071107357864, -97.02540335046375 49.903119448788985, -97.03320755442682 49.9008477433913, -97.03356424219054 49.90074389387393, -97.03435278001831 49.900519891518954, -97.03468806706321 49.90042781367663, -97.03518870563688 49.9002936763912, -97.03921901288432 49.899234495070836, -97.03941816161768 49.89918210784945, -97.04852196521826 49.89678660246964, -97.0487456650508 49.896860978437196, -97.04906439345372 49.89696674918933, -97.05060138411386 49.89747678439185, -97.05249503848778 49.89810513239547, -97.05268469719209 49.89816806134252, -97.05534863163834 49.89898118364677, -97.05651141993594 49.89936862613726, -97.05646233173734 49.899430259154286, -97.06199121423762 49.90126810565181, -97.06199332074262 49.901265721192885, -97.06206894770702 49.90117067631436, -97.06618689182206 49.90257827614548, -97.06713064265465 49.90150206156387, -97.06757452544196 49.90091195528294, -97.06802057510033 49.900267328446226, -97.068343792133 49.89952583136423, -97.06895236112479 49.89834490483042)))", "lon": -97.047034842957004, "lat": 49.897083078921128 }, "geometry": { "type": "Polygon", "coordinates": [ [ [ -97.0711654, 49.8941736 ], [ -97.0661869, 49.902578299999988 ], [ -97.048522, 49.8967866 ], [ -97.0254034, 49.903119399999987 ], [ -97.0253639, 49.8936156 ], [ -97.0428965, 49.8936299 ], [ -97.0534282, 49.8954988 ], [ -97.0635993, 49.89282 ], [ -97.0711654, 49.8941736 ] ] ] } },
{ "type": "Feature", "properties": { "ID": 1750, "Name": "Richmond Lakes", "Cluster": "Fort Garry South", "Location": "MULTIPOLYGON (((-97.16571526451652 49.76872589909719, -97.16547652106783 49.7687896406119, -97.16522264252569 49.76882022282937, -97.16496448005059 49.76881633862295, -97.1647130679279 49.76877815401615, -97.16397987179742 49.768675137775446, -97.16322963914291 49.76867828552683, -97.16249856526761 49.768787445350384, -97.16182192147907 49.76899735070965, -97.16181638088041 49.76899947044209, -97.16121263883441 49.769264306780364, -97.16068671319546 49.76959143993794, -97.1606059232448 49.76951488626329, -97.16050786047478 49.76942196499291, -97.16041397579221 49.76933300220368, -97.1603194694001 49.76923365442357, -97.1602840458899 49.76919022643508, -97.16025148541924 49.769145868345824, -97.16022660877789 49.76911333246034, -97.16018749702592 49.76907106388777, -97.16014233267623 49.769031407234685, -97.16009152844988 49.76899472487914, -97.16003554860147 49.76896135201949, -97.16000392075519 49.768945003708495, -97.15978329195785 49.768836718466254, -97.15973282593725 49.768811949050786, -97.15939871956361 49.768928580938336, -97.15906888741999 49.76904371823453, -97.15867786390189 49.7691802151166, -97.15849324310886 49.76924466105203, -97.15954300499439 49.77069535409928, -97.16008997616656 49.771589700920394, -97.16047085111654 49.772543417976046, -97.16066198654056 49.77349721062709, -97.16066961338832 49.774482457651125, -97.16056205705321 49.775678888086134, -97.17373485347892 49.77107071662253, -97.17375710568588 49.77045024508962, -97.17375963982342 49.76968809992027, -97.17380370693117 49.7689970272922, -97.17394135870389 49.76844241993692, -97.17448080944547 49.76758702298249, -97.17513403978576 49.766811658127295, -97.17563797040492 49.76639196298713, -97.17622196165314 49.76599295187412, -97.17689385203903 49.76555826879371, -97.17720068438459 49.765358319438015, -97.17766706289741 49.76498335098679, -97.17726432178422 49.76510365146157, -97.17550140711757 49.765719778725156, -97.173967519588 49.765713079835244, -97.17373950212055 49.765635197460576, -97.17337172664013 49.76576372947697, -97.17256407189943 49.76548764470179, -97.17167681274505 49.76614128468494, -97.17140957046963 49.767149684110905, -97.171021552483 49.76728526608681, -97.17099444862167 49.76738767631099, -97.17074254586977 49.76738275664139, -97.17027699816437 49.767545424031326, -97.16999951314583 49.76744684299026, -97.16967413181379 49.76705587824835, -97.16936866245975 49.76716261805409, -97.16899623273224 49.76729275377879, -97.16877277367838 49.76737083444239, -97.16860415366031 49.76742975398938, -97.16844408549035 49.76748568359318, -97.1684003421498 49.76750096913125, -97.16828401692226 49.767541613869945, -97.16815596293621 49.76758635740679, -97.1681239479899 49.76759754392072, -97.16796388011512 49.76765347286864, -97.16786270532378 49.76768882387899, -97.16780381045426 49.76770940246767, -97.16764374042913 49.76776533184079, -97.1675816676483 49.76778702042261, -97.16750835311672 49.767812636521256, -97.16745577404697 49.76783100758944, -97.16727881669719 49.76789283638032, -97.16716009570852 49.76793431731955, -97.16708331025677 49.767961145648975, -97.16691224166294 49.768020916319706, -97.16690343878358 49.768023991692836, -97.16690217218213 49.76802443419256, -97.16675339121453 49.76807641670843, -97.16660431577803 49.76812850231541, -97.1664552414475 49.76818058684943, -97.16633225366748 49.76822355635174, -97.16650498538155 49.76845009477682, -97.16571526451652 49.76872589909719)))", "lon": -97.167078309726122, "lat": 49.770402830626061 }, "geometry": { "type": "Polygon", "coordinates": [ [ [ -97.1657153, 49.7687259 ], [ -97.1696741, 49.7670559 ], [ -97.1709944, 49.7673877 ], [ -97.1725641, 49.7654876 ], [ -97.1755014, 49.7657198 ], [ -97.1776671, 49.7649834 ], [ -97.1744808, 49.767587 ], [ -97.1737349, 49.7710707 ], [ -97.1605621, 49.7756789 ], [ -97.1604709, 49.7725434 ], [ -97.1584932, 49.7692447 ], [ -97.1597328, 49.7688119 ], [ -97.1606867, 49.7695914 ], [ -97.1657153, 49.7687259 ] ] ] } },
{ "type": "Feature", "properties": { "ID": 28, "Name": "Richmond West", "Cluster": "Fort Garry South", "Location": "MULTIPOLYGON (((-97.16056205705321 49.775678888086134, -97.15660469630681 49.77706280356061, -97.15750524775424 49.79132498055425, -97.15727974985975 49.79683072213299, -97.15756312700609 49.796734680114774, -97.15848786966559 49.796420860694816, -97.15892084877594 49.79627407651552, -97.15901385135616 49.79624254451956, -97.15944610402819 49.79609599017775, -97.1597349173533 49.79599806694822, -97.15979725085225 49.79597693249187, -97.16007518435025 49.79588269723746, -97.16024768950851 49.79582420765897, -97.1604201942561 49.7957657178184, -97.16059269859306 49.79570722771555, -97.16075769727436 49.79565128213876, -97.16092269557997 49.795595336322116, -97.16108769350984 49.79553939026554, -97.16125269106404 49.795483443969275, -97.16137572220293 49.795441727015906, -97.16150019258235 49.795399521842214, -97.16170649231846 49.79532956982196, -97.16189396690834 49.7952660005257, -97.16208144101317 49.79520243091981, -97.16226891463293 49.795138861004276, -97.16245638776763 49.795075290779096, -97.16264386041726 49.79501172024427, -97.16283133258183 49.79494814939989, -97.16301880426136 49.79488457824581, -97.16320627545579 49.794821006782065, -97.16339374616518 49.794757435008705, -97.16358121638949 49.79469386292571, -97.16376868612875 49.79463029053309, -97.1639186603404 49.7945794328134, -97.16406862196303 49.794528579101126, -97.16412515628055 49.79450940752704, -97.1642861307794 49.79445481859752, -97.16450363899415 49.79438105774062, -97.16466115342787 49.79432764146909, -97.16481866751914 49.794274224978956, -97.16498367376936 49.79421826737424, -97.16514118715945 49.79416485043646, -97.16529870020706 49.79411143328028, -97.16544870753954 49.7940605612144, -97.16560621991857 49.7940071436315, -97.16576373195514 49.793953725829915, -97.16592873605303 49.79389776685129, -97.16602257058368 49.79386594393542, -97.16608624736553 49.79384434857392, -97.16624375911994 49.7937909297591, -97.16639376382655 49.79374005658636, -97.16655127409435 49.79368663762205, -97.16670878401987 49.79363321843919, -97.16688092260415 49.79357483759262, -97.16716973198722 49.79347688691561, -97.16750002982367 49.79336486391009, -97.16791243453865 49.79322499167051, -97.16820769845101 49.79312484831888, -97.168357684594 49.79307397755666, -97.16836519048813 49.79307143177649, -97.16851517463073 49.79302056137409, -97.16866516416415 49.792969688839754, -97.16867266432509 49.79296714497302, -97.16882265438183 49.792916271942396, -97.16883015367702 49.79291372835334, -97.16897263970849 49.792865400212754, -97.1689876426866 49.79286031151517, -97.16912232067682 49.792814631412064, -97.16915262319014 49.79280435336682, -97.16928011106928 49.792761111729156, -97.16931011149865 49.79275093608132, -97.16943009154176 49.79271024072021, -97.16946009535917 49.79270006386237, -97.16958006819104 49.79265937070458, -97.16961758299921 49.792646646150395, -97.1697375439942 49.79260595924874, -97.16977507029688 49.792593228219616, -97.16988750573547 49.792555091171266, -97.16993255725212 49.79253981007064, -97.17003746280402 49.7925042268717, -97.1700900421148 49.792486392296716, -97.1701949214812 49.79245081775686, -97.17025501829606 49.792430433160476, -97.17034488337157 49.79239995119983, -97.17041250247854 49.79237701493212, -97.17049485461689 49.792349081166044, -97.1705699863187 49.792323596485204, -97.17065233832426 49.79229566258913, -97.17072746981644 49.79227017781979, -97.17080232373023 49.79224478712999, -97.17089244454597 49.79221421775723, -97.17095231211238 49.792193910357696, -97.17104992734264 49.792160798644446, -97.17110980638972 49.7921404872235, -97.17120740979695 49.79210737931318, -97.17125979690944 49.792089609103755, -97.17136489190888 49.79205395976352, -97.1714181778542 49.7920358845478, -97.17152986518666 49.79199799877448, -97.1716285270288 49.7919645312743, -97.17168734659751 49.79194457877747, -97.17184482766599 49.79189115856188, -97.17194055925013 49.7918586846419, -97.17200230839207 49.79183773812782, -97.1721560153904 49.79178559749086, -97.17215978877579 49.79178431747529, -97.17234888287669 49.791720172345656, -97.17254229418933 49.791654562217985, -97.17274486932065 49.79158584294436, -97.17296856484194 49.79150995838007, -97.17321152292814 49.791427538304355, -97.1733187140398 49.79139117499087, -97.17344548150919 49.79134817021167, -97.17353422208029 49.7913180593708, -97.17369899497136 49.79126162379046, -97.17373485347892 49.77107071662253, -97.16056205705321 49.775678888086134)))", "lon": -97.165441970142723, "lat": 49.783926777439653 }, "geometry": { "type": "Polygon", "coordinates": [ [ [ -97.1566047, 49.7770628 ], [ -97.1737349, 49.7710707 ], [ -97.173699, 49.7912616 ], [ -97.157279699999989, 49.7968307 ], [ -97.1566047, 49.7770628 ] ] ] } },
{ "type": "Feature", "properties": { "ID": 1568, "Name": "Ridgedale", "Cluster": "Assiniboine South", "Location": "MULTIPOLYGON (((-97.2906247529027 49.86304811225291, -97.29066787902012 49.8625743416542, -97.29070055872918 49.86221533541259, -97.29071550970124 49.86205109060563, -97.29072366284714 49.8619615225259, -97.29073501019595 49.861836863234544, -97.29076156052268 49.86154517104055, -97.2907827598578 49.86131228350623, -97.29079770880487 49.86114803863771, -97.29081265905904 49.860983792883225, -97.29082760916612 49.8608195480203, -97.29083065407151 49.86078609755501, -97.2908487675185 49.860587091602774, -97.29086518767325 49.86040669099851, -97.2908798921067 49.8602451382771, -97.29089337142298 49.860097048206335, -97.29090946414856 49.85992023803396, -97.29093356212525 49.859655471004345, -97.29095837750546 49.85938282417301, -97.29096728972449 49.85928489630085, -97.29097110939679 49.85924292824238, -97.29098259600605 49.85911672039894, -97.28601985440355 49.85822771220117, -97.28264036224186 49.857622720896224, -97.27774883040124 49.85851859145897, -97.27393572918439 49.86654047543544, -97.2728138565787 49.86720562123567, -97.26829814876565 49.86760975448403, -97.26559976789474 49.86785115865849, -97.26530826577188 49.87108359528078, -97.26422781352947 49.87162146182025, -97.26349982741765 49.87198385247892, -97.2637150368344 49.87199855137077, -97.26484726238945 49.87200969664954, -97.26522547351905 49.87200157961975, -97.2655489508189 49.87199463628564, -97.2657954466846 49.871958846691875, -97.26620896463758 49.87189880527793, -97.26691275262715 49.871724583375155, -97.26803306961156 49.87136486317777, -97.26908274283483 49.87096921930002, -97.27005269199843 49.87048987892209, -97.27079100133577 49.87015347832856, -97.27175248850504 49.86985990666755, -97.27282262990663 49.86964463371367, -97.27338921880241 49.8695856832268, -97.27425927063125 49.8695870213437, -97.27509994806583 49.869706432814056, -97.27643071329643 49.86999695923277, -97.27702208381501 49.87004990489871, -97.27752840761273 49.87006788771084, -97.27818491852776 49.87000792618471, -97.27856638911025 49.869900987597084, -97.27879503958656 49.86983688861188, -97.27921888821098 49.86959569055394, -97.27955527324042 49.86929299262103, -97.2800441814958 49.86857963091425, -97.28020167392756 49.86814391974366, -97.28027600189947 49.86777204260464, -97.28029361266015 49.867276159158074, -97.28014436157791 49.866821953228964, -97.27995408341722 49.86646009276171, -97.27949219176188 49.86574910664994, -97.27928223891783 49.86528354097709, -97.27902728688717 49.86461745439835, -97.27875159927667 49.86352346812656, -97.27853701610096 49.86303691731937, -97.2782634410979 49.862541356220305, -97.27802136167752 49.86201953789955, -97.27797469111404 49.861613329964946, -97.27806913644726 49.861181332214336, -97.27834485621496 49.86075667497736, -97.27873591425691 49.860323272643456, -97.27914813193229 49.85995176561046, -97.27963936668847 49.859632555078434, -97.2803377814131 49.85935011273152, -97.28115456805807 49.859125194538805, -97.28187253907888 49.85905101899829, -97.28260346384538 49.85906766172268, -97.28345374535813 49.85916507905506, -97.28435944509174 49.85937253214407, -97.28505884045575 49.85961991718655, -97.28569336727772 49.85992328208926, -97.28629677950308 49.860343520767096, -97.2867036960641 49.86080036632269, -97.28694505303247 49.861294269184185, -97.28707938568279 49.86166342504603, -97.28719574471955 49.862083440107725, -97.28752878685671 49.86252640955967, -97.2880292513506 49.86291143062174, -97.28872690220005 49.86326101728043, -97.28963926476003 49.86353708085469, -97.29038763089129 49.86370515590415, -97.29056138564061 49.863744178512775, -97.29060438588363 49.86327183803758, -97.29062171906992 49.86308143693619, -97.29062462093196 49.86304956186604, -97.2906247529027 49.86304811225291)))", "lon": -97.277556393949524, "lat": 49.865060188301939 }, "geometry": { "type": "Polygon", "coordinates": [ [ [ -97.2909826, 49.8591167 ], [ -97.2905614, 49.8637442 ], [ -97.2880293, 49.862911399999987 ], [ -97.2850588, 49.8596199 ], [ -97.2803378, 49.8593501 ], [ -97.2779747, 49.8616133 ], [ -97.2802936, 49.8672762 ], [ -97.279218899999989, 49.8695957 ], [ -97.2728226, 49.8696446 ], [ -97.2669128, 49.8717246 ], [ -97.2634998, 49.8719839 ], [ -97.265308300000015, 49.8710836 ], [ -97.2655998, 49.8678512 ], [ -97.27393570000001, 49.8665405 ], [ -97.2777488, 49.8585186 ], [ -97.2826404, 49.8576227 ], [ -97.2909826, 49.8591167 ] ] ] } },
{ "type": "Feature", "properties": { "ID": 96, "Name": "Ridgewood South", "Cluster": "Assiniboine South", "Location": "MULTIPOLYGON (((-97.25199680650837 49.84343169315049, -97.24543909403891 49.84404725728139, -97.25191488109364 49.844331866308316, -97.26823921182408 49.84505566471594, -97.28075349686473 49.84560878211528, -97.28713840516593 49.845890209243294, -97.29395730895742 49.846191624906275, -97.31275642496493 49.8470181498099, -97.3153775799805 49.84713335071198, -97.32263339517421 49.84745101997983, -97.32275812750746 49.8474564811955, -97.32284269172769 49.84746018355309, -97.32292725596236 49.84746388584928, -97.3243953328444 49.84752816335293, -97.32440964536681 49.84739147003596, -97.32525726777091 49.83926754571742, -97.32527148602968 49.83913124657142, -97.2876418470261 49.84034638864228, -97.28331744355859 49.84048509619297, -97.25199680650837 49.84343169315049)))", "lon": -97.296608960708838, "lat": 49.843271149355495 }, "geometry": { "type": "Polygon", "coordinates": [ [ [ -97.2454391, 49.8440473 ], [ -97.2833174, 49.8404851 ], [ -97.325271500000014, 49.8391312 ], [ -97.3243953, 49.8475282 ], [ -97.2454391, 49.8440473 ] ] ] } },
{ "type": "Feature", "properties": { "ID": 740, "Name": "River East", "Cluster": "River East West", "Location": "MULTIPOLYGON (((-97.05822285321047 49.93947016290031, -97.04372095474122 49.95091966525933, -97.04389449300879 49.95099695400136, -97.0644227325708 49.960133466331826, -97.06491216001707 49.960351083851265, -97.06526385207202 49.96050745717849, -97.06561694509587 49.96066445185971, -97.06586166366837 49.9607732588553, -97.06606582495833 49.96086403311813, -97.06652660247039 49.961068900351606, -97.06670110859343 49.96114752802307, -97.0702881570791 49.958691167610056, -97.07231030095113 49.95680458040467, -97.08367435092613 49.948122083359394, -97.08430004632807 49.947576194979526, -97.08019885822621 49.94705286234093, -97.07740151244678 49.94668311977689, -97.07287844421563 49.94537273301009, -97.07057148012531 49.94467453892299, -97.06431742605459 49.94257255669533, -97.0631059435785 49.942165258866645, -97.06173788883143 49.941547498336256, -97.05977853104035 49.94057296084875, -97.05822285321047 49.93947016290031)))", "lon": -97.063201872566893, "lat": 49.950288874138813 }, "geometry": { "type": "Polygon", "coordinates": [ [ [ -97.0582229, 49.939470199999988 ], [ -97.0631059, 49.9421653 ], [ -97.0705715, 49.9446745 ], [ -97.0774015, 49.9466831 ], [ -97.0843, 49.9475762 ], [ -97.066701099999989, 49.9611475 ], [ -97.043721, 49.9509197 ], [ -97.0582229, 49.939470199999988 ] ] ] } },
{ "type": "Feature", "properties": { "ID": 174, "Name": "River Park South", "Cluster": "St. Vital South", "Location": "MULTIPOLYGON (((-97.11695224257258 49.794185985696, -97.11605960422672 49.7940166550527, -97.11516019866131 49.79387793290843, -97.11495919186099 49.79385419641064, -97.11558186475966 49.79204399774071, -97.08810280509876 49.80146597951928, -97.09036581522327 49.804348009233465, -97.09154125341365 49.80738689614271, -97.09233251617154 49.80892582595295, -97.09458269573972 49.81183808699403, -97.09898478900058 49.817279572637325, -97.0992815797725 49.817866781850185, -97.09933656960136 49.81848909184749, -97.09901994879777 49.81995733668583, -97.09915998380815 49.82074716301348, -97.09957805197641 49.82154315107844, -97.10063903135355 49.82279309663446, -97.10739182394319 49.82045256887744, -97.1078083154773 49.82033345590615, -97.10832991118107 49.820282069530045, -97.10884361274118 49.820291349375864, -97.10918383635689 49.82033730247232, -97.10934601741752 49.8203690176978, -97.11093591870136 49.820679915787366, -97.11134583309034 49.820711757806, -97.11174031944077 49.82068121457358, -97.11223059553411 49.820533896730495, -97.11326196852391 49.820173060479526, -97.11944241463044 49.81802826479969, -97.11995608223025 49.81792454554409, -97.12096303124612 49.818065380100755, -97.12167419283881 49.81811984248705, -97.12248391016955 49.818125066190746, -97.12473205739168 49.818026570369895, -97.12472018225304 49.8179133141243, -97.12470297511837 49.81774920444358, -97.12467452632346 49.81747787783085, -97.12466854691493 49.81742084990771, -97.1244498055527 49.81715192110767, -97.12401611830754 49.816618720059736, -97.12292017925455 49.81687969528131, -97.12150005875272 49.81697019261057, -97.11994253255929 49.81675436163325, -97.11823150711461 49.8162272020932, -97.11665442073567 49.81539083293595, -97.11589402952536 49.814739243385716, -97.11534857434957 49.81380501173893, -97.115249116011 49.81280856855889, -97.1155944464657 49.81206112839676, -97.11691027631251 49.810992006192535, -97.11625496081213 49.81057734036835, -97.11558010173161 49.81081099822674, -97.11522350217433 49.810379423691884, -97.11496045840357 49.81006106948906, -97.11280146191939 49.81080350793219, -97.11367393807615 49.80790457616436, -97.11448174318421 49.806104709218175, -97.11606845619058 49.80256894130481, -97.11584696042365 49.80134681582842, -97.11553389276021 49.79961933510017, -97.11457774451064 49.79652379442869, -97.11477106891158 49.79645803287692, -97.11543565927127 49.79623212253624, -97.11641392531556 49.795899520060615, -97.11648826358622 49.79497367997619, -97.11695224257258 49.794185985696)))", "lon": -97.105261452749346, "lat": 49.807740063480644 }, "geometry": { "type": "Polygon", "coordinates": [ [ [ -97.1169522, 49.794186 ], [ -97.1164139, 49.7958995 ], [ -97.1145777, 49.7965238 ], [ -97.1160685, 49.8025689 ], [ -97.112801499999989, 49.8108035 ], [ -97.1149605, 49.8100611 ], [ -97.116255, 49.8105773 ], [ -97.1169103, 49.810992 ], [ -97.1152491, 49.8128086 ], [ -97.115894, 49.8147392 ], [ -97.1199425, 49.8167544 ], [ -97.1240161, 49.8166187 ], [ -97.1247321, 49.8180266 ], [ -97.11995610000001, 49.8179245 ], [ -97.1117403, 49.8206812 ], [ -97.1078083, 49.8203335 ], [ -97.100639, 49.8227931 ], [ -97.09916, 49.8207472 ], [ -97.0989848, 49.8172796 ], [ -97.0923325, 49.8089258 ], [ -97.0903658, 49.804348 ], [ -97.0881028, 49.801466 ], [ -97.1155819, 49.792044 ], [ -97.1149592, 49.7938542 ], [ -97.1169522, 49.794186 ] ] ] } },
{ "type": "Feature", "properties": { "ID": 218, "Name": "River West Park", "Cluster": "Assiniboine South", "Location": "MULTIPOLYGON (((-97.31292279397118 49.87038396545625, -97.31350262131437 49.8708211547224, -97.315250714374 49.87183537648662, -97.31595923188708 49.872191926802664, -97.31684488750498 49.87246971021317, -97.31770504974851 49.872601875958814, -97.31863400214847 49.872668803341824, -97.3195101547274 49.87265129907148, -97.32037283384753 49.87255574386622, -97.32107620295731 49.872388159239115, -97.32162932555846 49.87214635547731, -97.3221309242381 49.871782962915766, -97.32249431611405 49.87141292038482, -97.32294924824473 49.87078741543976, -97.32331407402569 49.87037556172576, -97.32402343932216 49.86982577221278, -97.32480516069771 49.869366492486364, -97.32553790162511 49.86897156782688, -97.32615284701707 49.868759683857526, -97.3265077437051 49.86866834303009, -97.32641751920298 49.86826866588209, -97.32590584033329 49.866001907445266, -97.3258984993755 49.86596914176703, -97.31888996603642 49.86421774961484, -97.31277888581573 49.86310140413054, -97.31275778855255 49.86331081967057, -97.31275052389444 49.863380707902365, -97.31273367021596 49.86354282539357, -97.31272622576525 49.8636144371297, -97.31270746506685 49.863794900776284, -97.31270524467743 49.863816255677165, -97.31268870418069 49.863975365312015, -97.31267681874846 49.8640896868371, -97.31266994313808 49.86415582983788, -97.31265118193903 49.864336294353826, -97.31264839246035 49.86436311797431, -97.31263242061486 49.86451675796085, -97.3126199658444 49.86463654818979, -97.31261309006025 49.86470269117958, -97.31259432838714 49.86488315566557, -97.31259153883798 49.864909979281606, -97.31256905708416 49.86512623525345, -97.31256311289455 49.86518340947191, -97.31255034795316 49.865306179680694, -97.31253160025453 49.8654865076219, -97.31251223533174 49.86567356196449, -97.31242642554442 49.86649658084545, -97.31225690382246 49.866694006582684, -97.31191655231899 49.86706943947716, -97.31217831008838 49.86750200298327, -97.31234611542831 49.867948302975506, -97.31248936449664 49.869254071861256, -97.31255458213843 49.86965240066623, -97.31266674493196 49.86999331642564, -97.31279361036957 49.870186873396285, -97.31292279397118 49.87038396545625)))", "lon": -97.318529701767247, "lat": 49.867982565177414 }, "geometry": { "type": "Polygon", "coordinates": [ [ [ -97.3129228, 49.870384 ], [ -97.311916599999989, 49.8670694 ], [ -97.3127789, 49.8631014 ], [ -97.3258985, 49.8659691 ], [ -97.3265077, 49.8686683 ], [ -97.3210762, 49.8723882 ], [ -97.3168449, 49.8724697 ], [ -97.3129228, 49.870384 ] ] ] } },
{ "type": "Feature", "properties": { "ID": 666, "Name": "Riverbend", "Cluster": "Seven Oaks East", "Location": "MULTIPOLYGON (((-97.10315741206142 49.95182490087888, -97.10248967547807 49.95225660055863, -97.09729569299103 49.95561717386577, -97.08968921383756 49.95953489504938, -97.08780366376239 49.9606290405654, -97.0829845815876 49.96342575384173, -97.08208376286548 49.963948422567164, -97.08232072035939 49.96405431367449, -97.0861072375471 49.96574858453583, -97.09198894928663 49.96838837091114, -97.09207789002721 49.9684282841638, -97.09208607263282 49.96842322259481, -97.09226417516169 49.96850288405281, -97.10858454416233 49.958410669437285, -97.11369443570013 49.95523557862951, -97.11349303518683 49.95517040174365, -97.10961891518775 49.9539165610367, -97.10908425261763 49.953743504825106, -97.10834104115514 49.953502940703245, -97.10809048578325 49.95342183912785, -97.1039038628087 49.952066558418466, -97.10348772877867 49.951931835790226, -97.10344833535396 49.951919082471434, -97.10315741206142 49.95182490087888)))", "lon": -97.097697019207104, "lat": 49.960053303128838 }, "geometry": { "type": "Polygon", "coordinates": [ [ [ -97.1031574, 49.9518249 ], [ -97.113694400000014, 49.9552356 ], [ -97.0922642, 49.9685029 ], [ -97.0820838, 49.9639484 ], [ -97.1031574, 49.9518249 ] ] ] } },
{ "type": "Feature", "properties": { "ID": 728, "Name": "Rivergrove", "Cluster": "Seven Oaks East", "Location": "MULTIPOLYGON (((-97.09725516611094 49.95062019026365, -97.09667971315805 49.95106876049762, -97.09628424186113 49.95118888922027, -97.09545812538371 49.951358931975776, -97.0946712038697 49.95144941106534, -97.0938874967579 49.951459767691475, -97.09305420583118 49.95140074392086, -97.09169064983281 49.951183123935685, -97.09022174732725 49.9509857995633, -97.08890939999182 49.95088400757789, -97.08780674071558 49.95085421223928, -97.08669996378677 49.9509277433626, -97.08562275224659 49.95116325898408, -97.08475877646146 49.95142440026952, -97.08418143932661 49.95163330945941, -97.08265450722897 49.95240047566516, -97.08188891323762 49.952859599076255, -97.08113765092872 49.95341067121983, -97.08023556149013 49.95417656291462, -97.07753413410349 49.95630346939006, -97.07646712355756 49.95718279104434, -97.07461369642223 49.95854170914234, -97.07341918919414 49.95949905978581, -97.0730169933538 49.95989096670383, -97.07406567067991 49.960360344816905, -97.0787155507619 49.96244136487884, -97.08184680641871 49.963842530985936, -97.08208376286548 49.963948422567164, -97.0829845815876 49.96342575384173, -97.08780366376239 49.9606290405654, -97.08968921383756 49.95953489504938, -97.09729569299103 49.95561717386577, -97.10248967547807 49.95225660055863, -97.09821751693069 49.95092106590038, -97.09725516611094 49.95062019026365)))", "lon": -97.086700345993336, "lat": 49.956420399268673 }, "geometry": { "type": "Polygon", "coordinates": [ [ [ -97.0972552, 49.9506202 ], [ -97.1024897, 49.9522566 ], [ -97.0820838, 49.9639484 ], [ -97.073017, 49.959891 ], [ -97.0841814, 49.9516333 ], [ -97.0878067, 49.9508542 ], [ -97.0946712, 49.9514494 ], [ -97.0972552, 49.9506202 ] ] ] } },
{ "type": "Feature", "properties": { "ID": 1215, "Name": "River-Osborne", "Cluster": "River Heights East", "Location": "MULTIPOLYGON (((-97.14081203702835 49.873071379458864, -97.13863471630088 49.87671676191236, -97.13735821864293 49.877142545296834, -97.13587914414197 49.877635872338395, -97.13568425783573 49.87791168083237, -97.13517231745054 49.87850091409926, -97.13454354873616 49.87908401548013, -97.13317239454102 49.88019398560973, -97.13260610381454 49.88069054470743, -97.13202817766164 49.88128380034205, -97.13174030761004 49.88155197357889, -97.13029333575996 49.88275055446525, -97.12884476189767 49.88395038346861, -97.12711745637218 49.8854871235027, -97.12681410814375 49.88578055844957, -97.12727120336521 49.885731745120204, -97.1279200154884 49.88572325008507, -97.12897794946055 49.885756609429535, -97.13004607023589 49.88576107537628, -97.13111924319279 49.88577145851739, -97.13220499803093 49.88573544963953, -97.13300850697284 49.88565081812566, -97.13311134033853 49.885636556425666, -97.13389625461593 49.88552796714733, -97.13475792861011 49.88533391328153, -97.13550122492624 49.885134351659715, -97.1362462326045 49.884934902740326, -97.1368992127982 49.8846955689102, -97.13751771066266 49.88441844549181, -97.13806800669497 49.88418330071717, -97.13872953311262 49.88390929020877, -97.13937029736849 49.88366156255732, -97.13994106426557 49.883407042421084, -97.14052362139587 49.88312932630083, -97.14114395568969 49.88285113392046, -97.1417845307586 49.88260464901211, -97.14240272285872 49.882429747505526, -97.1430229243509 49.88229210677118, -97.14319415955109 49.882262924085964, -97.14367100375662 49.882181708948025, -97.1443309103237 49.88204118976484, -97.14492976842217 49.88194501555529, -97.14556379798596 49.881871524244815, -97.14627953331072 49.8818225386541, -97.14699499889298 49.88178055903242, -97.1477084330216 49.88174663641461, -97.14844399414733 49.88174565946164, -97.14822893725675 49.88147754201827, -97.14751179564026 49.880583442504715, -97.1464154542825 49.87915175244944, -97.14559215958663 49.87813251358359, -97.14424214755145 49.87733901980039, -97.14202250194506 49.87457754257602, -97.14081203702835 49.873071379458864)))", "lon": -97.138275305447607, "lat": 49.880702467836912 }, "geometry": { "type": "Polygon", "coordinates": [ [ [ -97.140812, 49.8730714 ], [ -97.148444, 49.881745699999989 ], [ -97.1424027, 49.8824297 ], [ -97.133896299999989, 49.885528 ], [ -97.1268141, 49.8857806 ], [ -97.1358791, 49.8776359 ], [ -97.1386347, 49.8767168 ], [ -97.140812, 49.8730714 ] ] ] } },
{ "type": "Feature", "properties": { "ID": 1288, "Name": "Riverview", "Cluster": "River Heights East", "Location": "MULTIPOLYGON (((-97.13981596656734 49.85456680286753, -97.1389317764727 49.85469102678811, -97.1379347872755 49.85477444889207, -97.13694787287783 49.854835077433655, -97.13591109386611 49.85485920025393, -97.13477026308148 49.85485444276638, -97.133744511535 49.854831129979736, -97.1324350027079 49.85483723125371, -97.1315138295014 49.854863177637036, -97.13069568524247 49.85491032600687, -97.12991770954375 49.85500656040292, -97.1290961500823 49.855142030725474, -97.12802103901195 49.855341390956745, -97.12685973862726 49.85559374103937, -97.12661090355526 49.85565574505968, -97.12387450037315 49.85633754823809, -97.12289372696286 49.85664547413722, -97.12193796172076 49.85702008832566, -97.120287741145 49.857708090384, -97.11953856353534 49.85807668667966, -97.11812706538109 49.85891216251649, -97.11753530717517 49.85932239687496, -97.11708176290166 49.85969407922866, -97.11664686245075 49.860093259218374, -97.11520518506381 49.861667612027276, -97.11483556531054 49.862145186707885, -97.11449452904158 49.862698865277984, -97.1139578873625 49.86368365259627, -97.11319243889534 49.86497237205847, -97.1129518983917 49.8654766887759, -97.1128351840297 49.865806244635564, -97.11277638365297 49.86613419376059, -97.11271632113436 49.86721809740904, -97.1128335425633 49.867854022327336, -97.113100117505 49.86847028161431, -97.11343191263205 49.86896521805824, -97.1138903879002 49.869482612378604, -97.11448596445707 49.869890050182725, -97.11495504164407 49.87013564873187, -97.11581125353945 49.87043513325943, -97.11664218712531 49.87062755822376, -97.11691247417575 49.8706901488357, -97.11800626402727 49.87086599375218, -97.11910332305894 49.87099173804074, -97.12021182958267 49.87105986529091, -97.12137823213997 49.87109322512233, -97.12221410028543 49.87107107522583, -97.12329476442369 49.87100953913775, -97.12429845083365 49.870932299170114, -97.12676599617295 49.87067729598637, -97.12789411925637 49.87054424378083, -97.12910141148224 49.87036996430314, -97.13025409226098 49.870179493345624, -97.13122516101994 49.87009486819954, -97.13230497507612 49.87005448163674, -97.1330607997783 49.87009555499822, -97.13354742979348 49.87016118480348, -97.13441643407216 49.87040464483743, -97.13507465481986 49.8706243096325, -97.13567605190947 49.87088555090633, -97.1361090405356 49.87111518477762, -97.13634069788398 49.87131438354545, -97.13667959644553 49.87169973102599, -97.13701340844236 49.87225157317169, -97.13731068694081 49.872932859539866, -97.13740682411861 49.87357861723067, -97.13736050223751 49.8742356836321, -97.1372039924581 49.87512469737295, -97.1369639232448 49.87586108828449, -97.13661674677813 49.87650991844493, -97.13623646758313 49.87713016907523, -97.13587914414197 49.877635872338395, -97.13735821864293 49.877142545296834, -97.13863471630088 49.87671676191236, -97.14081203702835 49.873071379458864, -97.12968907928068 49.85922528090274, -97.14060166534647 49.85553993560812, -97.14058136554023 49.85551479453138, -97.14030696738297 49.85517494104125, -97.13981596656734 49.85456680286753)))", "lon": -97.126068518578975, "lat": 49.864373371822502 }, "geometry": { "type": "Polygon", "coordinates": [ [ [ -97.139816, 49.8545668 ], [ -97.1406017, 49.8555399 ], [ -97.1296891, 49.8592253 ], [ -97.140812, 49.8730714 ], [ -97.1386347, 49.8767168 ], [ -97.1358791, 49.8776359 ], [ -97.137204, 49.8751247 ], [ -97.1373107, 49.8729329 ], [ -97.1363407, 49.8713144 ], [ -97.1344164, 49.8704046 ], [ -97.1191033, 49.8709917 ], [ -97.114955, 49.8701356 ], [ -97.1131001, 49.8684703 ], [ -97.1128352, 49.8658062 ], [ -97.1148356, 49.8621452 ], [ -97.1195386, 49.8580767 ], [ -97.1290962, 49.855142 ], [ -97.139816, 49.8545668 ] ] ] } },
{ "type": "Feature", "properties": { "ID": 187, "Name": "Robertson", "Cluster": "Point Douglas North", "Location": "MULTIPOLYGON (((-97.15916472134121 49.940230114728095, -97.1667591412867 49.93158037761701, -97.15102714226279 49.92652335785878, -97.15098267559425 49.92661051165529, -97.14834873253923 49.930016893992416, -97.14817275430516 49.9301624701599, -97.14409911155519 49.93543071312744, -97.14512717706565 49.93576174358977, -97.15848654230025 49.94006233991503, -97.15845215601402 49.94010175626436, -97.1589080487223 49.94024848122505, -97.15909457799629 49.940309932020774, -97.15916472134121 49.940230114728095)))", "lon": -97.155283269085842, "lat": 49.933422094008108 }, "geometry": { "type": "Polygon", "coordinates": [ [ [ -97.1591647, 49.9402301 ], [ -97.1440991, 49.9354307 ], [ -97.1510271, 49.9265234 ], [ -97.1667591, 49.931580399999987 ], [ -97.1591647, 49.9402301 ] ] ] } },
{ "type": "Feature", "properties": { "ID": 1573, "Name": "Roblin Park", "Cluster": "Assiniboine South", "Location": "MULTIPOLYGON (((-97.29354883631089 49.8505804770486, -97.29357938207431 49.850252309423595, -97.29358644413928 49.85017643758786, -97.29360157568281 49.85001386977846, -97.29360973370859 49.84992622310482, -97.29361660061016 49.84985244748979, -97.29362297593542 49.849783952971144, -97.29363136291695 49.849693845504184, -97.29363621939576 49.84964166863121, -97.2936466339285 49.849529776893796, -97.2936494621367 49.84949939106693, -97.29366114970472 49.84937382120113, -97.29366270372243 49.849357124555404, -97.2936759441424 49.84921486657169, -97.29368918390745 49.84907261467107, -97.29369093536675 49.84905379640958, -97.29370242316222 49.84893036729995, -97.29370747881164 49.848876047311286, -97.29372072058246 49.84873377158926, -97.29372890118238 49.84864588317538, -97.29373472330361 49.848583332895245, -97.29374213969983 49.848503646244346, -97.29374872453579 49.84843289417441, -97.29375537727101 49.84836141350579, -97.29376416837195 49.84826695668352, -97.29376861436795 49.84821918609576, -97.2937818507948 49.8480769649324, -97.29379001565111 49.84798923569386, -97.29379508651623 49.847934750098766, -97.29380832160452 49.84779254063727, -97.29382155626777 49.84765033479035, -97.293834790736 49.84750813008602, -97.29384802529968 49.847365923403785, -97.29385436859418 49.84729776374556, -97.29386126030262 49.84722371171784, -97.29387449586764 49.84708149365558, -97.29388773182049 49.84693927047344, -97.2939086907611 49.846714060164864, -97.29392549157888 49.846533533976235, -97.2939445819408 49.84632838989556, -97.29395730895742 49.846191624906275, -97.28713840516593 49.845890209243294, -97.28712598000382 49.84602700634993, -97.28601985440355 49.85822771220117, -97.29098259600605 49.85911672039894, -97.2927398494498 49.85943814786212, -97.29278160872767 49.85931196960131, -97.29278453913363 49.8592288264725, -97.29280619854185 49.859092809920526, -97.29286879362911 49.85893140622455, -97.29296298678588 49.85877190678601, -97.29308815690949 49.858631928884385, -97.29319980043125 49.85851765181663, -97.29331235549706 49.85837748789702, -97.2933998529257 49.858201926597445, -97.29279629347027 49.85809390904581, -97.29280481856921 49.85800160730457, -97.29281930758187 49.857844733002004, -97.29283446996766 49.857680553023485, -97.29283475325911 49.85767748902033, -97.29284963223671 49.85751637303742, -97.29286278527756 49.857373947410906, -97.29286479435738 49.85735219394286, -97.29287995778364 49.857188013962215, -97.29289511970256 49.857023833953576, -97.29290612785215 49.85690463945054, -97.2929599623639 49.85689630340207, -97.29296315917962 49.85686168935962, -97.29297831926462 49.85669751020572, -97.29298547579043 49.85662001530421, -97.2929934806552 49.856533330165746, -97.2929943173783 49.85652427288421, -97.29300864050683 49.85636915099679, -97.29302380163234 49.85620497184079, -97.2930281776649 49.856157578948455, -97.29303896125059 49.85604079265677, -97.29304712785434 49.855952354075754, -97.29305412217438 49.85587661258668, -97.29306734417645 49.855733420651035, -97.29306928155926 49.855712433387595, -97.29308313542562 49.855562401099625, -97.293084442218 49.85554825420147, -97.29309893034294 49.855391352812106, -97.2930996013695 49.85538407498734, -97.29311476182656 49.85521989488712, -97.29312424661775 49.85511717373509, -97.29312978769029 49.85505715680998, -97.29314513081859 49.854890989383904, -97.2931629875006 49.85471155755968, -97.29316327786653 49.85470841000563, -97.29317824955508 49.854548152497415, -97.29319358515467 49.854383999233114, -97.29320764759198 49.85423347165333, -97.29322170993022 49.854082944067166, -97.29322716839336 49.854024519495496, -97.29323577216937 49.85393241647463, -97.29324250418122 49.85386036119883, -97.29324983569991 49.85378188889619, -97.29325911319035 49.85368257418586, -97.29326442292981 49.8536257336882, -97.29327508511471 49.85351160150775, -97.2932795165447 49.85346416557445, -97.29329105826525 49.85334062887417, -97.29331643685644 49.853341576477526, -97.29333014031413 49.85319489881089, -97.29333177058521 49.853177449225015, -97.29334838007132 49.85299965313489, -97.29335663181816 49.852911329983755, -97.29336371614855 49.85283549172396, -97.29338032887807 49.85265767497998, -97.2933818785231 49.852641091318226, -97.2934071236449 49.852370849015536, -97.29340995973061 49.852340492334875, -97.2934336155175 49.85208728014309, -97.29344121352518 49.85200593462781, -97.29345885969983 49.85181704588953, -97.29348410536491 49.85154679994851, -97.29348765859729 49.85150875773961, -97.29346227021743 49.85150779923138, -97.2934857056461 49.8512569107484, -97.29350603815281 49.85103925159807, -97.29353159273744 49.850765663142276, -97.29354021454286 49.85067307009664, -97.29354883631089 49.8505804770486)))", "lon": -97.290010374653193, "lat": 49.852451287851515 }, "geometry": { "type": "Polygon", "coordinates": [ [ [ -97.2939573, 49.8461916 ], [ -97.2927963, 49.8580939 ], [ -97.2933999, 49.8582019 ], [ -97.2927398, 49.8594381 ], [ -97.286019900000014, 49.8582277 ], [ -97.287138399999989, 49.8458902 ], [ -97.2939573, 49.8461916 ] ] ] } },
{ "type": "Feature", "properties": { "ID": 205, "Name": "Rockwood", "Cluster": "River Heights West", "Location": "MULTIPOLYGON (((-97.17211322636066 49.8645476945555, -97.17265649677272 49.8643732427399, -97.17294927393964 49.864237803873046, -97.17319213941532 49.864064818719825, -97.17382710495352 49.86346907083778, -97.17411952527037 49.86325650360138, -97.17449870000243 49.86309782111233, -97.17494371135584 49.86300992259936, -97.17553569248497 49.85603766144563, -97.17527002425075 49.85606108800425, -97.17489645557497 49.856110423944166, -97.17463090076208 49.85615822243421, -97.17437319699867 49.85624121752456, -97.1566392013807 49.862164306203994, -97.1610958886726 49.86770753752885, -97.16141185849662 49.86810619774432, -97.16354776566277 49.867399390432915, -97.16569005144177 49.866686727095306, -97.16783227494184 49.86597402336355, -97.16997443616187 49.86526127924075, -97.17211322636066 49.8645476945555)))", "lon": -97.167013484797465, "lat": 49.862236873513446 }, "geometry": { "type": "Polygon", "coordinates": [ [ [ -97.1749437, 49.8630099 ], [ -97.1614119, 49.8681062 ], [ -97.1566392, 49.8621643 ], [ -97.1755357, 49.8560377 ], [ -97.1749437, 49.8630099 ] ] ] } },
{ "type": "Feature", "properties": { "ID": 1342, "Name": "Roslyn", "Cluster": "River Heights East", "Location": "MULTIPOLYGON (((-97.1523577504221 49.875597455979374, -97.15250360806651 49.87502399348035, -97.15298601971517 49.87443884829153, -97.15388218632782 49.873944318069704, -97.15476666307174 49.87373770244195, -97.1558796037573 49.87373897600924, -97.1568592930842 49.87398399488302, -97.15710255166076 49.87374179894515, -97.15765331370424 49.87319941463556, -97.15778795143486 49.873065387193904, -97.15656052875974 49.87273005689872, -97.15605994374168 49.87260793289959, -97.15522299285767 49.87246528679855, -97.15475058242536 49.872411876223104, -97.15404559259203 49.87243857813302, -97.15340529489076 49.87256566933339, -97.15299354421315 49.872698866189005, -97.1526156022281 49.872876405092, -97.15225975930997 49.873066810680534, -97.15192548868234 49.87332247778541, -97.15106800564632 49.87436273559694, -97.1503357503883 49.87566611080811, -97.15170653444412 49.877379958454604, -97.1464154542825 49.87915175244944, -97.14751179564026 49.880583442504715, -97.14822893725675 49.88147754201827, -97.14844399414733 49.88174565946164, -97.14921903765313 49.88169522366056, -97.14986206504393 49.88166834737631, -97.15056559194113 49.881656282377755, -97.15122100767363 49.88168067758188, -97.15173547494346 49.88162970696475, -97.15226506682869 49.88151026714711, -97.15286861709393 49.88133867387443, -97.15306383143363 49.88127343631919, -97.15344600403847 49.88114570652392, -97.15401545322167 49.88097113587891, -97.15438749023284 49.88079000185476, -97.154651336587 49.88056532588236, -97.15486091844869 49.880303722786834, -97.15499093188798 49.879958385185894, -97.15501641268503 49.87957298263124, -97.15491914705834 49.87920082470036, -97.15483156899954 49.87908341831767, -97.15310201704283 49.87734293755484, -97.1523577504221 49.875597455979374)))", "lon": -97.151773868655951, "lat": 49.87789483716201 }, "geometry": { "type": "Polygon", "coordinates": [ [ [ -97.1523578, 49.8755975 ], [ -97.154919100000015, 49.8792008 ], [ -97.154860899999989, 49.8803037 ], [ -97.1517355, 49.8816297 ], [ -97.148444, 49.881745699999989 ], [ -97.146415499999989, 49.8791518 ], [ -97.151706499999989, 49.87738 ], [ -97.1503358, 49.8756661 ], [ -97.1519255, 49.8733225 ], [ -97.154045599999989, 49.8724386 ], [ -97.157788, 49.8730654 ], [ -97.1568593, 49.873984 ], [ -97.1538822, 49.8739443 ], [ -97.1523578, 49.8755975 ] ] ] } },
{ "type": "Feature", "properties": { "ID": 676, "Name": "Rosser-Old Kildonan", "Cluster": "Seven Oaks West", "Location": "MULTIPOLYGON (((-97.13418042106694 49.96784333860738, -97.13372109100918 49.96807670728241, -97.13323648444442 49.96828774140228, -97.13272920628144 49.96847530647095, -97.13220198340828 49.968638394149096, -97.13149189229044 49.968837686747136, -97.12362837148252 49.9652593624334, -97.10858454416233 49.958410669437285, -97.09226417516169 49.96850288405281, -97.09244227828272 49.96858254524306, -97.11248826548052 49.97754520666896, -97.11349711455973 49.97799609362796, -97.11379212116915 49.97812793830093, -97.11372892115945 49.97820940079691, -97.1141640262312 49.978403556684746, -97.13002880853222 49.98548065759986, -97.13038206430024 49.985638240930164, -97.14915728877405 49.994007978383806, -97.14915722772446 49.993930412657164, -97.1551968149617 49.9939334261079, -97.15518791524697 49.99029815707808, -97.16122524981208 49.99030515042578, -97.16122630443404 49.98563407654266, -97.16122622217353 49.98442935239994, -97.16122808316862 49.97559415857338, -97.18410993138431 49.975598349548704, -97.20677302913728 49.97561917105714, -97.21820294262116 49.97562748572825, -97.22999864202728 49.975634257602685, -97.22999111188439 49.968135273496436, -97.2299826524498 49.96077665841177, -97.21818747254538 49.96075732018391, -97.20677884500618 49.960740541504094, -97.195133170168 49.960727781355004, -97.19306884399231 49.96072702093737, -97.19473704123212 49.96576534796987, -97.19455567034161 49.965865925575955, -97.19068385849712 49.968021777651636, -97.1841082922463 49.9716576953816, -97.18357283433912 49.97196353110339, -97.18237439328637 49.972319728472144, -97.18118271957968 49.97257086447315, -97.17986091216979 49.97274289718676, -97.17853564324564 49.972810630000346, -97.17722196379319 49.972777133751855, -97.17583329669776 49.97263108853416, -97.17447245320439 49.972370620479886, -97.17334737114341 49.97205770038832, -97.16122821753072 49.96816322454745, -97.16101807868874 49.968095679988565, -97.1608079377085 49.96807824198253, -97.14729996407682 49.963734934625435, -97.14027772179246 49.9616267820939, -97.13869909746575 49.96334494578166, -97.13595320909248 49.96646300500212, -97.13523253735015 49.96714664807656, -97.13435137894665 49.96774699740296, -97.13418042106694 49.96784333860738)))", "lon": -97.158376467966391, "lat": 49.973106607888958 }, "geometry": { "type": "Polygon", "coordinates": [ [ [ -97.1341804, 49.9678433 ], [ -97.1402777, 49.9616268 ], [ -97.1733474, 49.9720577 ], [ -97.1798609, 49.9727429 ], [ -97.1835728, 49.9719635 ], [ -97.194737, 49.9657653 ], [ -97.1930688, 49.960727 ], [ -97.2299827, 49.9607767 ], [ -97.2299986, 49.975634299999989 ], [ -97.1612281, 49.9755942 ], [ -97.1612252, 49.9903052 ], [ -97.1551879, 49.9902982 ], [ -97.1551968, 49.993933399999989 ], [ -97.149157300000013, 49.994008 ], [ -97.0922642, 49.9685029 ], [ -97.1085845, 49.9584107 ], [ -97.1314919, 49.9688377 ], [ -97.1341804, 49.9678433 ] ] ] } },
{ "type": "Feature", "properties": { "ID": 761, "Name": "Rossmere-A", "Cluster": "River East West", "Location": "MULTIPOLYGON (((-97.07648574708415 49.92504189200574, -97.07100813281374 49.92937060490257, -97.06308009831838 49.9356382436551, -97.06298958560356 49.93570986948352, -97.06289907261926 49.93578149523726, -97.05822285321047 49.93947016290031, -97.05977853104035 49.94057296084875, -97.06173788883143 49.941547498336256, -97.0631059435785 49.942165258866645, -97.06431742605459 49.94257255669533, -97.07057148012531 49.94467453892299, -97.07287844421563 49.94537273301009, -97.07740151244678 49.94668311977689, -97.08019885822621 49.94705286234093, -97.08430004632807 49.947576194979526, -97.09388430755942 49.93671436823096, -97.09891006597404 49.93292705431579, -97.09141176877604 49.93043792351983, -97.09112943562965 49.93079156684849, -97.09100489113416 49.93075017603032, -97.08652565083365 49.929261389105065, -97.0870823820712 49.92856491850269, -97.08695784719941 49.92852352221924, -97.08671437868743 49.928442591613184, -97.08661840113724 49.928410687802376, -97.08644853976442 49.92835422404081, -97.0862447066479 49.92828646720379, -97.08603332476842 49.92821620048199, -97.08582571817162 49.92814718815415, -97.0855819354699 49.92806614860113, -97.08544834627533 49.92802174075768, -97.08533664488782 49.92798460779235, -97.08511022247711 49.927909339090206, -97.08488380220916 49.92783406907726, -97.08465738122774 49.927758799505355, -97.08443096099663 49.927683528599644, -97.084204542837 49.92760825818097, -97.0839781240352 49.92753298640552, -97.0837517059124 49.92745771509409, -97.08352528993241 49.92738244247191, -97.08329887323893 49.927307170290746, -97.08307245729578 49.927231896775815, -97.0828460434241 49.927156623747976, -97.0826154784579 49.927079970149265, -97.08238529105532 49.92700344106651, -97.08215887799585 49.926928165796944, -97.08193246700782 49.92685289101449, -97.0817060553777 49.926777614875256, -97.08147964442655 49.926702339200084, -97.0812532356182 49.926627062214216, -97.0810268260964 49.92655178566941, -97.08080041732497 49.92647650779084, -97.08057401062494 49.92640123039942, -97.08034760328286 49.926325951651215, -97.08012119661974 49.926250673367115, -97.07989479209945 49.92617539377235, -97.07966838686569 49.92610011461863, -97.07944198238232 49.92602483413119, -97.07921557997034 49.92594955413093, -97.0789891768806 49.9258742736728, -97.0789137152337 49.92584918378575, -97.07870619634596 49.92578018927457, -97.07849867948677 49.92571119352225, -97.07829116183555 49.92564219738158, -97.07808364478471 49.925573200875625, -97.07787612833424 49.9255042040044, -97.07766861387657 49.92543520679097, -97.07746109862684 49.92536620918919, -97.07725358397754 49.92529721122215, -97.07693325934748 49.925190703441736, -97.07667929384512 49.92510625251177, -97.07648574708415 49.92504189200574)))", "lon": -97.078463750979722, "lat": 49.936738541726825 }, "geometry": { "type": "Polygon", "coordinates": [ [ [ -97.0764857, 49.9250419 ], [ -97.0870824, 49.9285649 ], [ -97.0865257, 49.9292614 ], [ -97.0989101, 49.9329271 ], [ -97.0938843, 49.9367144 ], [ -97.0843, 49.9475762 ], [ -97.0774015, 49.9466831 ], [ -97.0705715, 49.9446745 ], [ -97.0631059, 49.9421653 ], [ -97.0582229, 49.939470199999988 ], [ -97.0764857, 49.9250419 ] ] ] } },
{ "type": "Feature", "properties": { "ID": 759, "Name": "Rossmere-B", "Cluster": "River East West", "Location": "MULTIPOLYGON (((-97.08239834188329 49.92037064077351, -97.08138984239488 49.92116801133056, -97.07648574708415 49.92504189200574, -97.07667929384512 49.92510625251177, -97.07693325934748 49.925190703441736, -97.07725358397754 49.92529721122215, -97.07746109862686 49.92536620918919, -97.07766861387655 49.92543520679097, -97.07787612833424 49.9255042040044, -97.07808364478471 49.925573200875625, -97.07829116183555 49.92564219738158, -97.07849867948677 49.92571119352225, -97.07870619634596 49.92578018927457, -97.0789137152337 49.92584918378575, -97.0789891768806 49.9258742736728, -97.07921557997034 49.92594955413093, -97.07944198238232 49.92602483413119, -97.07966838686569 49.92610011461863, -97.07989479209945 49.92617539377235, -97.08012119661974 49.926250673367115, -97.08034760328286 49.926325951651215, -97.08057401062494 49.92640123039942, -97.08080041732497 49.92647650779084, -97.0810268260964 49.92655178566941, -97.0812532356182 49.926627062214216, -97.08147964442655 49.926702339200084, -97.0817060553777 49.926777614875256, -97.08193246700782 49.92685289101449, -97.08215887799585 49.926928165796944, -97.08238529105532 49.92700344106651, -97.0826154784579 49.927079970149265, -97.0828460434241 49.927156623747976, -97.08307245729578 49.927231896775815, -97.08329887323893 49.927307170290746, -97.08352528993241 49.92738244247191, -97.0837517059124 49.92745771509409, -97.0839781240352 49.92753298640552, -97.084204542837 49.92760825818097, -97.08443096099663 49.927683528599644, -97.08465738122774 49.927758799505355, -97.08488380220916 49.92783406907726, -97.08511022247711 49.927909339090206, -97.08533664488782 49.92798460779235, -97.08544834627533 49.92802174075768, -97.0855819354699 49.92806614860113, -97.08582571817162 49.92814718815415, -97.08603332476842 49.92821620048199, -97.0862447066479 49.92828646720379, -97.08644853976442 49.92835422404081, -97.08661840135763 49.928410687875726, -97.08671437868743 49.928442591613184, -97.08695784719941 49.92852352221924, -97.0870823820712 49.92856491850269, -97.08652565083365 49.929261389105065, -97.09100489113416 49.93075017603032, -97.09112943562965 49.93079156684849, -97.09141176877604 49.93043792351983, -97.09891006597404 49.93292705431579, -97.09911426139291 49.9327731599807, -97.10402032552093 49.92758002139478, -97.08258923755064 49.920434175307385, -97.08239834188329 49.92037064077351)))", "lon": -97.090577141680356, "lat": 49.926613984502026 }, "geometry": { "type": "Polygon", "coordinates": [ [ [ -97.0764857, 49.9250419 ], [ -97.082589200000015, 49.920434199999988 ], [ -97.1040203, 49.92758 ], [ -97.0989101, 49.9329271 ], [ -97.0865257, 49.9292614 ], [ -97.0870824, 49.9285649 ], [ -97.0764857, 49.9250419 ] ] ] } },
{ "type": "Feature", "properties": { "ID": 1640, "Name": "Royalwood", "Cluster": "St. Boniface East", "Location": "MULTIPOLYGON (((-97.0816385031425 49.827727867599776, -97.08160249691679 49.8276748483373, -97.0815862366164 49.82759750670451, -97.08160835810158 49.82752670248425, -97.08172203617639 49.82742061371771, -97.08216665423785 49.827210643417025, -97.0822894245116 49.82699673376715, -97.08221479411544 49.82683475742962, -97.0821295877811 49.826818071505514, -97.08191835342232 49.82686699808504, -97.08155453793067 49.827015109667144, -97.08131432728958 49.827063912700645, -97.08114718326016 49.8270701735129, -97.08099125780367 49.8270366906125, -97.08087957672376 49.82697026671288, -97.08059432636568 49.8267062034785, -97.08056895068098 49.82662871068237, -97.08060666157964 49.82644880534328, -97.08066807022887 49.82634810084372, -97.08089125740453 49.826132731405536, -97.08097858281761 49.82597378372918, -97.081133026849 49.825800324748485, -97.08124728485222 49.82557099956239, -97.08144804827032 49.825311861071235, -97.08168480019911 49.82510608839027, -97.08175659921842 49.82498680798247, -97.08218815691187 49.824441599273484, -97.08245852143837 49.82422700768595, -97.08251870240416 49.82415718029999, -97.08260833183469 49.82388543822249, -97.08253883188422 49.82370236933113, -97.08240637231098 49.823564432467386, -97.08230297692896 49.823519324572416, -97.0821658810295 49.82349865524955, -97.08201206805226 49.823520758524445, -97.08106088576686 49.823826144598726, -97.08087663098661 49.82391231643267, -97.08066993185022 49.823955413874664, -97.08041771435768 49.82394186195045, -97.0801980022295 49.82389343638672, -97.08012355362624 49.82384915333165, -97.08008738640848 49.823786757198015, -97.08010008867282 49.82370989519888, -97.08024841152086 49.82358250998007, -97.08043883841356 49.82346241841073, -97.08068083819984 49.8232595120739, -97.08114104748951 49.82270887980051, -97.08122347598979 49.82242938164166, -97.08133995641187 49.822252169091186, -97.08141531382452 49.82209712366473, -97.08145447934652 49.82201656926907, -97.08152387113951 49.821943799955335, -97.08155214745733 49.82183942178989, -97.08151761400995 49.8217492792669, -97.0814433046614 49.8217015276079, -97.08131110825121 49.82166566274055, -97.08119230654286 49.8216574462447, -97.08015419543132 49.82186868988123, -97.0795559816111 49.8219202258593, -97.07928933771522 49.82191893054989, -97.0784083904979 49.82195535816416, -97.07816358200992 49.8219853208337, -97.07790806179784 49.82194705928861, -97.07772950192938 49.821876051015884, -97.07758233459387 49.821744113618756, -97.07754333989882 49.82164486934239, -97.07762113893577 49.82148264144862, -97.07785544024706 49.821230314575566, -97.07790371641129 49.82109537059698, -97.07786809027063 49.82103298269639, -97.07746707509378 49.82080726287166, -97.07711178203321 49.82056528894143, -97.07707206014976 49.820484432610904, -97.07706955864018 49.82042571875831, -97.07711936107894 49.8203741220767, -97.07735629773387 49.82028535868217, -97.07771072459855 49.82025131451641, -97.07817155971613 49.82017251304266, -97.07838007292763 49.820083276103574, -97.07842540487724 49.82002257820949, -97.07848140339965 49.819733269809824, -97.07845746270027 49.81952491578964, -97.0783517545108 49.81934888147584, -97.07818311653207 49.8192443625497, -97.07807438603744 49.81925297420508, -97.07789340233037 49.819351693806155, -97.07781145543231 49.81960515976235, -97.07762584950937 49.81982045259786, -97.0775563038405 49.819855751927584, -97.07742667236201 49.81987720878181, -97.07723068431443 49.81985548394502, -97.07703211476515 49.81980018482208, -97.07686126897866 49.81971148996144, -97.07675333184595 49.81963169162694, -97.07673156768423 49.81957161648966, -97.07674584108096 49.81950936216189, -97.07680004249954 49.81946860101627, -97.07689257672003 49.81946249911848, -97.07699663263973 49.819477071619644, -97.07722622191245 49.81946525910088, -97.07731519515828 49.81944069756808, -97.07746367656924 49.8193497717226, -97.07757371422588 49.81921342243011, -97.07760055389271 49.81903715637118, -97.07755090522687 49.81897661872421, -97.07746785931948 49.8189464253508, -97.07728683533686 49.818951406452456, -97.07706179817816 49.81905147674196, -97.07692350625994 49.81908841210716, -97.07670362082982 49.81905272896871, -97.07629156258751 49.81890884791927, -97.07623155033332 49.81879849178704, -97.07628626049224 49.818744893899044, -97.07648020886451 49.818711660688116, -97.0767413488415 49.81871599575207, -97.0769042787478 49.81866662412424, -97.07696619249414 49.81862078330432, -97.07699002521925 49.818572121986, -97.07696146677299 49.81838809849184, -97.07682803259917 49.81830256204518, -97.0765898841555 49.81823369019507, -97.07650539927735 49.81813056291139, -97.07643877514302 49.81798399103453, -97.07640814907619 49.81774150246934, -97.0764600703687 49.81755523781818, -97.076675013411 49.817303633376405, -97.07672547529378 49.81714060501751, -97.07673369679144 49.817016356310326, -97.0767283546478 49.81686499682798, -97.07676233067492 49.81672530260161, -97.0767145289539 49.816604734148115, -97.07662704887812 49.81648350699283, -97.07649667184118 49.8164292665063, -97.07629477265718 49.816446744879855, -97.07618889296229 49.81649185532596, -97.07605494908131 49.81662225159411, -97.07594711830588 49.81679821728964, -97.07585177062417 49.81698306286988, -97.075768918944 49.817353857224035, -97.075672576787 49.81749301923008, -97.07551376909947 49.817604444998565, -97.07534761108579 49.81764056843966, -97.07514215953991 49.81765277820876, -97.07505460745622 49.81762806299896, -97.07498428455133 49.8175748185547, -97.07495876998543 49.8175146807386, -97.07492622393876 49.817126383685626, -97.07503638912749 49.81693347750786, -97.07538430293137 49.81668833517503, -97.07538748285198 49.8166081890476, -97.07524266976885 49.816483386382096, -97.07510989491777 49.8163892610426, -97.07492715510345 49.81628105740576, -97.07453838877586 49.81610368172999, -97.07422767864679 49.81603404961093, -97.07387228649345 49.81598641734514, -97.07365628623266 49.81593055424342, -97.07353279983559 49.81592869697079, -97.07341476796874 49.815965962529404, -97.07335677048974 49.81600925110803, -97.07333036082929 49.81606593496118, -97.07337529090506 49.81615243531526, -97.07352200568097 49.816317328857316, -97.07357255595217 49.81642069990081, -97.07361044441352 49.816681677315756, -97.0735624791317 49.81680041971013, -97.07338052714668 49.816939626228645, -97.07323961558654 49.81703721801624, -97.07312866005586 49.8170509001605, -97.0730142128249 49.817018158202224, -97.07288040607109 49.816924298116135, -97.07260432803668 49.8166530161933, -97.07233850878768 49.81631325684526, -97.07197030847034 49.81611370660644, -97.07166350666161 49.815873098186714, -97.07144398097545 49.81573211343369, -97.0714110141708 49.81562971001605, -97.07154146724355 49.8153271266755, -97.07152023374599 49.815120174404385, -97.07125719568545 49.81482171461042, -97.07116057977919 49.81435492475792, -97.07120048335541 49.81426243284135, -97.07131612074983 49.81422320314888, -97.07143909896016 49.81422786326647, -97.07159970079745 49.81435269417416, -97.07184508100275 49.81442732905139, -97.07211101571292 49.81444231556774, -97.07224795281601 49.814443440497605, -97.0723585390129 49.81439144379474, -97.07255809378742 49.81417154467382, -97.07273120490045 49.81389750342021, -97.07275283105693 49.813697864737556, -97.07269861985282 49.81351731711135, -97.07263492031932 49.81325259197854, -97.07257188498352 49.81311900580418, -97.0725132437922 49.81307901067236, -97.07236461397335 49.81306601900344, -97.07203127067946 49.81310210446455, -97.07183489753083 49.81315351056407, -97.07126406268075 49.813370467577386, -97.07078438591465 49.81349139004168, -97.07013741956554 49.813758887141944, -97.0696801794661 49.813912744654274, -97.06949082606134 49.81401135820193, -97.06935278447413 49.81405203451091, -97.0691884975531 49.81405366488375, -97.06897688082682 49.814003173231384, -97.0684789016194 49.813940855712424, -97.06827582508231 49.81386270444974, -97.06816665381467 49.81378553508481, -97.06814702156066 49.8136862077083, -97.0682155680794 49.81360559746652, -97.06841226471742 49.81355022597878, -97.06867868649005 49.813499289107874, -97.06881191678775 49.81342727594033, -97.06884101097826 49.81331114386137, -97.06880974346336 49.81317578568037, -97.06879051364523 49.81312823990196, -97.06876871558202 49.81307973697037, -97.06872363740278 49.81298993312836, -97.0686920573818 49.81291024899029, -97.068669843734 49.81283971617285, -97.06867284974005 49.8127642066395, -97.06869067125811 49.81270063782852, -97.06873777235931 49.812634858525215, -97.06879887222269 49.81256661398501, -97.06887072731352 49.81250754387726, -97.0689763154278 49.81243914124679, -97.0690903392964 49.81240326181716, -97.06922559375583 49.81235784136961, -97.06930478124382 49.812324079736385, -97.06936590971479 49.81229001711961, -97.06941083337875 49.812243990690796, -97.0694126219457 49.81219904451586, -97.06938491720054 49.81217031458143, -97.0693658978247 49.81215059138751, -97.06928318260401 49.812127873706835, -97.06926827036374 49.81212377795565, -97.0691556067724 49.8121254984832, -97.06900685503992 49.812160799175544, -97.06884737720085 49.8122211074421, -97.0686818056116 49.81229480670407, -97.06858217419777 49.81231833238811, -97.06850854941453 49.812317105000695, -97.06837668784802 49.81231220808086, -97.06825608942877 49.812268819460144, -97.06815002697134 49.81220948173571, -97.06806085354971 49.81214950423611, -97.06804443012949 49.81213845792043, -97.06797800890507 49.812095972408095, -97.06796512682786 49.812035489767666, -97.06798330695014 49.81196293183804, -97.06802435056721 49.8119096450794, -97.06808028080785 49.81186650125739, -97.06815530086091 49.81183267091604, -97.06829497249336 49.811781028569904, -97.0684045773693 49.81175137277671, -97.0684682334677 49.811723649410204, -97.06853403014837 49.81167707178047, -97.06860990844754 49.81162166698102, -97.06880562826937 49.81145402078874, -97.06887042872108 49.81139753164632, -97.06889493827121 49.81137545217884, -97.0689077601938 49.81135596121865, -97.06894820247237 49.81129448367434, -97.06894187763753 49.81120892387937, -97.06891044144952 49.8111256440935, -97.06882393553417 49.81106393437171, -97.06873201012662 49.81103361743717, -97.06861293379181 49.811056819003795, -97.06849862648195 49.81109988939046, -97.06838320951125 49.81117082627834, -97.06825592765502 49.81126045513993, -97.06812558758683 49.811322147754304, -97.06801826754494 49.81132935338697, -97.0679657219411 49.81132242413208, -97.06788552078648 49.8113118478554, -97.06775484346102 49.81127728580767, -97.06765216344837 49.81123779345352, -97.06757082157269 49.81118606363783, -97.06753005056123 49.81112781432303, -97.0675274071688 49.81109712718735, -97.06752624855179 49.81108367443183, -97.06751856565909 49.81103227364849, -97.06751149146545 49.81096559117872, -97.06746438387314 49.81089194430507, -97.06740488191437 49.81081539210303, -97.0673217938193 49.81077262817553, -97.0672170890378 49.81071421173, -97.0671247789571 49.810658700533025, -97.0670219246548 49.81058130702251, -97.06692505985541 49.81046242491126, -97.0669243895466 49.81037535865319, -97.06700260406795 49.810247643554426, -97.06699493666603 49.81014572815449, -97.06695904739213 49.81008553011038, -97.06687711709264 49.810029474645766, -97.06675913973883 49.80998094692204, -97.06672609717646 49.80996735545865, -97.06657325929223 49.80985565130099, -97.06643130832938 49.809756405632186, -97.06633165836666 49.809660321206415, -97.06623638727153 49.809549577379656, -97.06623319902734 49.80950347798433, -97.06598162788246 49.808932006155075, -97.06119267107658 49.81060496313158, -97.06100524210026 49.81067043246429, -97.06542798296216 49.819313471779324, -97.0655668038701 49.819584698077485, -97.07035071002163 49.82894841483585, -97.07165744107529 49.83150300744823, -97.0763333102219 49.84063858267248, -97.0847778934413 49.840550075137294, -97.08873032414304 49.839351151411215, -97.08890020774724 49.83867548216639, -97.08892258777581 49.838489072611374, -97.0890151921346 49.83814169173589, -97.08897514956769 49.83775497582688, -97.08902193168186 49.83745336029615, -97.08899890840816 49.837274881226584, -97.0890101662483 49.837179941680034, -97.08905897405144 49.83708562138065, -97.08948987077977 49.836585160685196, -97.08946033946167 49.836462816302756, -97.08930266936291 49.83644563532814, -97.08915123850116 49.836460149300365, -97.08897453991511 49.83654507033263, -97.08876961461782 49.836678129255176, -97.08810776042515 49.836923424110786, -97.08777640206618 49.83701068465056, -97.08761838132517 49.83700077381088, -97.08702940553793 49.8368275130796, -97.08685604133309 49.83673195589902, -97.08679080484909 49.83665762543582, -97.08674523129952 49.836573904607505, -97.08674554516962 49.83637636285191, -97.0866680308001 49.836245934829336, -97.08624375258412 49.83591189196429, -97.08615771465655 49.835793473844866, -97.08607077522294 49.835711493876325, -97.08605242177683 49.835591763398284, -97.08610908799564 49.83550243451371, -97.08617736057568 49.8354862035156, -97.08626357417887 49.835504986030884, -97.08639524569578 49.8356095764521, -97.08643346783875 49.83568832146239, -97.08653538864687 49.835785129789144, -97.08669007021646 49.83587794879385, -97.08685842706024 49.835909891024116, -97.08695615045117 49.83590907421895, -97.08731755197867 49.83574180116236, -97.0876112575545 49.835739358178415, -97.087706456043 49.835721477227686, -97.08778765588056 49.83567630653257, -97.08806112802766 49.83532948064959, -97.08819037767961 49.83520975567441, -97.08828804960686 49.83503326765611, -97.08831538103935 49.834911861044695, -97.08824370224521 49.83481034564324, -97.08809720111157 49.834700652221336, -97.08804135782924 49.834687579772954, -97.08795451816933 49.834698297903586, -97.08750483131082 49.834817941889106, -97.08683697394085 49.8349166235945, -97.08660258374078 49.83493948571846, -97.08634656603063 49.83492553708409, -97.08580445246196 49.834816597217376, -97.08561253543127 49.834756143213376, -97.08544207292678 49.834682503647194, -97.08538348762957 49.83463015411032, -97.0853643160311 49.834544780057804, -97.08538319939566 49.83444718941173, -97.08544293511049 49.83437527018374, -97.08562919519895 49.83423913135478, -97.08574100144938 49.83418403894435, -97.08595982231432 49.8340762145138, -97.08659006239903 49.833869640422336, -97.0873469827165 49.83374430934992, -97.08757796594736 49.83363077748522, -97.08791010982898 49.83333387154845, -97.08792839913052 49.83325119911174, -97.08788766692061 49.83314082044594, -97.08773338847125 49.833037941619736, -97.08746437366933 49.832972746546915, -97.08718622125784 49.832948713540844, -97.0868235494707 49.832971888567286, -97.08564192300287 49.83319643517311, -97.0850250625138 49.833349760636295, -97.08486673266397 49.833349574114656, -97.08448798404349 49.83330408311789, -97.08437471074397 49.83330464074571, -97.08410878205032 49.83325650034668, -97.08402458894403 49.83318671522419, -97.08380061722825 49.83285111453246, -97.08385511601185 49.832803064416815, -97.08399948120966 49.832776289123665, -97.08414606530285 49.83278843367963, -97.08474135004462 49.83289583013255, -97.08485818518206 49.832900191437616, -97.084968758156 49.83287285641871, -97.08534259749084 49.83266205132543, -97.0854684891667 49.83253220584722, -97.08548976965922 49.83246902485867, -97.08540816546459 49.832333667877194, -97.08517493835132 49.8321371331466, -97.08500034730305 49.83207314546407, -97.08438524346072 49.83199215493483, -97.08421502194297 49.83199420111584, -97.08406487758428 49.83197713734761, -97.08400229721184 49.83194450985584, -97.08398170298517 49.831895217964245, -97.08401633948644 49.83183364677162, -97.08418159966365 49.83175340498846, -97.08456853162737 49.83168654836677, -97.08473542141573 49.831565019181056, -97.08477572374478 49.831509443351294, -97.084727640797 49.8312864580345, -97.08481840346559 49.83104042405712, -97.08489682603536 49.83097089698816, -97.08531865293978 49.83079490802569, -97.08570778231433 49.83076731446192, -97.08591000578514 49.83070226214071, -97.0860206487243 49.830632225043416, -97.08608948780797 49.83050629688795, -97.08605809423653 49.83044502310972, -97.08589978604627 49.83034936580475, -97.08572528257197 49.830283297581616, -97.08555872480875 49.830192711105354, -97.08533745550918 49.82997901551926, -97.08519049578138 49.82988146170892, -97.08497925179655 49.82964501767824, -97.08488466412237 49.829458064078246, -97.08481906111345 49.82940806303032, -97.08475326777436 49.82921113542288, -97.08452222066478 49.829041367544754, -97.08441093290509 49.82900550483189, -97.08428226836747 49.82901552871185, -97.08416467310563 49.82912572126368, -97.08396687569865 49.82936408299117, -97.08384629229374 49.829454784128195, -97.08377306490011 49.82948794326117, -97.08349326292934 49.829519768824206, -97.08333171096186 49.82949279453785, -97.08320368105092 49.829405272138615, -97.08318649871819 49.829351176098015, -97.08321966244885 49.82928610903075, -97.08343671170914 49.82913104132437, -97.08368567181965 49.82903760340465, -97.08373660392527 49.828984633928435, -97.08374093685836 49.828874998946674, -97.0836173264669 49.828689300144276, -97.08342141544688 49.82858121357507, -97.08307217071324 49.82848274110872, -97.08246101707061 49.82850665167384, -97.08228112403245 49.82848214975446, -97.0820785646918 49.82842012486657, -97.0819905120897 49.82840903381531, -97.08151943558661 49.82844489157725, -97.08144920182481 49.82841595484295, -97.08139908507447 49.82835332821298, -97.08146098881357 49.828240133287785, -97.08164753308375 49.82821857259543, -97.08184053848076 49.82816934472247, -97.08198402998791 49.82802976552213, -97.08198358694017 49.82799769008206, -97.08198275366122 49.827937362976456, -97.0819422248495 49.82787801400822, -97.08178232732294 49.82782294389478, -97.0816385031425 49.827727867599776)))", "lon": -97.075289481685601, "lat": 49.826578181056618 }, "geometry": { "type": "Polygon", "coordinates": [ [ [ -97.0822148, 49.8268348 ], [ -97.0814492, 49.828416 ], [ -97.0836173, 49.8286893 ], [ -97.0833317, 49.8294928 ], [ -97.0845222, 49.8290414 ], [ -97.0860895, 49.8305063 ], [ -97.0840163, 49.8318336 ], [ -97.0854898, 49.832469 ], [ -97.0840246, 49.8331867 ], [ -97.0878877, 49.8331408 ], [ -97.0853643, 49.8345448 ], [ -97.0882437, 49.8348103 ], [ -97.0877065, 49.8357215 ], [ -97.086052400000014, 49.8355918 ], [ -97.0870294, 49.8368275 ], [ -97.0894603, 49.8364628 ], [ -97.0887303, 49.8393512 ], [ -97.0847779, 49.8405501 ], [ -97.0763333, 49.8406386 ], [ -97.0610052, 49.8106704 ], [ -97.0659816, 49.808932 ], [ -97.0675708, 49.8111861 ], [ -97.0689104, 49.8111256 ], [ -97.067978, 49.812096 ], [ -97.0694126, 49.812199 ], [ -97.0682758, 49.8138627 ], [ -97.0725719, 49.813119 ], [ -97.0723585, 49.8143914 ], [ -97.071200499999989, 49.8142624 ], [ -97.071444, 49.8157321 ], [ -97.0731287, 49.8170509 ], [ -97.0734148, 49.815966 ], [ -97.0749272, 49.8162811 ], [ -97.0751422, 49.8176528 ], [ -97.076627, 49.8164835 ], [ -97.07699, 49.8185721 ], [ -97.0762916, 49.818908799999988 ], [ -97.0775509, 49.8189766 ], [ -97.0770321, 49.8198002 ], [ -97.0784575, 49.8195249 ], [ -97.0770696, 49.8204257 ], [ -97.0779037, 49.8210954 ], [ -97.077582299999989, 49.8217441 ], [ -97.0815176, 49.8217493 ], [ -97.0800874, 49.8237868 ], [ -97.0825388, 49.8237024 ], [ -97.0806067, 49.8264488 ], [ -97.0822148, 49.8268348 ] ] ] } },
{ "type": "Feature", "properties": { "ID": 1198, "Name": "Sage Creek", "Cluster": "St. Boniface East", "Location": "MULTIPOLYGON (((-97.02700749351698 49.840896133013096, -97.03819305193998 49.84089677274978, -97.04009991394435 49.84089682326237, -97.04378482306467 49.840896833271465, -97.04691644274143 49.840896748774576, -97.04937660197726 49.84089662303028, -97.04984747351222 49.84089659300995, -97.0498506110749 49.84066841266598, -97.04986388656874 49.82506159689807, -97.04982914857571 49.819435516443875, -97.04702407021264 49.81555271893438, -97.02954597276154 49.82156916105344, -97.02681965319316 49.822251602395006, -97.02566823172576 49.8224265971261, -97.02555028895561 49.82271740440611, -97.02639419788382 49.82287777679831, -97.0266811982203 49.82293231532626, -97.02669027459709 49.82689317371714, -97.02672972138289 49.84089610338553, -97.02700749351698 49.840896133013096)))", "lon": -97.038811867493649, "lat": 49.829773041550403 }, "geometry": { "type": "Polygon", "coordinates": [ [ [ -97.0270075, 49.8408961 ], [ -97.0266812, 49.8229323 ], [ -97.0256682, 49.8224266 ], [ -97.0470241, 49.8155527 ], [ -97.0498291, 49.8194355 ], [ -97.0498475, 49.8408966 ], [ -97.0270075, 49.8408961 ] ] ] } },
{ "type": "Feature", "properties": { "ID": 110, "Name": "Sargent Park", "Cluster": "Downtown West", "Location": "MULTIPOLYGON (((-97.1732690046294 49.90589332894713, -97.1802404787836 49.90812559535323, -97.18372141809294 49.90923995959967, -97.18639840117142 49.910096555877296, -97.19017736674604 49.90517018042718, -97.19067633959187 49.9045053207491, -97.19098269942427 49.90409709920084, -97.19137437809368 49.903539251198794, -97.1917452091344 49.902995105970724, -97.19206439307858 49.902413102389595, -97.19231536646089 49.901806292427395, -97.19247347641497 49.90126287450592, -97.1925576981861 49.900781599760506, -97.19259441965947 49.90037416997766, -97.19283360279077 49.89757935381207, -97.19310763547833 49.89399488250737, -97.17421890805521 49.893408440285874, -97.17379726248583 49.8989511164843, -97.1732690046294 49.90589332894713)))", "lon": -97.18294910445664, "lat": 49.900693865569572 }, "geometry": { "type": "Polygon", "coordinates": [ [ [ -97.173269, 49.9058933 ], [ -97.1742189, 49.8934084 ], [ -97.1931076, 49.8939949 ], [ -97.1920644, 49.9024131 ], [ -97.1863984, 49.9100966 ], [ -97.173269, 49.9058933 ] ] ] } },
{ "type": "Feature", "properties": { "ID": 1794, "Name": "Saskatchewan North", "Cluster": "St. James-Assiniboia West", "Location": "MULTIPOLYGON (((-97.32149440453034 49.91067812293775, -97.32266896729607 49.89884325633783, -97.32091847930928 49.898820076193765, -97.31496113516995 49.89920190690656, -97.30732369599131 49.899690930988555, -97.29729781521351 49.900371291793356, -97.29553177246096 49.90049102736817, -97.28784898156451 49.90099270824852, -97.2844671955449 49.9011469095608, -97.27703237823589 49.901639006260275, -97.26473425146739 49.90244976184034, -97.2647222477827 49.90258822255848, -97.26470693393455 49.90277108053194, -97.26415320072178 49.9093819636251, -97.26414324543697 49.90950079813955, -97.26355095588008 49.91656656884704, -97.26291141032203 49.92417839945261, -97.26233056566221 49.93107033573676, -97.26230769828932 49.93134161901133, -97.29850571303793 49.931314167245105, -97.29849428075758 49.92923365393181, -97.3211919088272 49.929366223947575, -97.32118292318506 49.92755035119732, -97.32115037002028 49.92727900297519, -97.32111605663415 49.9269350591151, -97.3210708421052 49.92659237787293, -97.32101477200914 49.92625130466717, -97.32094717812022 49.92590879498694, -97.32086863712298 49.92556862866494, -97.3207792297808 49.925231155492625, -97.32017868516047 49.92309983515945, -97.31999060076049 49.92232222588434, -97.31986605719237 49.921531946929875, -97.31980587130964 49.92073418155975, -97.3198102550392 49.91993813270772, -97.31987872143888 49.919145021527605, -97.32001082590017 49.91835999834119, -97.3211511135301 49.91290674318968, -97.32122504253007 49.912537178082495, -97.32129234803175 49.9121663495036, -97.32135300849117 49.91179437615221, -97.32140676384155 49.91142315070669, -97.32145390083633 49.91105102697349, -97.32149440453034 49.91067812293775)))", "lon": -97.292483710123634, "lat": 49.915588330488234 }, "geometry": { "type": "Polygon", "coordinates": [ [ [ -97.322669, 49.8988433 ], [ -97.319810300000015, 49.9199381 ], [ -97.321191900000017, 49.9293662 ], [ -97.298494300000016, 49.9292337 ], [ -97.2985057, 49.9313142 ], [ -97.2623077, 49.9313416 ], [ -97.2647343, 49.9024498 ], [ -97.322669, 49.8988433 ] ] ] } },
{ "type": "Feature", "properties": { "ID": 696, "Name": "Seven Oaks", "Cluster": "Seven Oaks East", "Location": "MULTIPOLYGON (((-97.11021888431675 49.92563319380344, -97.11001311523565 49.926312157644155, -97.10989922346674 49.927199184469565, -97.10989103748548 49.92800659863917, -97.10996076300597 49.92852479810493, -97.11022208379056 49.929344738739644, -97.11062398941385 49.93029826869238, -97.1110444834709 49.931375265329685, -97.11117312460016 49.93181424981383, -97.11143191921131 49.93325229692328, -97.11140204766572 49.93401636541001, -97.11125949965205 49.93480764683135, -97.11105825432537 49.93535047907688, -97.1107769821038 49.9359140838491, -97.1105144922993 49.93627349302196, -97.10997245517234 49.93687583779993, -97.10940162966234 49.93733944010585, -97.10874251828211 49.937758607930085, -97.10798464410352 49.93812503525761, -97.10728567250833 49.938412245502825, -97.10522232520383 49.93896764815081, -97.1042096059638 49.939220664015075, -97.10203888280093 49.939666194385886, -97.10079920095968 49.94000498358526, -97.10219805445628 49.94045711373124, -97.10305662835188 49.94073425391899, -97.10302010856786 49.940743384677205, -97.11237136105794 49.943764820055875, -97.11340567157879 49.94234050173702, -97.11674455149361 49.93774217451551, -97.12104222966718 49.93285244619533, -97.12285753482796 49.92963828938825, -97.12260500522056 49.929556864966244, -97.12241514043679 49.92949567403432, -97.12222527644973 49.92943448289584, -97.11917373974859 49.928450937511236, -97.11946467580027 49.92804907595438, -97.11732290876513 49.92735844628213, -97.1171448373342 49.927791453212166, -97.11296842171446 49.926448323438535, -97.11294972248122 49.9265123202451, -97.11281631521493 49.92646947984729, -97.11228288685908 49.92629753401246, -97.11223654137626 49.92628259520393, -97.11121286587823 49.925952611899255, -97.11021888431675 49.92563319380344)))", "lon": -97.113498777572147, "lat": 49.934692529099408 }, "geometry": { "type": "Polygon", "coordinates": [ [ [ -97.1102189, 49.9256332 ], [ -97.1173229, 49.9273584 ], [ -97.1228575, 49.9296383 ], [ -97.1123714, 49.9437648 ], [ -97.1007992, 49.940005 ], [ -97.1072857, 49.9384122 ], [ -97.110777, 49.9359141 ], [ -97.1114319, 49.9332523 ], [ -97.1099608, 49.9285248 ], [ -97.1102189, 49.9256332 ] ] ] } },
{ "type": "Feature", "properties": { "ID": 21, "Name": "Shaughnessy Park", "Cluster": "Inkster East", "Location": "MULTIPOLYGON (((-97.18338925519303 49.931462949814524, -97.18227018499479 49.92807650482088, -97.1822004883153 49.927907330976495, -97.18213072306331 49.92777053119203, -97.18206446595723 49.92765959658265, -97.18201423935795 49.92758371661132, -97.18194649924284 49.92749083482099, -97.18181814080621 49.927335669428395, -97.18175322694687 49.92726540453797, -97.1817002239327 49.92721142406475, -97.18164745051719 49.92716050482375, -97.18158881449041 49.92710661581736, -97.18153297803259 49.927057716897984, -97.18146813489528 49.927003910338456, -97.18139992136321 49.92695113004949, -97.18132420072142 49.92689328575517, -97.18116155386936 49.926841224503846, -97.17869195188962 49.926050671464914, -97.17441387707922 49.92468101713626, -97.17013419047382 49.9233106130667, -97.16975396907137 49.92318885006468, -97.16955196056482 49.92312400235227, -97.16950992749743 49.92351184167445, -97.16891443636108 49.929124937023865, -97.16689861186718 49.93142149194093, -97.17075485116764 49.93265221802082, -97.17232451376401 49.930607296841316, -97.18349863116356 49.934181828064325, -97.1838365295017 49.93374245415262, -97.18390033625153 49.93365948322285, -97.18404891573319 49.93345922907397, -97.18338925519303 49.931462949814524)))", "lon": -97.175538453996424, "lat": 49.928879488060041 }, "geometry": { "type": "Polygon", "coordinates": [ [ [ -97.1813242, 49.9268933 ], [ -97.1840489, 49.9334592 ], [ -97.1834986, 49.9341818 ], [ -97.1723245, 49.9306073 ], [ -97.1707549, 49.9326522 ], [ -97.1668986, 49.9314215 ], [ -97.1689144, 49.9291249 ], [ -97.169552, 49.923124 ], [ -97.1813242, 49.9268933 ] ] ] } },
{ "type": "Feature", "properties": { "ID": 63, "Name": "Silver Heights", "Cluster": "St. James-Assiniboia East", "Location": "MULTIPOLYGON (((-97.2444908799401 49.87615193375346, -97.2417160629903 49.87646993661897, -97.24095812996013 49.88501577716983, -97.26201263361558 49.885816205515674, -97.26293412694929 49.875388931683915, -97.2607752364918 49.874799704273045, -97.2527538348767 49.87558134622086, -97.25131042922531 49.87568220585045, -97.2444908799401 49.87615193375346)))", "lon": -97.252344729629669, "lat": 49.880494573471772 }, "geometry": { "type": "Polygon", "coordinates": [ [ [ -97.2417161, 49.8764699 ], [ -97.2607752, 49.8747997 ], [ -97.2629341, 49.8753889 ], [ -97.2620126, 49.8858162 ], [ -97.2409581, 49.8850158 ], [ -97.2417161, 49.8764699 ] ] ] } },
{ "type": "Feature", "properties": { "ID": 1492, "Name": "Sir John Franklin", "Cluster": "River Heights West", "Location": "MULTIPOLYGON (((-97.19436448352575 49.87836246683016, -97.19559095040762 49.87843165516682, -97.19614778918935 49.878398492511174, -97.19713874404032 49.87824775281009, -97.19796467019677 49.87808630553639, -97.19875044450492 49.87784405470813, -97.19920084622345 49.87762679904136, -97.19969396599005 49.87746946398143, -97.2004137189481 49.877309836014064, -97.2013191174647 49.8771379793847, -97.2022984876724 49.87695912942638, -97.20305060313892 49.876838937237906, -97.20286075004897 49.876550689285196, -97.20238150684098 49.875823053098536, -97.20517064516572 49.872843237929416, -97.2054809337122 49.869561126691316, -97.20599197981001 49.8641543685749, -97.20461584115607 49.86409995811489, -97.19552399179584 49.8637394957266, -97.19497276743913 49.87071724893908, -97.19474823361172 49.87354873796533, -97.19473071705737 49.87377015713918, -97.19472902949573 49.87379148874895, -97.19471712292119 49.873939244920244, -97.19469779486867 49.87418630582942, -97.19467714156568 49.87444792098354, -97.19466374573881 49.874617603995574, -97.19452305061749 49.8763623820009, -97.19450700334755 49.87656492099753, -97.19439463890912 49.87798214203648, -97.19436448352575 49.87836246683016)))", "lon": -97.199838365798627, "lat": 49.870567130781893 }, "geometry": { "type": "Polygon", "coordinates": [ [ [ -97.1943645, 49.8783625 ], [ -97.195524, 49.8637395 ], [ -97.205992, 49.8641544 ], [ -97.2051706, 49.8728432 ], [ -97.2023815, 49.8758231 ], [ -97.2030506, 49.876838899999989 ], [ -97.1943645, 49.8783625 ] ] ] } },
{ "type": "Feature", "properties": { "ID": 1062, "Name": "South Point Douglas", "Cluster": "Point Douglas South", "Location": "MULTIPOLYGON (((-97.12878433061518 49.89976382127738, -97.12853644107827 49.89986362103639, -97.1270895570515 49.90025041894752, -97.12562053926722 49.9006043066142, -97.12485134838995 49.90077080598204, -97.12440391857764 49.900850713253845, -97.12395959139337 49.90089697269052, -97.12361369553567 49.900909965454865, -97.12113183168391 49.900708256268246, -97.119711506579 49.900641073247094, -97.11615101786634 49.900421756690776, -97.11547394082518 49.90039332243331, -97.11351082062289 49.90040670758991, -97.11269148169588 49.90042822930701, -97.11186117058209 49.90049822339789, -97.11111684574688 49.90061610240208, -97.11060340238014 49.900725161180645, -97.11019752500384 49.90086943609051, -97.10985021728894 49.901065645089346, -97.10956295852446 49.90126265344813, -97.10924900912856 49.901516646693295, -97.10895996182693 49.901869810540184, -97.10876655801917 49.9022152385315, -97.10860335219172 49.90268642398887, -97.10956846446247 49.902758905364166, -97.11495100160424 49.903054115319506, -97.11758886730917 49.90318648948987, -97.11873380856413 49.903348621419234, -97.12191191473516 49.903838909554544, -97.12211420280822 49.90387000357975, -97.12595407254298 49.90445876585961, -97.12846800096634 49.90484414687515, -97.13093703722403 49.905193411315494, -97.1312039641591 49.905259022825895, -97.1322973362931 49.905426881647486, -97.13256967796931 49.90546899321255, -97.13256826964124 49.90547440980928, -97.13395338149444 49.90562582465032, -97.13423036648061 49.905655406382216, -97.1345547976903 49.904396843860475, -97.13502978545154 49.903601575098065, -97.13584658124667 49.90257806858552, -97.13318898451858 49.90172582557653, -97.1335784891925 49.90121732748402, -97.12984433636213 49.90002030946453, -97.1298381789901 49.90002625254087, -97.12980244042207 49.900042946411844, -97.12975675461446 49.900061188842365, -97.12974919286812 49.90006583510517, -97.12937307962422 49.899945164863205, -97.12878433061518 49.89976382127738)))", "lon": -97.123870692944834, "lat": 49.902396787589254 }, "geometry": { "type": "Polygon", "coordinates": [ [ [ -97.1287843, 49.8997638 ], [ -97.1358466, 49.9025781 ], [ -97.1342304, 49.9056554 ], [ -97.1175889, 49.9031865 ], [ -97.1086034, 49.9026864 ], [ -97.1098502, 49.9010656 ], [ -97.1118612, 49.9004982 ], [ -97.1239596, 49.900897 ], [ -97.1287843, 49.8997638 ] ] ] } },
{ "type": "Feature", "properties": { "ID": 1726, "Name": "South Pointe", "Cluster": "Fort Garry South", "Location": "MULTIPOLYGON (((-97.18252342676541 49.76854345419566, -97.1811524918732 49.76881731791638, -97.17941408919548 49.769224290459825, -97.1765305077075 49.770090237363675, -97.17373485347892 49.77107071662253, -97.17369899497136 49.79126162379046, -97.17395250754048 49.79117507680284, -97.17427311189132 49.79106566586259, -97.17569726465607 49.790579635993375, -97.17588021709149 49.79051719690454, -97.17631641661247 49.790368325344765, -97.17675261487886 49.790219452130515, -97.17718880911349 49.790070577218074, -97.17762500209352 49.78992170065118, -97.17806119239663 49.789772823307004, -97.17849737870166 49.78962394336573, -97.1789335637521 49.78947506177009, -97.17936974477071 49.78932617847643, -97.17980592453469 49.7891772935284, -97.18000141347746 49.78911056456624, -97.18024210026687 49.789028406882416, -97.18067827471069 49.7888795194811, -97.18111444515638 49.7887306294829, -97.18155061434739 49.788581737830434, -97.18198677950656 49.78843284448013, -97.18242294341104 49.78828394947558, -97.18285910467223 49.788135052795035, -97.18329526186794 49.78798615531573, -97.18373141784255 49.78783725528328, -97.18416756978534 49.78768835355313, -97.18460372047333 49.787539450168865, -97.1850398671295 49.78739054508695, -97.18547601253087 49.787241638350956, -97.18591215390038 49.7870927299174, -97.18634829398151 49.78694382072879, -97.18678443006435 49.78679490894369, -97.18722056489236 49.78664599550457, -97.1876566956885 49.78649708036801, -97.1879138736308 49.78640926771284, -97.18835000022486 49.78626034991249, -97.18878612556401 49.7861114304582, -97.1892222468713 49.785962509306586, -97.18965836692367 49.78581358650108, -97.19009448291067 49.78566466289728, -97.19053059767624 49.78551573674065, -97.19096670840993 49.78536680888679, -97.19140281788867 49.785217879379125, -97.19183892333552 49.785068948174334, -97.19227502752739 49.78492001531575, -97.18252342676541 49.76854345419566)))", "lon": -97.180804309524035, "lat": 49.780023144425741 }, "geometry": { "type": "Polygon", "coordinates": [ [ [ -97.1825234, 49.7685435 ], [ -97.192275, 49.78492 ], [ -97.173699, 49.7912616 ], [ -97.1737349, 49.7710707 ], [ -97.1825234, 49.7685435 ] ] ] } },
{ "type": "Feature", "properties": { "ID": 88, "Name": "South Portage", "Cluster": "Downtown East", "Location": "MULTIPOLYGON (((-97.15086574062387 49.89093332108576, -97.15057013718595 49.89039198181332, -97.14957537888537 49.88889591761694, -97.14840416971253 49.88915951129627, -97.14792331156607 49.88827328448574, -97.14661581246271 49.888567507537616, -97.14545824019703 49.88643532276387, -97.13485507236165 49.888838599200774, -97.13569318319676 49.89039567467725, -97.13385719276656 49.89081694815992, -97.13386937743348 49.890841618268766, -97.13390328173641 49.89088940292374, -97.13469570291065 49.892376072543044, -97.13484461816437 49.89303619138423, -97.13483376427502 49.89312217197089, -97.13501096716749 49.893178157092514, -97.13694442962024 49.893789409289205, -97.13752129097271 49.89376477487937, -97.13728630691162 49.89333130437315, -97.13872620732226 49.89300558751, -97.13981744644234 49.89502265001682, -97.15086574062387 49.89093332108576)))", "lon": -97.141957352821649, "lat": 49.890614461343048 }, "geometry": { "type": "Polygon", "coordinates": [ [ [ -97.1508657, 49.8909333 ], [ -97.1398174, 49.8950227 ], [ -97.1387262, 49.8930056 ], [ -97.1369444, 49.8937894 ], [ -97.1348338, 49.8931222 ], [ -97.1338572, 49.8908169 ], [ -97.1356932, 49.8903957 ], [ -97.1348551, 49.8888386 ], [ -97.1454582, 49.8864353 ], [ -97.1466158, 49.8885675 ], [ -97.149575399999989, 49.8888959 ], [ -97.1508657, 49.8909333 ] ] ] } },
{ "type": "Feature", "properties": { "ID": 58, "Name": "South River Heights", "Cluster": "River Heights West", "Location": "MULTIPOLYGON (((-97.17613169419668 49.85075542106621, -97.17612855136285 49.85079205718237, -97.17608948186712 49.851247486666225, -97.1760780337553 49.851378723980595, -97.17593601321427 49.85140220451063, -97.17553569248497 49.85603766144563, -97.17836692420258 49.856139491651405, -97.18113669995859 49.85623904419929, -97.1852604549061 49.856387138791064, -97.18793624132041 49.85648315421622, -97.19049571523635 49.856583188033454, -97.19607279410546 49.856808983938805, -97.1967207296841 49.84861573784638, -97.19243694347468 49.84901638362986, -97.17887194168459 49.85028344911984, -97.17615035641555 49.850537882085604, -97.17613850108876 49.85067607761223, -97.17613169419668 49.85075542106621)))", "lon": -97.186774026905212, "lat": 49.852982007426768 }, "geometry": { "type": "Polygon", "coordinates": [ [ [ -97.1761317, 49.8507554 ], [ -97.1967207, 49.8486157 ], [ -97.1960728, 49.856809 ], [ -97.1755357, 49.8560377 ], [ -97.1761317, 49.8507554 ] ] ] } },
{ "type": "Feature", "properties": { "ID": 155, "Name": "South Tuxedo", "Cluster": "Assiniboine South", "Location": "MULTIPOLYGON (((-97.22818766305151 49.84566080369317, -97.21311979353841 49.84707139211923, -97.2077481333982 49.847584235586766, -97.20755539371444 49.847602213399405, -97.20696835030512 49.85381441075006, -97.20664746664328 49.85722904639039, -97.21039461870745 49.85737726009525, -97.21119437494572 49.85740867228196, -97.21198334556104 49.857437034727376, -97.21509528101112 49.85749795321374, -97.21738547420588 49.85743904296804, -97.21870395289524 49.85738224359962, -97.21950232701889 49.85733902374611, -97.22214167130518 49.857041218314166, -97.22307679959349 49.85712912361541, -97.22386957472246 49.85720395812114, -97.2242939446961 49.85724796239184, -97.22536551462275 49.85740727692131, -97.22584093996505 49.857523373098246, -97.22648206072176 49.857641913058906, -97.22698073475145 49.857740463889414, -97.22729771928235 49.8577940557229, -97.22769241390206 49.85780584772118, -97.23045107249435 49.85790888418511, -97.2307518468464 49.85484633002981, -97.23168585709794 49.84533320872601, -97.22818766305151 49.84566080369317)))", "lon": -97.219566681458758, "lat": 49.851926784058257 }, "geometry": { "type": "Polygon", "coordinates": [ [ [ -97.2075554, 49.8476022 ], [ -97.231685900000016, 49.8453332 ], [ -97.2304511, 49.8579089 ], [ -97.2221417, 49.8570412 ], [ -97.206647500000017, 49.857229 ], [ -97.2075554, 49.8476022 ] ] ] } },
{ "type": "Feature", "properties": { "ID": 1566, "Name": "Southboine", "Cluster": "Assiniboine South", "Location": "MULTIPOLYGON (((-97.29072366284714 49.8619615225259, -97.29071550970124 49.86205109060563, -97.29070055872918 49.86221533541259, -97.29066787902012 49.8625743416542, -97.2906247529027 49.86304811225291, -97.29062462093196 49.86304956186604, -97.29062171906992 49.86308143693619, -97.29060438588363 49.86327183803758, -97.29056138564061 49.863744178512775, -97.2907467335238 49.86378580440366, -97.29173655800176 49.86385384608939, -97.29403924294436 49.863851741695264, -97.29534482294773 49.86393718084765, -97.29631138501573 49.86395139246952, -97.29783096864023 49.863880764578674, -97.29852975950678 49.86394447369475, -97.29934333457996 49.86411792236908, -97.30027333422294 49.86440577992168, -97.30219708942498 49.8652147923155, -97.30309977084977 49.86551384609969, -97.30404965763321 49.86574851546893, -97.30505671378293 49.86594218357546, -97.30726374541929 49.86631372016387, -97.3077867129027 49.86636899566039, -97.30879963798826 49.86639539903849, -97.30972394603589 49.86638564341914, -97.3104648841104 49.86642781828888, -97.31099477452857 49.86654243855168, -97.31151252555325 49.86674750995619, -97.31191655231899 49.86706943947716, -97.31225690382246 49.866694006582684, -97.31242642554442 49.86649658084545, -97.31251223533174 49.86567356196449, -97.31253160025453 49.8654865076219, -97.31255034795316 49.865306179680694, -97.31256311289455 49.86518340947191, -97.31256905708416 49.86512623525345, -97.31259153883798 49.864909979281606, -97.31259432838714 49.86488315566557, -97.31261309006025 49.86470269117958, -97.3126199658444 49.86463654818979, -97.31263242061486 49.86451675796085, -97.31264839246035 49.86436311797431, -97.31265118193903 49.864336294353826, -97.31266994313808 49.86415582983788, -97.31267681874846 49.8640896868371, -97.31268870418069 49.863975365312015, -97.31270524467743 49.863816255677165, -97.31270746506685 49.863794900776284, -97.31272622576525 49.8636144371297, -97.31273367021596 49.86354282539357, -97.31275052389444 49.863380707902365, -97.31275778855255 49.86331081967057, -97.31277888581573 49.86310140413054, -97.31111210504343 49.86279685926145, -97.2927398494498 49.85943814786212, -97.29098259600605 49.85911672039894, -97.29097110939679 49.85924292824238, -97.29096728972449 49.85928489630085, -97.29095837750546 49.85938282417301, -97.29093356212525 49.859655471004345, -97.29090946414856 49.85992023803396, -97.29089337142298 49.860097048206335, -97.2908798921067 49.8602451382771, -97.29086518767325 49.86040669099851, -97.2908487675185 49.860587091602774, -97.29083065407151 49.86078609755501, -97.29082760916612 49.8608195480203, -97.29081265905904 49.860983792883225, -97.29079770880487 49.86114803863771, -97.2907827598578 49.86131228350623, -97.29076156052268 49.86154517104055, -97.29073501019595 49.861836863234544, -97.29072366284714 49.8619615225259)))", "lon": -97.301565374228474, "lat": 49.863073283636218 }, "geometry": { "type": "Polygon", "coordinates": [ [ [ -97.2907467, 49.863785799999988 ], [ -97.2909826, 49.8591167 ], [ -97.3127789, 49.8631014 ], [ -97.3124264, 49.8664966 ], [ -97.311916599999989, 49.8670694 ], [ -97.3050567, 49.8659422 ], [ -97.2985298, 49.8639445 ], [ -97.2907467, 49.863785799999988 ] ] ] } },
{ "type": "Feature", "properties": { "ID": 1194, "Name": "Southdale", "Cluster": "St. Boniface East", "Location": "MULTIPOLYGON (((-97.05500419734578 49.84729513035875, -97.05525708478892 49.84739152192573, -97.05550088385897 49.847484448414505, -97.05572241795325 49.84756888719068, -97.05594873458773 49.84765514813282, -97.05618235352013 49.847744190985225, -97.05640137029914 49.847827668716214, -97.05662768937606 49.847913928357485, -97.05684670913162 49.847997404387144, -97.0570803299723 49.84808644633914, -97.05731395171652 49.84817548693016, -97.05754757571843 49.84826452708242, -97.05778119916167 49.8483535676482, -97.05801482350842 49.848442606853006, -97.05824845011287 49.848531645619026, -97.05848207615864 49.848620684798576, -97.05878568297953 49.848736392568284, -97.05931824808377 49.84893935514494, -97.06087756526078 49.84953359566873, -97.06088908576501 49.852189575842374, -97.06090395702101 49.85561903503993, -97.06090432546166 49.85570123972259, -97.06090580544073 49.856031451555936, -97.0652566795854 49.85591346262292, -97.08393928586368 49.855893581235314, -97.08414816666252 49.85588997336022, -97.07990592727407 49.8475869307698, -97.0763333102219 49.84063858267248, -97.0498506110749 49.84066841266598, -97.04984747351222 49.84089659300995, -97.04973020691357 49.841760971214875, -97.049750479288 49.84805769607455, -97.0531747315556 49.848047047980494, -97.05317438783035 49.847937422515415, -97.05332278181402 49.84793721534324, -97.05493356340533 49.84793415999323, -97.05493122935506 49.847267317728125, -97.05500419734578 49.84729513035875)))", "lon": -97.067318203790904, "lat": 49.847834942414316 }, "geometry": { "type": "Polygon", "coordinates": [ [ [ -97.0550042, 49.8472951 ], [ -97.0549336, 49.8479342 ], [ -97.0497505, 49.8480577 ], [ -97.0498506, 49.8406684 ], [ -97.0763333, 49.8406386 ], [ -97.0841482, 49.85589 ], [ -97.0609058, 49.8560315 ], [ -97.0608776, 49.8495336 ], [ -97.0550042, 49.8472951 ] ] ] } },
{ "type": "Feature", "properties": { "ID": 1196, "Name": "Southland Park", "Cluster": "St. Boniface East", "Location": "MULTIPOLYGON (((-97.04984747351222 49.84089659300995, -97.04937660197726 49.84089662303028, -97.04691644274143 49.840896748774576, -97.04378482306467 49.840896833271465, -97.04009991394435 49.84089682326237, -97.03819305193998 49.84089677274978, -97.02700749351698 49.840896133013096, -97.02672972138289 49.84089610338553, -97.02672934004181 49.84144433497683, -97.02672925825028 49.84162288485899, -97.02676732166012 49.854856337863325, -97.03044492863327 49.85522488801554, -97.03441941661174 49.85603449846772, -97.04956490896836 49.856032553908456, -97.04977600769861 49.85603250924973, -97.049750479288 49.84805769607455, -97.04973020691357 49.841760971214875, -97.04984747351222 49.84089659300995)))", "lon": -97.038386092698602, "lat": 49.848354805496292 }, "geometry": { "type": "Polygon", "coordinates": [ [ [ -97.0498475, 49.8408966 ], [ -97.049776, 49.8560325 ], [ -97.0344194, 49.8560345 ], [ -97.026767299999989, 49.854856299999987 ], [ -97.0267297, 49.8408961 ], [ -97.0498475, 49.8408966 ] ] ] } },
{ "type": "Feature", "properties": { "ID": 197, "Name": "Spence", "Cluster": "Downtown East", "Location": "MULTIPOLYGON (((-97.15874203123396 49.89293971008689, -97.15906440761857 49.88838411981364, -97.15520330394227 49.88943099035775, -97.1549643132271 49.8928230117676, -97.15334320607775 49.89276761032359, -97.15249885711692 49.892924397160655, -97.15215068793061 49.89298899436726, -97.1522583510509 49.89325735836684, -97.15244767821072 49.89372937040537, -97.15213748051873 49.89811687337923, -97.15206436487608 49.89915304480231, -97.15816435938135 49.901100867312095, -97.15874203123396 49.89293971008689)))", "lon": -97.155886911156628, "lat": 49.89510554642191 }, "geometry": { "type": "Polygon", "coordinates": [ [ [ -97.1590644, 49.8883841 ], [ -97.1581644, 49.9011009 ], [ -97.1520644, 49.899153 ], [ -97.1521507, 49.892989 ], [ -97.154964299999989, 49.892823 ], [ -97.1552033, 49.889431 ], [ -97.1590644, 49.8883841 ] ] ] } },
{ "type": "Feature", "properties": { "ID": 753, "Name": "Springfield North", "Cluster": "River East East", "Location": "MULTIPOLYGON (((-97.04852058527811 49.9309250577115, -97.04458911272427 49.93087130444898, -97.04331859417243 49.93244185193761, -97.04161827582112 49.93421009221042, -97.04103641025823 49.9348152190494, -97.03995853104897 49.93608713289662, -97.03824818598603 49.93835793971675, -97.03250873347368 49.945926421298296, -97.0334604459259 49.946350340057904, -97.03415153786025 49.946658162089975, -97.03517717341367 49.947114979992115, -97.03620282851364 49.94757178901988, -97.03722850176737 49.94802858914926, -97.03825419596113 49.94848538042697, -97.03860365376748 49.94864100643002, -97.03895311519933 49.94879663232524, -97.03928026572528 49.94894232086524, -97.03930333472117 49.948952593791795, -97.03966945207036 49.94911563328856, -97.03989234621568 49.94921489134653, -97.04023447980461 49.94936724687644, -97.04030557589822 49.949398906436876, -97.04133122603943 49.94985562527643, -97.0423568957247 49.95031233524075, -97.0433143039218 49.95073863411092, -97.04354737467918 49.95084240968088, -97.04372095474122 49.95091966525924, -97.05822285321047 49.93947016290031, -97.06289907261926 49.93578149523726, -97.06298958560356 49.93570986948352, -97.062798686409 49.93564650044036, -97.06264411905191 49.935595491879376, -97.05232944866259 49.932190856963466, -97.05209936522648 49.93211424738256, -97.04852058527811 49.9309250577115)))", "lon": -97.046645780624118, "lat": 49.940208279615341 }, "geometry": { "type": "Polygon", "coordinates": [ [ [ -97.048520599999989, 49.9309251 ], [ -97.0629896, 49.9357099 ], [ -97.043721, 49.9509197 ], [ -97.0325087, 49.9459264 ], [ -97.0445891, 49.9308713 ], [ -97.048520599999989, 49.9309251 ] ] ] } },
{ "type": "Feature", "properties": { "ID": 799, "Name": "Springfield South", "Cluster": "River East East", "Location": "MULTIPOLYGON (((-97.05267647716687 49.923268960230715, -97.04721806260741 49.92894751207843, -97.046537279471 49.92875168238426, -97.04458911272427 49.93087130444898, -97.04852058527811 49.9309250577115, -97.05209936522648 49.93211424738256, -97.05935836645298 49.92964647062889, -97.06197803790228 49.92636551221172, -97.05267647716687 49.923268960230715)))", "lon": -97.053709687346199, "lat": 49.928003540861781 }, "geometry": { "type": "Polygon", "coordinates": [ [ [ -97.0526765, 49.923269 ], [ -97.061978, 49.926365499999989 ], [ -97.0593584, 49.9296465 ], [ -97.052099399999989, 49.9321142 ], [ -97.048520599999989, 49.9309251 ], [ -97.0445891, 49.9308713 ], [ -97.0526765, 49.923269 ] ] ] } },
{ "type": "Feature", "properties": { "ID": 1831, "Name": "St. Boniface Industrial Park", "Cluster": "St. Boniface East", "Location": "MULTIPOLYGON (((-97.02697030171664 49.878400328944686, -97.0271101482537 49.87840026956449, -97.02802192663229 49.8783998899857, -97.02998746901514 49.878399048162876, -97.0299914429814 49.88021047430389, -97.02999180122735 49.88039025882138, -97.02999505265053 49.881954063809744, -97.02999516639997 49.88200801491493, -97.02999519919298 49.88202337430504, -97.03000004409758 49.884296591832644, -97.03000050394292 49.88451237818933, -97.03000154396493 49.88500055892383, -97.03097436684783 49.88500026381137, -97.03097577643314 49.88563047392194, -97.03097620484675 49.885822277133386, -97.03098389588459 49.88600039920155, -97.03372178616628 49.88589765126626, -97.03782921972937 49.88585825067179, -97.05985366711369 49.88582542085083, -97.06704740920249 49.88593697471735, -97.07219524637517 49.8859331967655, -97.07218272382515 49.88294144208598, -97.0721816122914 49.88264487598668, -97.07222423911973 49.881925017332435, -97.0721644240305 49.87668603443648, -97.07120420536715 49.876287902918385, -97.06796253080316 49.87494371599267, -97.06796465740992 49.87564086704754, -97.06776681882282 49.875591628296014, -97.06096032790205 49.87389731082219, -97.06096129980789 49.87419126594055, -97.05535645501455 49.87279569181932, -97.04975653130707 49.87140099426309, -97.04975550019809 49.871107025330716, -97.04975486580784 49.87092616627968, -97.04975331485032 49.870484019553395, -97.04947301404881 49.87036770351174, -97.0457221556734 49.8688110930744, -97.04386956790019 49.86804218581186, -97.04200092197738 49.86726655831368, -97.03826774724796 49.865716851069344, -97.03394146516445 49.86392066172114, -97.0336148831169 49.863785059112125, -97.02707234343532 49.86378619050198, -97.02679132345148 49.863786230824395, -97.02681052071276 49.870939032665724, -97.02681094038968 49.87111986920651, -97.02695085309944 49.87111981438662, -97.02697030171664 49.878400328944686)))", "lon": -97.046607932358199, "lat": 49.877178869286453 }, "geometry": { "type": "Polygon", "coordinates": [ [ [ -97.0269703, 49.8784003 ], [ -97.0267913, 49.8637862 ], [ -97.033614899999989, 49.8637851 ], [ -97.0497533, 49.870484 ], [ -97.0497565, 49.871401 ], [ -97.0679647, 49.8756409 ], [ -97.0679625, 49.8749437 ], [ -97.0721644, 49.876686 ], [ -97.07219520000001, 49.8859332 ], [ -97.0309839, 49.8860004 ], [ -97.0309744, 49.8850003 ], [ -97.0300015, 49.8850006 ], [ -97.0299875, 49.878399 ], [ -97.0269703, 49.8784003 ] ] ] } },
{ "type": "Feature", "properties": { "ID": 176, "Name": "St. George", "Cluster": "St. Vital North", "Location": "MULTIPOLYGON (((-97.09778447350816 49.84685815933517, -97.09903454641416 49.84884350681654, -97.09925056150696 49.84918051051849, -97.10090803663468 49.85133930790825, -97.10392700534817 49.855300735819924, -97.10550501700406 49.85463828759397, -97.11194117815575 49.85247791843012, -97.11285399149735 49.84551988149049, -97.11239657280079 49.84182642203331, -97.09778447350816 49.84685815933517)))", "lon": -97.106479855373976, "lat": 49.848595362227996 }, "geometry": { "type": "Polygon", "coordinates": [ [ [ -97.0977845, 49.8468582 ], [ -97.1123966, 49.8418264 ], [ -97.112854, 49.8455199 ], [ -97.1119412, 49.8524779 ], [ -97.103927, 49.8553007 ], [ -97.0977845, 49.8468582 ] ] ] } },
{ "type": "Feature", "properties": { "ID": 391, "Name": "St. James Industrial", "Cluster": "St. James-Assiniboia East", "Location": "MULTIPOLYGON (((-97.21707646558109 49.89718553089091, -97.21711637333343 49.896759362124044, -97.21715478605842 49.89634913996306, -97.21717604344755 49.89612213983105, -97.2171841335321 49.896035743036784, -97.21735367882752 49.89604091934257, -97.21781965055428 49.89106059340009, -97.20569670578519 49.89060027706652, -97.2059261140739 49.88839205489219, -97.20582494575527 49.8875166253907, -97.2037251270332 49.887437146378716, -97.20209216642762 49.8873754094681, -97.20191925979653 49.88953945906369, -97.20169472441015 49.892350874211374, -97.20155433086255 49.89411674923177, -97.20154280386143 49.89425285948423, -97.19310763547833 49.89399488250737, -97.19283360279077 49.89757935381207, -97.19259441965947 49.90037416997766, -97.1925576981861 49.900781599760506, -97.19247347641497 49.90126287450592, -97.19231536646089 49.901806292427395, -97.19206439307858 49.902413102389595, -97.1917452091344 49.902995105970724, -97.19137437809368 49.903539251198794, -97.19098269942427 49.90409709920084, -97.19067633959187 49.9045053207491, -97.19017736674604 49.90517018042718, -97.18639840117142 49.910096555877296, -97.18965476330081 49.91113840367622, -97.19510471814026 49.916365274062194, -97.19510473912435 49.916460433834295, -97.1996276819346 49.916457394165406, -97.20676070006158 49.91645488644695, -97.21798987485397 49.9164484223007, -97.2179859175279 49.912952137123376, -97.21777592242093 49.91298038241047, -97.21717931043356 49.913060627144205, -97.21690549269495 49.91305264547747, -97.21648162823 49.91304028885783, -97.21563390146393 49.91301557099763, -97.21478617436802 49.912990846027284, -97.2139384482683 49.912966115766174, -97.21319668843597 49.912944471480095, -97.21239135034183 49.91292096604242, -97.21156482016431 49.912896836658916, -97.21139513295272 49.912891901997746, -97.21190552858192 49.90563829037728, -97.21207638186213 49.90562526131699, -97.21208931443468 49.90544139504152, -97.21209710463845 49.905330636519075, -97.21210489479988 49.9052198779937, -97.21222514747093 49.905210531760424, -97.21254959593875 49.90174163678231, -97.21255982749642 49.90163223509229, -97.21415088037273 49.90168085750858, -97.21431292749902 49.899764546810125, -97.21449812547401 49.8997701881123, -97.21682872791546 49.89984115807153, -97.21699812925137 49.899846314735164, -97.21724596347993 49.897191252150286, -97.21707646558109 49.89718553089091)))", "lon": -97.203516010890581, "lat": 49.903762415337944 }, "geometry": { "type": "Polygon", "coordinates": [ [ [ -97.2178197, 49.8910606 ], [ -97.2169981, 49.8998463 ], [ -97.2143129, 49.8997645 ], [ -97.2141509, 49.9016809 ], [ -97.2125598, 49.9016322 ], [ -97.2113951, 49.9128919 ], [ -97.2179859, 49.9129521 ], [ -97.2179899, 49.9164484 ], [ -97.1951047, 49.9164604 ], [ -97.1896548, 49.9111384 ], [ -97.1863984, 49.9100966 ], [ -97.1920644, 49.9024131 ], [ -97.1931076, 49.8939949 ], [ -97.2015428, 49.8942529 ], [ -97.2020922, 49.887375399999989 ], [ -97.20582490000001, 49.8875166 ], [ -97.2056967, 49.890600299999988 ], [ -97.2178197, 49.8910606 ] ] ] } },
{ "type": "Feature", "properties": { "ID": 201, "Name": "St. John's", "Cluster": "Point Douglas North", "Location": "MULTIPOLYGON (((-97.12696892060717 49.922361328337324, -97.12606143199645 49.92396777124321, -97.1233598476349 49.92874872404055, -97.13656472298183 49.93300403085252, -97.14412685537728 49.92319221717338, -97.14420296386423 49.9230711286506, -97.14514429985779 49.921856649473995, -97.13675964947338 49.919150970776485, -97.13102378695088 49.91730057313718, -97.13097876686345 49.9173567741014, -97.12696892060717 49.922361328337324)))", "lon": -97.133933447968914, "lat": 49.925117897773951 }, "geometry": { "type": "Polygon", "coordinates": [ [ [ -97.1269689, 49.9223613 ], [ -97.1310238, 49.9173006 ], [ -97.1451443, 49.9218566 ], [ -97.1365647, 49.933004 ], [ -97.123359799999989, 49.9287487 ], [ -97.1269689, 49.9223613 ] ] ] } },
{ "type": "Feature", "properties": { "ID": 1024, "Name": "St. John's Park", "Cluster": "Point Douglas North", "Location": "MULTIPOLYGON (((-97.12662760861205 49.915952486803896, -97.12651598952466 49.91614695699531, -97.12615818175183 49.916650103675146, -97.12575734273389 49.917102590214974, -97.12532412479602 49.91755455180805, -97.12469189323615 49.91812645836472, -97.12402324445564 49.91852348136994, -97.1230705135292 49.91896005547234, -97.12233972352763 49.91919571519239, -97.12134001309059 49.91940493614601, -97.12031979633007 49.919585929498325, -97.11912907774665 49.91975485240979, -97.11805862706623 49.91987828993558, -97.11740788958241 49.919960457797245, -97.11702168733916 49.92003435666168, -97.11657832765587 49.92014334667929, -97.11604777797189 49.92032522866162, -97.11686332568573 49.920829044116424, -97.11747198976352 49.921205043962196, -97.12606143199645 49.92396777124321, -97.12696892060717 49.922361328337324, -97.13097876686345 49.9173567741014, -97.12759204623491 49.916263769178705, -97.12662760861205 49.915952486803896)))", "lon": -97.1245732089874, "lat": 49.92010724236853 }, "geometry": { "type": "Polygon", "coordinates": [ [ [ -97.1266276, 49.9159525 ], [ -97.1309788, 49.9173568 ], [ -97.1260614, 49.9239678 ], [ -97.1160478, 49.9203252 ], [ -97.1230705, 49.9189601 ], [ -97.1266276, 49.9159525 ] ] ] } },
{ "type": "Feature", "properties": { "ID": 199, "Name": "St. Matthews", "Cluster": "Downtown West", "Location": "MULTIPOLYGON (((-97.15874203123396 49.89293971008689, -97.17421890805521 49.893408440285874, -97.17488324870624 49.884630239562576, -97.17133760765726 49.88508058343963, -97.16052319541133 49.887991613787776, -97.15906440761857 49.88838411981364, -97.15874203123396 49.89293971008689)))", "lon": -97.16757804835855, "lat": 49.889645097893947 }, "geometry": { "type": "Polygon", "coordinates": [ [ [ -97.158742, 49.8929397 ], [ -97.1590644, 49.8883841 ], [ -97.1748832, 49.8846302 ], [ -97.1742189, 49.8934084 ], [ -97.158742, 49.8929397 ] ] ] } },
{ "type": "Feature", "properties": { "ID": 1743, "Name": "St. Norbert", "Cluster": "Fort Garry South", "Location": "MULTIPOLYGON (((-97.16066961338832 49.774482457651125, -97.16066198654056 49.77349721062709, -97.16047085111654 49.772543417976046, -97.16008997616656 49.771589700920394, -97.15954300499439 49.77069535409928, -97.15849324310886 49.76924466105203, -97.15777922144505 49.7682592005053, -97.15474830858105 49.76407037572512, -97.15418515616842 49.76329123933663, -97.15399576244823 49.7633487286211, -97.15324835695405 49.763687545825874, -97.15296003253155 49.763720898101106, -97.15235035882327 49.763702549313194, -97.1519524626241 49.76368806424145, -97.15155760744436 49.76365572538654, -97.15131424649091 49.7635933845991, -97.15104999857417 49.76349014981561, -97.1508312567586 49.76330727867895, -97.15063852051453 49.76309210326108, -97.15042953296309 49.762799895744635, -97.14997291470118 49.762350939256585, -97.14982086849385 49.76213096111208, -97.14968591532157 49.76185603654494, -97.14928062284905 49.761310498933526, -97.14883946546851 49.76104848712435, -97.14831351894975 49.760905359467436, -97.14784209767592 49.76084584032062, -97.14740600170198 49.76077879023649, -97.14692735707398 49.76064450684471, -97.14656514377646 49.76041459650402, -97.14635729199314 49.76014830410919, -97.14631298766882 49.75979685356683, -97.14624149159282 49.75956997566631, -97.14609695092203 49.75941504469588, -97.14584403348135 49.75934282643504, -97.14561153361072 49.75939270478396, -97.1454452165135 49.75954751584574, -97.14530754582769 49.75980674877515, -97.14510249659983 49.76005833735333, -97.14480494832618 49.760300439931626, -97.14446480491667 49.76041352395325, -97.14409595286139 49.76042380239436, -97.14374063728074 49.76034346353144, -97.14340182611008 49.76015780591769, -97.14318963057667 49.75993676472107, -97.14306389833224 49.75975128417738, -97.14294760401197 49.75945065973856, -97.14287997591168 49.759119968203045, -97.1429392933904 49.758814065290416, -97.14311274699669 49.758472579771336, -97.14335435244838 49.75818425812385, -97.14366547885462 49.75791323830013, -97.14401976617093 49.75769318224829, -97.14445257392723 49.75758158413097, -97.14491662851135 49.75750618857483, -97.14541823249074 49.75736484143308, -97.14577188742751 49.75716104793925, -97.1458868709263 49.756908016383484, -97.1458980120903 49.75661590999339, -97.14574459864747 49.75636667577162, -97.14554474428849 49.756152401475404, -97.1452763441311 49.75596131130211, -97.14491107258962 49.755812646596375, -97.14446507150973 49.75574542651108, -97.14376854455791 49.755676059689705, -97.14338279111786 49.75566800696285, -97.14298637671328 49.755744390904916, -97.14264452381568 49.755902948629654, -97.14217477607781 49.756127623776585, -97.14183308178701 49.75634778632098, -97.14149141919307 49.756498159738506, -97.14140908359643 49.75652063169682, -97.1403936217795 49.75679777640171, -97.14056310599017 49.757149668332524, -97.14076036857504 49.75780702202138, -97.14082157805782 49.75831694571603, -97.1408218806367 49.759200044719435, -97.14069784479605 49.76094216427345, -97.14055581081729 49.76170097160839, -97.13984245770219 49.76417031341737, -97.13971392722685 49.7647631753068, -97.13964252565708 49.76531628581813, -97.13950604289903 49.76676428126792, -97.13934116970628 49.77013915233353, -97.13922983567646 49.771334241761565, -97.1393764006827 49.772665121821284, -97.14014359847364 49.77366153553656, -97.14102226785212 49.77412832287417, -97.14208140057532 49.774299067307865, -97.14314892754678 49.77429991734058, -97.14452757027648 49.77400014525043, -97.14582581329829 49.77350270262532, -97.14692747995748 49.77289054359491, -97.14822312958772 49.7719421867485, -97.14980393801193 49.77097221408949, -97.1507221910369 49.77062726176655, -97.15201723574718 49.77039809465172, -97.1531400296043 49.7705484741948, -97.15391852198712 49.77092925162112, -97.15441980697405 49.771522886620595, -97.15472747059896 49.77211568339043, -97.15472503563217 49.77265020916715, -97.15437385077767 49.77326632422936, -97.15389384221156 49.77384540105591, -97.1533765163651 49.77437975371335, -97.15421276661526 49.77459906692214, -97.15440802085914 49.774530997768, -97.15612798939847 49.77393135945831, -97.15643517484332 49.773824260097264, -97.15660469630681 49.77706280356061, -97.16056205705321 49.775678888086134, -97.16066961338832 49.774482457651125)))", "lon": -97.148188603409082, "lat": 49.76739362539977 }, "geometry": { "type": "Polygon", "coordinates": [ [ [ -97.16009, 49.7715897 ], [ -97.1605621, 49.7756789 ], [ -97.1566047, 49.7770628 ], [ -97.1564352, 49.7738243 ], [ -97.1533765, 49.7743798 ], [ -97.1547275, 49.7721157 ], [ -97.153918499999989, 49.7709293 ], [ -97.152017199999989, 49.7703981 ], [ -97.144527599999989, 49.7740001 ], [ -97.1401436, 49.7736615 ], [ -97.1392298, 49.7713342 ], [ -97.1406978, 49.7609422 ], [ -97.1403936, 49.7567978 ], [ -97.1433828, 49.755668 ], [ -97.1452763, 49.7559613 ], [ -97.1457719, 49.757161 ], [ -97.1429393, 49.7588141 ], [ -97.1434018, 49.7601578 ], [ -97.1444648, 49.7604135 ], [ -97.146097, 49.759415 ], [ -97.14692740000001, 49.7606445 ], [ -97.1492806, 49.7613105 ], [ -97.15105, 49.7634901 ], [ -97.1541852, 49.7632912 ], [ -97.16009, 49.7715897 ] ] ] } },
{ "type": "Feature", "properties": { "ID": 161, "Name": "St. Vital Centre", "Cluster": "St. Vital South", "Location": "MULTIPOLYGON (((-97.11260300846065 49.824773563491455, -97.11250064655304 49.82480890837133, -97.11231371132455 49.82487345524116, -97.11212685165461 49.824937976956086, -97.11192055767151 49.82500920779636, -97.11169318443152 49.82508771632958, -97.11150632174055 49.82515223699957, -97.1113194585583 49.82521675736171, -97.11094573214446 49.82534579628612, -97.11075886891292 49.82541031484841, -97.1107533750605 49.8254122122981, -97.11057200376551 49.8254748339791, -97.11038611061903 49.825539016951474, -97.11038513955138 49.82553935192567, -97.1101982734214 49.82560387044066, -97.10999148757422 49.8256752661462, -97.10997814468092 49.825679872596815, -97.10976115546599 49.82575478946721, -97.1095144915895 49.82583995208067, -97.10926393825139 49.82592645664496, -97.10906585857138 49.82599484357282, -97.10887898897292 49.826059359914225, -97.10869211891824 49.82612387504881, -97.10845666345665 49.8262051642623, -97.10828683529618 49.82626379527735, -97.10820999366359 49.82629032401607, -97.10801990825557 49.82635594864721, -97.10783303733197 49.82642046238906, -97.10752230539296 49.826527736119395, -97.10727204526027 49.826614132345746, -97.10702537135633 49.826699289523155, -97.10683849642858 49.8267638016037, -97.10665162236405 49.826828314297956, -97.10631524674034 49.82694443527486, -97.10609099447872 49.827021849589016, -97.1059041184842 49.82708636015273, -97.1057172405737 49.82715087128476, -97.10553036220705 49.82721538120994, -97.1053434847036 49.82727989174884, -97.10515660535441 49.82734440105818, -97.10496972686842 49.82740891098126, -97.10478284653668 49.827473419674746, -97.10477851224456 49.82747491663503, -97.1045562793847 49.827551670177165, -97.10507087665133 49.828175101923826, -97.10889241217397 49.83280430690621, -97.11504590377434 49.830709022948554, -97.11443569784994 49.82592154018951, -97.1140115902755 49.82384609490723, -97.11381412620024 49.82391436999441, -97.1131590554239 49.82414086314046, -97.1129648677114 49.82420800313031, -97.11302469725125 49.824280424159895, -97.11324808106306 49.82455081904452, -97.11306122388474 49.82461534139982, -97.11287436479063 49.824679864323585, -97.11268750662974 49.824744386063216, -97.11260300846065 49.824773563491455)))", "lon": -97.110601683009534, "lat": 49.828574637474887 }, "geometry": { "type": "Polygon", "coordinates": [ [ [ -97.1045563, 49.8275517 ], [ -97.1140116, 49.8238461 ], [ -97.1150459, 49.830709 ], [ -97.1088924, 49.8328043 ], [ -97.1045563, 49.8275517 ] ] ] } },
{ "type": "Feature", "properties": { "ID": 1670, "Name": "St. Vital Perimeter South", "Cluster": "St. Vital South", "Location": "MULTIPOLYGON (((-97.12794335847958 49.74527440518457, -97.12772101560022 49.74476186814717, -97.12754638688317 49.744221052813195, -97.12742820731711 49.74365791048364, -97.12737148976046 49.74303533934006, -97.12738376439187 49.74243712309259, -97.12747470717227 49.741891305476734, -97.12760981910232 49.7413624694556, -97.1278028974875 49.74086478157918, -97.12812520009649 49.7402704145997, -97.12845931795098 49.739648350344595, -97.12873791114025 49.73888478947367, -97.12891705960882 49.73818933949889, -97.12900505204895 49.73753308551496, -97.1289908369427 49.73738137373539, -97.12800701104975 49.73771335911268, -97.12638710814132 49.73825995609128, -97.12546400319164 49.73857141971246, -97.12177333003773 49.739816569801135, -97.12100910938153 49.74007437781203, -97.11244809790655 49.7429618774048, -97.11206720166516 49.74309032506243, -97.10640349586636 49.74500003714934, -97.09825733170148 49.74774603941308, -97.08418838054301 49.75248646383008, -97.08304538723768 49.75287146986222, -97.08262859921412 49.753011740397916, -97.08193177252691 49.75324572178003, -97.0830843453179 49.75324523469506, -97.08340798031864 49.753245095659025, -97.08341713848318 49.75379239938466, -97.08342029852642 49.75398127217008, -97.08343964306626 49.755125436270205, -97.08344306478804 49.75532788719638, -97.08346246300137 49.75647523716006, -97.08348359003533 49.757724928495655, -97.08350469034747 49.75897297750506, -97.08354695816645 49.76147294834499, -97.08356784618029 49.76270846900416, -97.08015320006132 49.76385030897773, -97.07977262027825 49.76397756251273, -97.0581408418347 49.771207385379334, -97.05709223514323 49.77155769433025, -97.05002850510398 49.773917098248624, -97.04848113884243 49.77443385606549, -97.04826402333053 49.77450636082266, -97.04789136366828 49.77463075249963, -97.04385966908698 49.775976390084956, -97.0438598187081 49.776006823604575, -97.0434411401667 49.77614661265615, -97.04345180216156 49.783017985934876, -97.04893403415194 49.78305466294842, -97.0490699533617 49.78305557681032, -97.04907320482359 49.78407708845746, -97.04907714144336 49.78510572247304, -97.04907902119669 49.785596942111624, -97.04909213706787 49.7890251613358, -97.04910660554161 49.79280847143797, -97.0486994262234 49.79298480160044, -97.04710931470943 49.79367337913718, -97.04582323139712 49.794230270677915, -97.04448412738373 49.79481009131481, -97.04402856322093 49.795007332907815, -97.03861082141904 49.7973528351285, -97.02639131575462 49.79734126806821, -97.02636465853637 49.802585183029166, -97.02635343319277 49.80480827406723, -97.02632284819401 49.81201811038217, -97.02660975345127 49.81955266455002, -97.02667472095771 49.81955293025241, -97.02667506346666 49.81973103265279, -97.02667684762714 49.820658922977856, -97.02640598919628 49.820607449634714, -97.02632814706283 49.820799398132145, -97.02591324114152 49.82182247414766, -97.02566823172576 49.8224265971261, -97.02681965319316 49.822251602395006, -97.02954597276154 49.82156916105344, -97.04702407021264 49.81555271893438, -97.06081781262424 49.810735901487014, -97.06100524210026 49.81067043246429, -97.06119267107658 49.81060496313158, -97.06598162788246 49.808932006155075, -97.08810280509876 49.80146597951928, -97.11558186475966 49.79204399774071, -97.13517177071847 49.784555656055616, -97.1347405324118 49.78417745909173, -97.13267052049584 49.782566164651016, -97.1318689736208 49.7817572965843, -97.13148400236324 49.780942361373214, -97.13151015520502 49.780402470407076, -97.13185038459817 49.779721237634455, -97.13233184654106 49.77922882373972, -97.13303933386757 49.77881214817706, -97.1341308798781 49.77848530310652, -97.13619044718273 49.778277356884935, -97.1384186231203 49.77822953862905, -97.14041741342234 49.778020540597105, -97.14256918980973 49.77778443857313, -97.14516261108838 49.77732410772909, -97.14780660855664 49.77673167532258, -97.14948392340372 49.776182789331095, -97.15124382602045 49.77558786621374, -97.15277428451485 49.77483381837705, -97.1533765163651 49.77437975371335, -97.15389384221156 49.77384540105591, -97.15437385077767 49.77326632422936, -97.15472503563217 49.77265020916715, -97.15472747059896 49.77211568339043, -97.15441980697405 49.771522886620595, -97.15391852198712 49.77092925162112, -97.1531400296043 49.7705484741948, -97.15201723574718 49.77039809465172, -97.1507221910369 49.77062726176655, -97.14980393801193 49.77097221408949, -97.14822312958772 49.7719421867485, -97.14692747995748 49.77289054359491, -97.14582581329829 49.77350270262532, -97.14452757027648 49.77400014525043, -97.14314892754678 49.77429991734058, -97.14208140057532 49.774299067307865, -97.14102226785212 49.77412832287417, -97.14014359847364 49.77366153553656, -97.1393764006827 49.772665121821284, -97.13922983567646 49.771334241761565, -97.13934116970628 49.77013915233353, -97.13950604289903 49.76676428126783, -97.13964252565708 49.76531628581813, -97.13971392722686 49.7647631753068, -97.13984245770219 49.76417031341728, -97.1405558108173 49.76170097160839, -97.14069784479605 49.76094216427345, -97.1408218806367 49.759200044719435, -97.14082157805784 49.75831694571603, -97.14076036857504 49.75780702202138, -97.14056310599018 49.757149668332524, -97.1403936217795 49.75679777640171, -97.14022413995966 49.75644588423078, -97.13972139075624 49.755710419358316, -97.13857630988446 49.75423259151273, -97.13804336939117 49.753677900541554, -97.13739631004191 49.75310626625102, -97.13666776629255 49.75255539469783, -97.13603623528964 49.75214086802783, -97.13530424754774 49.751680565741616, -97.13210479398215 49.74990813492194, -97.13159893836654 49.749585081941, -97.13094695159208 49.74905167612436, -97.12982643811549 49.747925069427446, -97.12924419105168 49.74725799137673, -97.12872714504203 49.74657453421008, -97.12815583523133 49.74563757988397, -97.12794335847958 49.74527440518457)))", "lon": -97.088419233084181, "lat": 49.779792243995637 }, "geometry": { "type": "Polygon", "coordinates": [ [ [ -97.1279434, 49.7452744 ], [ -97.130947, 49.7490517 ], [ -97.1380434, 49.7536779 ], [ -97.1405631, 49.7571497 ], [ -97.1392298, 49.7713342 ], [ -97.1401436, 49.7736615 ], [ -97.144527599999989, 49.7740001 ], [ -97.152017199999989, 49.7703981 ], [ -97.153918499999989, 49.7709293 ], [ -97.1547275, 49.7721157 ], [ -97.1533765, 49.7743798 ], [ -97.1451626, 49.7773241 ], [ -97.1330393, 49.7788121 ], [ -97.131484, 49.7809424 ], [ -97.1351718, 49.7845557 ], [ -97.1155819, 49.792044 ], [ -97.0256682, 49.8224266 ], [ -97.0266768, 49.8206589 ], [ -97.0263913, 49.7973413 ], [ -97.0386108, 49.7973528 ], [ -97.0491066, 49.7928085 ], [ -97.04907, 49.7830556 ], [ -97.0434518, 49.783018 ], [ -97.0434411, 49.7761466 ], [ -97.0835678, 49.762708499999988 ], [ -97.083408, 49.7532451 ], [ -97.0819318, 49.7532457 ], [ -97.1289908, 49.7373814 ], [ -97.1273838, 49.7424371 ], [ -97.1279434, 49.7452744 ] ] ] } },
{ "type": "Feature", "properties": { "ID": 1136, "Name": "Stock Yards", "Cluster": "St. Boniface East", "Location": "MULTIPOLYGON (((-97.09290747017353 49.873383206757985, -97.08921656082914 49.873385618694854, -97.08811396003703 49.873386317374624, -97.08811128957122 49.87338631905023, -97.08777740691336 49.87338652806491, -97.08743551319384 49.87338674109763, -97.08393299690181 49.87338886777069, -97.08363024103234 49.873389046151026, -97.08269335001715 49.87338959507697, -97.08262698457342 49.87338963364011, -97.08097179687154 49.873390583126515, -97.08097153528473 49.873481695132426, -97.07381359779272 49.87348562542877, -97.07388889377779 49.87361233296479, -97.07220217654115 49.873614507379536, -97.07216250268637 49.87603747343575, -97.07216345870573 49.876360123953916, -97.0721644240305 49.87668603443648, -97.07222423911973 49.881925017332435, -97.07525735565376 49.88192007063126, -97.08631915610842 49.88190508143918, -97.09726894177912 49.881889277794144, -97.09771786452683 49.881901856745586, -97.09879084205764 49.881923787040016, -97.09644296395078 49.877372780860775, -97.0951319731922 49.874831240413315, -97.09444630862781 49.873473340503786, -97.09295422345281 49.87347435212528, -97.09291901392065 49.87340571128861, -97.09290747017353 49.873383206757985)))", "lon": -97.084449953838828, "lat": 49.877798749670617 }, "geometry": { "type": "Polygon", "coordinates": [ [ [ -97.0722022, 49.8736145 ], [ -97.0944463, 49.8734733 ], [ -97.098790799999989, 49.8819238 ], [ -97.0722242, 49.881925 ], [ -97.0722022, 49.8736145 ] ] ] } },
{ "type": "Feature", "properties": { "ID": 1126, "Name": "Symington Yards", "Cluster": "St. Boniface East", "Location": "MULTIPOLYGON (((-97.0336148831169 49.863785059112125, -97.03394146516445 49.86392066172114, -97.03826774724796 49.865716851069344, -97.04200092197738 49.86726655831368, -97.04386956790019 49.86804218581186, -97.0457221556734 49.8688110930744, -97.04947301404881 49.87036770351174, -97.04975331485032 49.870484019553395, -97.04975486580783 49.87092616627968, -97.04975550019809 49.871107025330716, -97.04975653130707 49.87140099426309, -97.05535645501455 49.87279569181932, -97.06096129980789 49.87419126594055, -97.06096032790205 49.87389731082219, -97.06776681882282 49.875591628296014, -97.06796465740992 49.87564086704754, -97.06796253080316 49.87494371599267, -97.07120420536715 49.876287902918385, -97.0721644240305 49.87668603443648, -97.07216345870573 49.876360123953916, -97.07216250268637 49.87603747343575, -97.07220217654115 49.873614507379536, -97.07155236800226 49.87361533852287, -97.07154516059006 49.87117431765377, -97.07132069413032 49.8709975466824, -97.06240251998958 49.86397252303808, -97.05659327176227 49.86020490570556, -97.0530201826484 49.859704620028346, -97.05240941719023 49.85953130868704, -97.05172113970329 49.85925992296355, -97.05105438603634 49.85894995401114, -97.05030732441122 49.85849185916752, -97.04992325862871 49.85805155943264, -97.0496987052192 49.85759056027537, -97.04959346089531 49.85656004310428, -97.04956490896836 49.856032553908456, -97.03441941661174 49.85603449846772, -97.03044492863327 49.85522488801554, -97.02676732166015 49.854856337863325, -97.02677228910252 49.85570465592201, -97.0267760347975 49.857201186337505, -97.02677684340053 49.85752403681368, -97.02677708759995 49.85762186975608, -97.02678109251298 49.85922217961159, -97.02679132345148 49.863786230824395, -97.02707234343532 49.86378619050198, -97.0336148831169 49.863785059112125)))", "lon": -97.049144228099934, "lat": 49.86461479308052 }, "geometry": { "type": "Polygon", "coordinates": [ [ [ -97.033614899999989, 49.8637851 ], [ -97.0267913, 49.8637862 ], [ -97.026767299999989, 49.854856299999987 ], [ -97.0344194, 49.8560345 ], [ -97.0495649, 49.8560326 ], [ -97.0503073, 49.8584919 ], [ -97.056593299999989, 49.8602049 ], [ -97.071545199999989, 49.8711743 ], [ -97.0721644, 49.876686 ], [ -97.0679625, 49.8749437 ], [ -97.0679647, 49.8756409 ], [ -97.0497565, 49.871401 ], [ -97.0497533, 49.870484 ], [ -97.033614899999989, 49.8637851 ] ] ] } },
{ "type": "Feature", "properties": { "ID": 1012, "Name": "Talbot-Grey", "Cluster": "River East South", "Location": "MULTIPOLYGON (((-97.10106805484736 49.90473866479162, -97.101119462733 49.90445623695471, -97.10125754002098 49.90418431682968, -97.10146013675495 49.90395088056213, -97.10176613495986 49.90372130994473, -97.10200234400412 49.90359380787577, -97.10299321740548 49.90308454639586, -97.10136450061741 49.903349435214096, -97.09920870527395 49.90370001802514, -97.09865790786763 49.90378956024716, -97.09525843801187 49.90434198824584, -97.09494580538434 49.90439228970459, -97.0885193759672 49.905426185364796, -97.08812997278206 49.90549869856878, -97.08079192223182 49.90668924581912, -97.08107549380198 49.90678336538551, -97.08108006047337 49.90678488108611, -97.08136980469892 49.906884119338855, -97.09366465814024 49.910961085747104, -97.09368660295458 49.91094371666567, -97.09369791144262 49.91094746879442, -97.09378697023214 49.91097701482262, -97.09394021712502 49.91102785556938, -97.09391825777315 49.91104522815179, -97.09410928912892 49.91110861563817, -97.10059051777331 49.90597997386984, -97.10077631437186 49.905799072517375, -97.10093144930845 49.90557749898233, -97.10101785488823 49.90537194691254, -97.10105763348064 49.90512602597152, -97.10106805484736 49.90473866479162)))", "lon": -97.092768713875103, "lat": 49.906993782255185 }, "geometry": { "type": "Polygon", "coordinates": [ [ [ -97.1029932, 49.9030845 ], [ -97.1005905, 49.90598 ], [ -97.0941093, 49.9111086 ], [ -97.0807919, 49.9066892 ], [ -97.1029932, 49.9030845 ] ] ] } },
{ "type": "Feature", "properties": { "ID": 136, "Name": "Templeton-Sinclair", "Cluster": "Seven Oaks East", "Location": "MULTIPOLYGON (((-97.12721745582782 49.94686653553431, -97.12231614118289 49.94990402372663, -97.11713740065086 49.95311279150639, -97.12168537159592 49.95458334420601, -97.14101062067348 49.96082905017828, -97.14761265113606 49.953439849426026, -97.12721745582782 49.94686653553431)))", "lon": -97.133138088973084, "lat": 49.953653515617873 }, "geometry": { "type": "Polygon", "coordinates": [ [ [ -97.1272175, 49.9468665 ], [ -97.1476127, 49.9534398 ], [ -97.1410106, 49.9608291 ], [ -97.1171374, 49.9531128 ], [ -97.1272175, 49.9468665 ] ] ] } },
{ "type": "Feature", "properties": { "ID": 1074, "Name": "The Forks", "Cluster": "Downtown East", "Location": "MULTIPOLYGON (((-97.12730705746273 49.89122569299728, -97.12739125126505 49.891313332484515, -97.12876221768191 49.893097788870065, -97.12933496694824 49.893775150426904, -97.12991478183791 49.89431667569464, -97.1305484071136 49.89495550701027, -97.13066892735172 49.895137451187935, -97.13200297803625 49.895000197087505, -97.13246159064524 49.89510711533426, -97.13286520402099 49.89500014439903, -97.13353523720495 49.89476003962232, -97.1338472617753 49.89460189386009, -97.13406709438927 49.89446424107562, -97.13433624778732 49.89425630958313, -97.13450637004546 49.89409290383642, -97.13484063914832 49.893651684892966, -97.13494649374434 49.89341557122927, -97.13501096716749 49.893178157092514, -97.13483376427502 49.89312217197089, -97.13484461816437 49.89303619138423, -97.13469570291065 49.892376072543044, -97.13390328173641 49.89088940292374, -97.13386937743348 49.890841618268766, -97.13385719276656 49.89081694815992, -97.13569318319676 49.89039567467725, -97.13485507236165 49.888838599200774, -97.13311134033853 49.885636556425666, -97.13300850697284 49.88565081812566, -97.13220499803093 49.88573544963953, -97.13111924319279 49.88577145851739, -97.13004607023589 49.88576107537628, -97.12897794946055 49.885756609429535, -97.1279200154884 49.88572325008507, -97.12727120336521 49.885731745120204, -97.12681410814375 49.88578055844957, -97.12648747926829 49.886096508283146, -97.1261585315972 49.886472788934, -97.12593399977918 49.886849642084, -97.1257660706442 49.88733145777461, -97.12565241098396 49.887944288530484, -97.12567989369454 49.8886910522604, -97.12583754224302 49.88926411588661, -97.12608873279832 49.88981974928728, -97.12649062626892 49.89041918815031, -97.12692036172147 49.89082316668719, -97.12730705746273 49.89122569299728)))", "lon": -97.130703324001161, "lat": 49.889937990621824 }, "geometry": { "type": "Polygon", "coordinates": [ [ [ -97.1273071, 49.8912257 ], [ -97.1256524, 49.8879443 ], [ -97.1272712, 49.8857317 ], [ -97.1331113, 49.8856366 ], [ -97.1356932, 49.8903957 ], [ -97.1338572, 49.8908169 ], [ -97.134946500000012, 49.8934156 ], [ -97.1324616, 49.8951071 ], [ -97.130668899999989, 49.8951375 ], [ -97.1273071, 49.8912257 ] ] ] } },
{ "type": "Feature", "properties": { "ID": 630, "Name": "The Maples", "Cluster": "Seven Oaks West", "Location": "MULTIPOLYGON (((-97.1633983548585 49.94159137141617, -97.16335752579413 49.94164443436444, -97.16314973121949 49.94191448538097, -97.16293419090451 49.94219459827185, -97.16285030187406 49.94230361992944, -97.16275609868819 49.942426041563635, -97.16254418133136 49.94270144111889, -97.16233186276118 49.94297735653315, -97.16212662560505 49.943244066846326, -97.16212422666823 49.94324718424582, -97.1619800287255 49.9434345711803, -97.16197700661353 49.94343849723757, -97.16195441880703 49.943467851253764, -97.16172996799064 49.943759521265896, -97.16171213662315 49.94378269286533, -97.16152661278163 49.944023776849, -97.16138533711451 49.94420735864453, -97.16122959269285 49.94440974050787, -97.16080928818303 49.94495589517712, -97.16052288989363 49.9453280392759, -97.16016374586205 49.94579470045188, -97.15961246227124 49.94651100194391, -97.15955000712452 49.94659198643226, -97.16099029107147 49.94707937091255, -97.16101862488907 49.95767223212507, -97.18027076804653 49.963863796226256, -97.18058198868943 49.96346181867552, -97.18112081093173 49.96307231853605, -97.18225451358111 49.96165813771441, -97.18227066959064 49.96163824649643, -97.18237262216317 49.96149559581363, -97.1824595518703 49.961348842578644, -97.18253097550311 49.9611986087657, -97.18258663629885 49.961045609823515, -97.18262638902965 49.96089065287347, -97.18264986881799 49.96073427179663, -97.18268987585927 49.960554228167126, -97.18271531074544 49.960422248901715, -97.18277484729057 49.96018459596271, -97.18286116253331 49.959950240372905, -97.1829737389661 49.9597207027862, -97.18322300995048 49.95929581902854, -97.1835317638448 49.95871385836283, -97.18358557261395 49.95857935560777, -97.18373885652443 49.958159981799646, -97.1838490033423 49.95773507595825, -97.18391560183439 49.95730643037304, -97.18393824081828 49.95687583728671, -97.183807708096 49.95171330087341, -97.18379346154117 49.95161226541128, -97.183769878984 49.95151189309933, -97.18373717334353 49.951412636920125, -97.18369521626495 49.95131485457823, -97.18364446057248 49.951218733017626, -97.18358488602476 49.951124811493926, -97.18298599151392 49.950324578024166, -97.18287725361824 49.95015038697562, -97.18278440735853 49.94997239797084, -97.18270777353797 49.94979124559107, -97.18269127369446 49.94974098551267, -97.18264060908922 49.94958146371753, -97.18260191328538 49.94940630166374, -97.18257878050969 49.94922994461566, -97.18257118691044 49.9490530217247, -97.18257160803749 49.94887082859618, -97.18257407037069 49.94775531493358, -97.18243268150624 49.94770948089172, -97.18165336740664 49.947459077052415, -97.18154433948834 49.94742404479841, -97.18114719788176 49.947296434373996, -97.18093811520231 49.9472292512139, -97.18071439836055 49.94715736490861, -97.18049087366767 49.94708553875007, -97.1802673482215 49.94701371304426, -97.18026525757487 49.94701304069765, -97.18005826802255 49.946946528321675, -97.17998023257927 49.94692145245685, -97.17973077591303 49.94684129167004, -97.17937192286472 49.94672597582206, -97.17911342880916 49.9466429092799, -97.17882834477565 49.946551297166636, -97.17874469439569 49.9465244158139, -97.17871428396248 49.94651464283612, -97.17860406105797 49.94647922220835, -97.1784938047789 49.946443790699604, -97.1783835487955 49.946408358916976, -97.17827332764391 49.94637293817209, -97.17816307185808 49.94633750635409, -97.17809848579485 49.94631675089351, -97.17805284977135 49.94630208520983, -97.1779387900456 49.946265430273904, -97.1776537106331 49.94617381517058, -97.17739522256676 49.946090744856114, -97.17718614475383 49.94602355312624, -97.17713673400839 49.94600767395226, -97.1768516590945 49.94591605691417, -97.1767376011942 49.94587940082928, -97.17662738122891 49.945843978351405, -97.17651712788764 49.94580854499124, -97.1764068748205 49.945773111385094, -97.1762966552366 49.94573768874035, -97.17618640280254 49.94570225453607, -97.17607618466809 49.945666831199574, -97.17596212770549 49.945630174707816, -97.17567705613541 49.94553855535844, -97.17541857356638 49.94545548068251, -97.17494342563657 49.94530276773666, -97.17463933317372 49.94520503041872, -97.17398537338782 49.944994836449155, -97.17352912618144 49.94484818642837, -97.1728143449948 49.944618432561086, -97.17271169100053 49.94458543526363, -97.17260998731633 49.944552744286085, -97.17250733360501 49.94451974681047, -97.17240544017488 49.94448699419439, -97.17240026879357 49.94448533190243, -97.17228928837771 49.94444965780874, -97.17217446979626 49.94441274979112, -97.17207345128712 49.94438027782115, -97.17197535922844 49.944348746891926, -97.1718559017131 49.94431034692488, -97.17173861192055 49.94427264393749, -97.17162816505606 49.944237140947244, -97.17151251024461 49.944199962727176, -97.17141145407547 49.94416747788777, -97.17130880198961 49.94413448026618, -97.17120615007995 49.94410148165615, -97.1711034969194 49.94406848293463, -97.17077118075922 49.94396165627772, -97.17045717250126 49.94386071359392, -97.16924057827103 49.943469608599486, -97.16887028054224 49.94335056313352, -97.16810992343778 49.943106113630655, -97.16750164171165 49.94291055010718, -97.16721651233914 49.94281887835804, -97.16712146850729 49.94278832153951, -97.16673141317683 49.942662913179625, -97.1662751316711 49.94251633184856, -97.16569565737049 49.942330170573534, -97.16539322396524 49.94223174511147, -97.16472831175207 49.942018402698885, -97.16415839136687 49.94183553400854, -97.16406338620338 49.941805013950024, -97.16377837213936 49.941713453325576, -97.16349335917035 49.94162189201125, -97.1633983548585 49.94159137141617)))", "lon": -97.172109571674156, "lat": 49.952774866862782 }, "geometry": { "type": "Polygon", "coordinates": [ [ [ -97.1633984, 49.9415914 ], [ -97.1825741, 49.9477553 ], [ -97.1838077, 49.9517133 ], [ -97.1839156, 49.9573064 ], [ -97.1824596, 49.9613488 ], [ -97.1802708, 49.9638638 ], [ -97.1610186, 49.9576722 ], [ -97.1609903, 49.9470794 ], [ -97.15955, 49.946592 ], [ -97.1633984, 49.9415914 ] ] ] } },
{ "type": "Feature", "properties": { "ID": 1192, "Name": "The Mint", "Cluster": "St. Boniface East", "Location": "MULTIPOLYGON (((-97.05493122935506 49.847267317728125, -97.05493356340533 49.84793415999323, -97.05332278181402 49.84793721534324, -97.05317438783035 49.847937422515415, -97.0531747315556 49.848047047980494, -97.049750479288 49.84805769607455, -97.04977600769861 49.85603250924973, -97.06090580544073 49.856031451555936, -97.06090432546166 49.85570123972259, -97.06090395702101 49.85561903503993, -97.06088908576501 49.852189575842374, -97.06087756526078 49.84953359566873, -97.05931824808377 49.84893935514494, -97.05878568297953 49.848736392568284, -97.05848207615864 49.848620684798576, -97.05824845011287 49.848531645619026, -97.05801482350842 49.848442606853006, -97.05778119916167 49.8483535676482, -97.05754757571843 49.84826452708242, -97.05731395171652 49.84817548693016, -97.0570803299723 49.84808644633914, -97.05684670913162 49.847997404387144, -97.05662768937606 49.847913928357485, -97.05640137029914 49.847827668716214, -97.05618235352013 49.847744190985225, -97.05594873458773 49.84765514813282, -97.05572241795325 49.84756888719068, -97.05550088385897 49.847484448414505, -97.05525708478892 49.84739152192573, -97.05500419734578 49.84729513035875, -97.05493122935506 49.847267317728125)))", "lon": -97.055184905095103, "lat": 49.852109273088807 }, "geometry": { "type": "Polygon", "coordinates": [ [ [ -97.0549312, 49.8472673 ], [ -97.0608776, 49.8495336 ], [ -97.0609058, 49.8560315 ], [ -97.049776, 49.8560325 ], [ -97.0497505, 49.8480577 ], [ -97.0549336, 49.8479342 ], [ -97.0549312, 49.8472673 ] ] ] } },
{ "type": "Feature", "properties": { "ID": 1080, "Name": "Tissot", "Cluster": "St. Boniface East", "Location": "MULTIPOLYGON (((-97.10967106099338 49.895306040992075, -97.10961589595358 49.89522510177209, -97.10961249838965 49.895021170186226, -97.10979723014195 49.89488334888378, -97.10992221309921 49.89444687766012, -97.10990511331676 49.89439084090575, -97.10974202238873 49.89420409039248, -97.1096239096569 49.8940328220224, -97.10931739063938 49.89377034713624, -97.10927826096362 49.893232184302754, -97.10934803524329 49.89295687085261, -97.10934535992557 49.89279324057934, -97.10945440816515 49.892617582956596, -97.10959214283949 49.892462897600176, -97.10958742827165 49.892292669017266, -97.10952001541582 49.89221674602097, -97.10940934760319 49.89217240316166, -97.10928849869566 49.89215649256903, -97.10884790587914 49.892219722131955, -97.10868360303915 49.89226983164738, -97.10848849058759 49.89229452696886, -97.10799658124485 49.892451524589184, -97.10770603434804 49.892535544965675, -97.1076297935014 49.892570902743415, -97.10721635780902 49.89263241109675, -97.10695481431972 49.892667620338294, -97.10666058886494 49.89265193314424, -97.10618889687424 49.892579656410504, -97.10604137179452 49.89252076866316, -97.10592347816322 49.89234140607479, -97.10592141735361 49.89229433785046, -97.10388735067757 49.89273520597329, -97.1057159842946 49.896250605440336, -97.10775197192636 49.89580802747782, -97.10967106099338 49.895306040992075)))", "lon": -97.107054144746854, "lat": 49.894078313384178 }, "geometry": { "type": "Polygon", "coordinates": [ [ [ -97.1096711, 49.895306 ], [ -97.105716, 49.8962506 ], [ -97.1038874, 49.8927352 ], [ -97.10952, 49.8922167 ], [ -97.1096711, 49.895306 ] ] ] } },
{ "type": "Feature", "properties": { "ID": 906, "Name": "Transcona North", "Cluster": "Transcona", "Location": "MULTIPOLYGON (((-96.99439869991262 49.91219919335297, -96.99466914148941 49.91208970503147, -96.99494604691662 49.91198717601731, -96.9952289869716 49.911891765225356, -96.99551752308619 49.91180362053678, -97.00226702448398 49.90984461133654, -97.00247800428586 49.90978340594143, -97.00250585560671 49.9082656297882, -97.00229609404943 49.90826415643911, -97.00208383531579 49.90826288119078, -97.00187157660476 49.908261605553875, -97.00165931795348 49.90826032862957, -97.00144705928766 49.908259052215556, -97.00123479928976 49.90825777449013, -97.00102254066918 49.908256497299, -97.0008102821084 49.908255218820464, -97.00059802353307 49.90825394085224, -97.00038576498038 49.90825266249546, -97.0001735064875 49.90825138285125, -96.99996124658823 49.90825010369335, -96.99974898814067 49.908248823272025, -96.99953672967855 49.90824754336102, -96.99932447127628 49.908246262162585, -96.99911221285949 49.908244981474475, -96.99889995450256 49.90824369949894, -96.99868769473926 49.908242418009685, -96.99847543639048 49.90824113615591, -96.99826317810158 49.908239853014706, -96.99805359478997 49.908238585996635, -96.99777371452701 49.90823689421824, -96.99777356483165 49.90824494856924, -96.99762386249003 49.90824427377074, -96.99749649087045 49.908243699478064, -96.99736902108852 49.908243124306956, -96.9972417789552 49.90824255002299, -96.99711433500474 49.908241974679406, -96.99698706567668 49.908241399984284, -96.99685964891468 49.908240824492346, -96.99673235381857 49.90824024941005, -96.99660498276592 49.908239673787726, -96.99645846205122 49.90823901145011, -96.99634605245626 49.908238503275875, -96.99622292740446 49.90823794653473, -96.99609556709315 49.908237370458174, -96.99596821563213 49.908236794281784, -96.99584080871321 49.908236217705685, -96.9957135024966 49.908235641445174, -96.99558610730622 49.908235064650945, -96.99545879078151 49.908234488073056, -96.99533140596262 49.908233911037016, -96.99520407770322 49.908233334117284, -96.99507670464764 49.90823275686355, -96.99494936604539 49.90823217962601, -96.9948220095313 49.9082316021585, -96.99469465302438 49.90823102455109, -96.99456730278058 49.908230447290535, -96.99443994138656 49.90822986983954, -96.99431257133067 49.90822929166624, -96.9940707504868 49.90822819357921, -96.99378132761312 49.90822687874458, -96.99355623343043 49.90822585565266, -96.9918654085957 49.90821815790177, -96.99178126795573 49.90821777431403, -96.9914378650967 49.90821620746251, -96.99118112632335 49.90821503537044, -96.9910168130988 49.908214285125865, -96.99088949941651 49.908213703586895, -96.99076218574399 49.9082131217726, -96.99063491497655 49.90821254001464, -96.99050760132414 49.90821195837049, -96.99038033052797 49.90821137678227, -96.99025396270395 49.90821079889888, -96.9900880673206 49.908210040045866, -96.98982816237127 49.90820885040371, -96.98948928527787 49.908207298819484, -96.98898011535135 49.90820496494267, -96.9887000623769 49.90820368091098, -96.98819084666115 49.90820134366996, -96.98759947637538 49.90819862685543, -96.9874721724886 49.908198041771215, -96.98734486860904 49.90819745654702, -96.98721756475541 49.9081968707338, -96.98709026090899 49.90819628478065, -96.98696295705106 49.908195699137224, -96.98683565320036 49.90819511335401, -96.98670834867967 49.9081945269695, -96.9865810441662 49.90819394044521, -96.98645374033715 49.90819335424267, -96.98632643651534 49.908192767900324, -96.98619913270072 49.90819218141823, -96.98607182889336 49.90819159479634, -96.98594452511192 49.90819100758523, -96.98581722133771 49.90819042023436, -96.985689917552 49.908189833193134, -96.98556261377352 49.908189246012135, -96.985435310021 49.908188658241905, -96.98530800627572 49.908188070331924, -96.98509583311353 49.90818709106615, -96.98488366000889 49.90818611051321, -96.9846714868869 49.90818513047088, -96.98445931382247 49.9081841491414, -96.98424714074065 49.90818316832253, -96.98403496771643 49.908182186216486, -96.98381430699067 49.9081811649401, -96.98358940453274 49.90818012343128, -96.9833772315334 49.908179141020476, -96.98316505859168 49.90817815732252, -96.98295288563259 49.90817717413514, -96.98282558200972 49.90817658394898, -96.98269827839411 49.90817599362284, -96.9825709748045 49.90817540270759, -96.98244367122214 49.90817481165257, -96.98231636693238 49.908174220895084, -96.98218906264987 49.90817362999782, -96.98206175908929 49.908173038523444, -96.98193445553595 49.90817244690931, -96.98180715197113 49.90817185560482, -96.98167984841355 49.90817126416054, -96.98155254486323 49.9081706725764, -96.98142524132015 49.90817008085267, -96.98129793780313 49.908169488539635, -96.98117063429336 49.90816889608681, -96.9810433307721 49.908168303943754, -96.98091602725806 49.9081677116607, -96.98078872377009 49.90816711878856, -96.98066142028938 49.90816652577663, -96.98053411610124 49.90816593306222, -96.98040681192039 49.90816534020804, -96.98027950844269 49.908164747226294, -96.98015220497228 49.90816415410459, -96.98004229285539 49.90816364175216, -96.97987769691694 49.90816287429776, -96.97966755208137 49.908161622247, -96.97945740726799 49.90816036981538, -96.97808758558025 49.908150618124075, -96.9769069557567 49.908142200290406, -96.97545425258738 49.90813182606845, -96.97500255266475 49.90812859662275, -96.9742695587979 49.90812335229709, -96.97150238438829 49.908103512308614, -96.9714232255429 49.90810294294819, -96.97105241249888 49.908100279814086, -96.97075103102271 49.908098113127814, -96.97059829273653 49.908097015233146, -96.9704455558551 49.90809591716167, -96.9702928189866 49.90809481888899, -96.9701243937832 49.9080936076133, -96.96995597002507 49.90809239521848, -96.96976503785882 49.90809102134512, -96.96959135213545 49.90808977203236, -96.96941602344883 49.908088508971254, -96.96924064042311 49.90808724649185, -96.96907093567671 49.90808602476145, -96.96890122959228 49.90808480185945, -96.96873152491564 49.908083578733454, -96.96856182021723 49.90808235625797, -96.96839189276952 49.908081131429014, -96.96807550566 49.908078850411044, -96.9676900925109 49.90807606991348, -96.96764584298103 49.908075751083736, -96.96717359763849 49.908072342392124, -96.96684343838517 49.90806995861909, -96.96663130706972 49.908068426345565, -96.96660459780779 49.908068233392726, -96.96641917717109 49.90806689370839, -96.9662070458679 49.90806536155761, -96.96599491601938 49.908063828144314, -96.96578278480408 49.908062294318555, -96.96557065500566 49.90806076012913, -96.9653585238405 49.908059225527225, -96.96514639409219 49.9080576905617, -96.96493426297715 49.908056155183665, -96.96461080581575 49.90805381344314, -96.96417772142905 49.90805067625211, -96.96237607061887 49.908037591498086, -96.9663866982654 49.91555560654688, -96.96804876906555 49.91556873996786, -96.97714141307408 49.91564108981286, -96.97932874249948 49.91565837885909, -96.97974886147108 49.915661694560875, -96.99055525052162 49.915721051993316, -96.99084140120323 49.915722610095024, -96.99096900950121 49.91532306801003, -96.99114399176266 49.914931899186946, -96.99140552304056 49.91449030620577, -96.99172768184994 49.914065749624946, -96.99205671234067 49.913712744803185, -96.99242598550887 49.913376747918896, -96.99263934772058 49.91320608327777, -96.99286359215027 49.91304133944162, -96.99309832511422 49.912882805557416, -96.99334313453225 49.912730759870335, -96.99359403973284 49.91258741424214, -96.9938539006048 49.91245088455336, -96.99412227341595 49.912321403902936, -96.99439869991262 49.91219919335297)))", "lon": -96.980603957596827, "lat": 49.91153305584875 }, "geometry": { "type": "Polygon", "coordinates": [ [ [ -96.9943987, 49.912199199999989 ], [ -96.9920567, 49.9137127 ], [ -96.9908414, 49.9157226 ], [ -96.9663867, 49.9155556 ], [ -96.9623761, 49.9080376 ], [ -97.002505899999989, 49.9082656 ], [ -97.002478, 49.9097834 ], [ -96.9943987, 49.912199199999989 ] ] ] } },
{ "type": "Feature", "properties": { "ID": 1830, "Name": "Transcona South", "Cluster": "Transcona", "Location": "MULTIPOLYGON (((-97.02695085309944 49.87111981438662, -97.02681094038968 49.87111986920651, -97.02681052071276 49.870939032665724, -97.00425204012728 49.87094565893622, -96.99268757748818 49.870938932898454, -96.98107012670924 49.87093374424738, -96.98107429232493 49.87840078570624, -96.98107654006388 49.883757378582104, -96.98107795695874 49.88582119464386, -96.98107804998419 49.885956820365266, -97.00399760175654 49.88596429865946, -97.01997775519233 49.885960366725364, -97.02429814211554 49.886002430687334, -97.02588059032828 49.88601779734544, -97.03098389588459 49.88600039920155, -97.03097620484675 49.885822277133386, -97.03097577643314 49.88563047392194, -97.03097436684783 49.885000263811456, -97.03000154396493 49.88500055892383, -97.03000050394292 49.88451237818933, -97.03000004409758 49.884296591832644, -97.02999519919298 49.88202337430504, -97.02999516639997 49.88200801491493, -97.02999505265053 49.881954063809744, -97.02999180122733 49.88039025882128, -97.02999144298141 49.8802104743038, -97.02998746901514 49.878399048162876, -97.02802192663229 49.8783998899857, -97.0271101482537 49.87840026956449, -97.02697030171664 49.878400328944686, -97.02695085309944 49.87111981438662)))", "lon": -97.004849813960575, "lat": 49.878585484414202 }, "geometry": { "type": "Polygon", "coordinates": [ [ [ -97.026950899999989, 49.8711198 ], [ -97.0269703, 49.8784003 ], [ -97.0299875, 49.878399 ], [ -97.0300015, 49.8850006 ], [ -97.0309744, 49.8850003 ], [ -97.0309839, 49.8860004 ], [ -96.981078, 49.8859568 ], [ -96.9810701, 49.8709337 ], [ -97.026950899999989, 49.8711198 ] ] ] } },
{ "type": "Feature", "properties": { "ID": 922, "Name": "Transcona Yards", "Cluster": "Transcona", "Location": "MULTIPOLYGON (((-97.02588059032828 49.88601779734544, -97.02429814211554 49.886002430687334, -97.01997775519233 49.885960366725364, -97.00399760175654 49.88596429865946, -96.98107804998419 49.88595682036536, -96.9810779569587 49.885821194644045, -96.97980609609796 49.885820417411786, -96.96837643965259 49.88581581682516, -96.9681677136996 49.885815657900594, -96.96818718364771 49.88728664043705, -96.96819167108785 49.887560698482474, -96.96828669391195 49.89334526614371, -96.97880572160147 49.89342664462891, -96.98887733191287 49.89339824904469, -97.00021337820355 49.89335062915261, -97.00254432909487 49.89334096249835, -97.00787815303033 49.893372009806946, -97.02388493125655 49.89347060235433, -97.02536231738048 49.89347943174761, -97.02529367343999 49.88745744168995, -97.02529211219951 49.88732048199391, -97.02588059032828 49.88601779734544)))", "lon": -96.996721400995554, "lat": 49.889661416786247 }, "geometry": { "type": "Polygon", "coordinates": [ [ [ -97.0258806, 49.8860178 ], [ -97.0253623, 49.8934794 ], [ -96.9682867, 49.8933453 ], [ -96.9681677, 49.8858157 ], [ -97.0258806, 49.8860178 ] ] ] } },
{ "type": "Feature", "properties": { "ID": 1654, "Name": "Trappistes", "Cluster": "Fort Garry South", "Location": "MULTIPOLYGON (((-97.17926270334874 49.727930740017435, -97.17858078120389 49.72816724113234, -97.1693134613701 49.73138065884695, -97.16916847736177 49.73143092232115, -97.16900592541766 49.7314872755718, -97.16897681887819 49.7314973661492, -97.1690898472339 49.73157266463211, -97.16917680030336 49.731641138998924, -97.16925701906109 49.73173988303893, -97.16934857618229 49.7318347258703, -97.16945333028285 49.73195063253034, -97.16952950954753 49.732082408974115, -97.16956045563857 49.732170853069135, -97.1695771993536 49.732264966564294, -97.16954480593641 49.73243809758833, -97.16951606029963 49.732514263783294, -97.16946724671725 49.73258467225186, -97.169436498093 49.73263618963657, -97.16921877581952 49.73288021265089, -97.16897466353002 49.733026776935546, -97.1685880036476 49.73314794441212, -97.16835463506075 49.73318230458839, -97.16821642330568 49.73318434639812, -97.1680157959131 49.73316834595341, -97.16792726979419 49.73315906569435, -97.16744147520428 49.73315259061855, -97.16671337576506 49.73334863426849, -97.16592107041879 49.73385406859016, -97.16585060386832 49.73390623973048, -97.16550118853874 49.73412573390116, -97.16520005499784 49.73434440067494, -97.16490014423653 49.73453126703292, -97.16412359190298 49.734920997860556, -97.16395291702906 49.73500048688153, -97.16336375107753 49.735225658406414, -97.16225623647193 49.73541547772107, -97.16167336069532 49.73554040647885, -97.16074056185896 49.73583979434377, -97.15941217416582 49.73619465427174, -97.15856827931559 49.73732351717613, -97.15762631640496 49.73858349317253, -97.15744592951633 49.73885334032214, -97.15742497037283 49.73891990349614, -97.15736994508093 49.739001297864704, -97.15736226293544 49.73905355838751, -97.15720144820378 49.73933902438797, -97.15722208621575 49.73940290301559, -97.1571761568616 49.739551768315025, -97.15719181756957 49.739593232770645, -97.1571889649276 49.73977578827828, -97.15723770335372 49.73992304223411, -97.15727303751294 49.740101414885885, -97.15733413726504 49.740198656580745, -97.15735003985066 49.740328460570424, -97.1572865145238 49.74052770584894, -97.15727370725372 49.74062136996268, -97.1572339200661 49.74071900687658, -97.15718793411571 49.740929575459425, -97.15689875671697 49.74117580562304, -97.15682753138758 49.7412076549687, -97.15677229929047 49.74125295098361, -97.15644391531751 49.74134757104092, -97.15625315589175 49.74135532856284, -97.15606145998082 49.741330688067265, -97.15588076076656 49.74130082522489, -97.15531528489707 49.741095723797855, -97.15498997795625 49.740962809647556, -97.15480013680312 49.74087807705747, -97.15442431588686 49.740797258805614, -97.15405349656095 49.74069548082509, -97.1538565341937 49.740662297206306, -97.15370398962708 49.74065176971909, -97.15332318319183 49.74060826195245, -97.152852055051 49.74057072074183, -97.15238177213301 49.740564118526386, -97.15193191501191 49.74059343912753, -97.15171321296926 49.74062991009847, -97.15114712346333 49.740676374836234, -97.15072039866426 49.74074978383603, -97.15041102085175 49.74089582636881, -97.15037529468506 49.74091269124177, -97.15005807040055 49.741109442240095, -97.14981942653587 49.74128521427519, -97.14932830109655 49.741806771293234, -97.14928791075168 49.74184966364447, -97.1493278063891 49.74224461140534, -97.14934420584474 49.74240695656669, -97.14972839755187 49.742964380950006, -97.14976706176516 49.7430204775921, -97.15042488437719 49.743377455830746, -97.15054675767733 49.74344474247182, -97.15090649545803 49.74358995396321, -97.15108354799918 49.74373250172945, -97.15144569118097 49.744158064242505, -97.15151938039143 49.74426448447046, -97.15156617730716 49.74436028518996, -97.15163489874777 49.744468365295916, -97.1516598810058 49.744549595167385, -97.15164753644794 49.74458136254319, -97.15166330966615 49.74475072439754, -97.1516207432409 49.74487756758418, -97.15143827559828 49.74508355396782, -97.15127449207519 49.745302222038084, -97.15115737039267 49.745425385941516, -97.15098350191666 49.74557918114138, -97.15083391309915 49.74571796365533, -97.15064342664871 49.74605277261304, -97.15053331037822 49.746091253425206, -97.15016447706266 49.74745033322537, -97.15025139720109 49.747419879320915, -97.1502437950889 49.74769248975297, -97.15028617328734 49.748185381004944, -97.15024421270249 49.74843081804436, -97.15019491892191 49.748568633321064, -97.1501755667325 49.748610230739764, -97.15017392609685 49.74864132164569, -97.1501778465441 49.748677363498224, -97.1501788683678 49.748686897734466, -97.15017096600504 49.74873110851078, -97.15016073597909 49.748781999834925, -97.15015262925971 49.748831581526275, -97.15014628828808 49.74888925269046, -97.15012979035708 49.748941387444255, -97.15008106258871 49.74907765074842, -97.15006477745291 49.74912852867516, -97.15004356429479 49.74919125313184, -97.15002059391935 49.7492500022099, -97.14999918489852 49.74932221167426, -97.14996979324111 49.74938623235256, -97.14994201399128 49.749462370685166, -97.1499097835627 49.74954649917753, -97.14989682180044 49.749600940800825, -97.1498847692705 49.749658957379296, -97.14984683887543 49.749838386496144, -97.1498265595002 49.74998988312428, -97.14982869229588 49.75003617774704, -97.14983337321537 49.750137781917864, -97.14981618780844 49.75026245706453, -97.14981015887066 49.7504208990526, -97.14982405810514 49.75054607076384, -97.14988178281362 49.750663881287544, -97.14996887806176 49.75077275611799, -97.15007296107503 49.75087115386043, -97.15019641073101 49.750951051194775, -97.15034114609242 49.751016509342065, -97.15045205634294 49.75105416290299, -97.1504864947513 49.75106585456361, -97.15066292890839 49.75111569596053, -97.15086701888153 49.751147169008505, -97.1510881474579 49.751166821795245, -97.1513357573106 49.75119898874627, -97.15156218456427 49.751242909001725, -97.15178815287908 49.751298913388844, -97.15200158550601 49.75135740440411, -97.1522331596286 49.75142961989465, -97.15246199880188 49.751519257366816, -97.15254138797103 49.751557776181855, -97.15264524668675 49.75160816719819, -97.15286654406896 49.751732615717735, -97.1530346237644 49.751838749089295, -97.15316975004684 49.7519389825751, -97.15328192760528 49.75204288062305, -97.15336959389927 49.75213698294628, -97.15344745949572 49.75221614996083, -97.15351365585289 49.75227497772187, -97.15358955148274 49.75235142614257, -97.15364156735328 49.75240760552647, -97.15393905712766 49.75301280920007, -97.15403785933644 49.75447366753606, -97.1539714079376 49.75502452589213, -97.15278378677546 49.756397692307374, -97.15275195928403 49.756419721914675, -97.15257298809054 49.756573966323685, -97.15244960204267 49.756675469878566, -97.152370455857 49.756751644222504, -97.15226168612585 49.75687711749255, -97.15114091857974 49.75813506208742, -97.15129086647195 49.758599714761296, -97.15193327100569 49.75886546818749, -97.15409094913606 49.75866937536558, -97.1558253224168 49.75872677126697, -97.15685004461679 49.759119634624255, -97.15718039260923 49.759399818175915, -97.15732344276756 49.75957989285325, -97.15743112482583 49.75982613546054, -97.15747387946384 49.76023871159398, -97.1574438547275 49.760361689316575, -97.15755616116954 49.76035765365195, -97.15772801132029 49.76039123437322, -97.15780445319272 49.76043166125047, -97.15783253723157 49.7604882264946, -97.15782151250868 49.760552533551426, -97.15778842566611 49.76062494347134, -97.15780814207075 49.76067570981454, -97.15788129544843 49.76068811498128, -97.15795964880259 49.76067811939677, -97.15804583852831 49.76068794383991, -97.1581134753693 49.760731108359145, -97.15818227508079 49.76074056622672, -97.15824345492653 49.76072750942175, -97.15830939996376 49.76070049871066, -97.15837014518198 49.760695888687266, -97.15842972235384 49.76072210728771, -97.15843216033751 49.76077259880284, -97.15847307935616 49.76083494383523, -97.15854771441151 49.76092309622928, -97.15857972576455 49.76099087548694, -97.1586433351579 49.76102552190344, -97.15870419518821 49.76102091352854, -97.15873599867524 49.76097933017993, -97.15880195267809 49.760955107273084, -97.15889725657152 49.76095104631745, -97.1590098485472 49.76095004800952, -97.15911428365185 49.760937678251764, -97.15919167175416 49.760950149891066, -97.15925591806194 49.760967988509435, -97.15932291988067 49.76102795980383, -97.15937869285484 49.76104278582261, -97.15944639114565 49.76107413362088, -97.15952762965554 49.76107124310622, -97.16006065926932 49.76106535578713, -97.16079193096651 49.76124252498274, -97.1610440865839 49.76134297353207, -97.16129624325285 49.76144342154254, -97.16140621973783 49.76149791420085, -97.1618494390199 49.76171752490522, -97.16211068441893 49.76220109415787, -97.16233527933957 49.76212273943344, -97.16261550056923 49.762643218947126, -97.16254246008528 49.76266870221745, -97.16277293122513 49.76283494517465, -97.16283078751124 49.76287667760847, -97.16339600813022 49.76328437170212, -97.16447073142672 49.76366799835888, -97.16526578466438 49.76376925489047, -97.16541148414599 49.763865203395646, -97.16576996139575 49.76410127157096, -97.1673400201346 49.7648206777669, -97.16819672252095 49.765755418018315, -97.1682527398473 49.76582268289458, -97.16840771940298 49.76600877645313, -97.16852634523178 49.76615121979107, -97.16860674887997 49.766247764374505, -97.16872537725013 49.76639020753826, -97.16880612306295 49.76648716396765, -97.16888623016096 49.76658335194733, -97.16896663522279 49.76667989629027, -97.16904704060045 49.76677644057948, -97.16912744490602 49.76687298479302, -97.16920785088149 49.76696952987374, -97.16928825581874 49.76706607397981, -97.16936866245975 49.76716261805409, -97.16967413181379 49.76705587824835, -97.16999951314583 49.76744684299026, -97.17027699816437 49.767545424031326, -97.17074254586977 49.76738275664139, -97.17099444862167 49.76738767631099, -97.171021552483 49.76728526608681, -97.17140957046963 49.767149684110905, -97.17167681274505 49.76614128468494, -97.17256407189943 49.76548764470179, -97.17337172664013 49.76576372947697, -97.17373950212055 49.765635197460576, -97.173967519588 49.765713079835244, -97.17550140711757 49.765719778725156, -97.17726432178422 49.76510365146157, -97.17766706289741 49.76498335098671, -97.17804118191313 49.764662238531876, -97.17836979264722 49.764327009108335, -97.17868494127788 49.76389255041005, -97.17893097917728 49.76349018973288, -97.17910948343103 49.76313901818734, -97.17923913082667 49.76275623120925, -97.17934065081143 49.762312879262815, -97.17939893651155 49.76184391418887, -97.1794170077501 49.75481911733876, -97.17943336788012 49.745339037002935, -97.17922385611794 49.74530515210591, -97.17922673740175 49.74343972399255, -97.17922864320522 49.742204793176086, -97.17923030011096 49.74096187676652, -97.17923196288703 49.73971265996785, -97.17923251458883 49.7392983635877, -97.17923307803366 49.73887516793994, -97.17923362610195 49.73846344293265, -97.17923733766268 49.73725844411371, -97.17923760157065 49.73717278330888, -97.17924104962373 49.73605344507509, -97.17924127040745 49.73598165058993, -97.17924437686428 49.73481601652622, -97.17924774585005 49.7335508930368, -97.17924987929243 49.7327500504134, -97.17925428630811 49.73109437238946, -97.17925924071461 49.729232316263044, -97.17926204576129 49.72817795429961, -97.17926270334874 49.727930740017435)))", "lon": -97.167241624419646, "lat": 49.748456179728358 }, "geometry": { "type": "Polygon", "coordinates": [ [ [ -97.1792627, 49.7279307 ], [ -97.17939890000001, 49.7618439 ], [ -97.1783698, 49.764327 ], [ -97.1755014, 49.7657198 ], [ -97.1725641, 49.7654876 ], [ -97.170277, 49.7675454 ], [ -97.16734, 49.7648207 ], [ -97.163396, 49.7632844 ], [ -97.1618494, 49.7617175 ], [ -97.1578081, 49.7606757 ], [ -97.15685, 49.7591196 ], [ -97.1512909, 49.7585997 ], [ -97.153971399999989, 49.7550245 ], [ -97.1539391, 49.7530128 ], [ -97.1528665, 49.7517326 ], [ -97.149824099999989, 49.7505461 ], [ -97.1505333, 49.7460913 ], [ -97.1516599, 49.7445496 ], [ -97.1492879, 49.741849699999989 ], [ -97.1519319, 49.7405934 ], [ -97.1567723, 49.741253 ], [ -97.1574459, 49.7388533 ], [ -97.1594122, 49.7361947 ], [ -97.1689747, 49.7330268 ], [ -97.1695772, 49.732265 ], [ -97.1689768, 49.7314974 ], [ -97.1792627, 49.7279307 ] ] ] } },
{ "type": "Feature", "properties": { "ID": 170, "Name": "Turnbull Drive", "Cluster": "Fort Garry South", "Location": "MULTIPOLYGON (((-97.13834273759743 49.74404674139952, -97.13740267083033 49.742436507454485, -97.13668529997729 49.74268494370107, -97.13331448204535 49.743851921795155, -97.13155574669092 49.74446073470679, -97.13105889949755 49.7446327234081, -97.13026403835039 49.74490786538104, -97.12976949780484 49.745079047460415, -97.12903356064794 49.74533377965612, -97.12815583523134 49.745637579883876, -97.12872714504202 49.74657453421008, -97.12924419105168 49.74725799137673, -97.12982643811547 49.747925069427446, -97.13094695159207 49.74905167612436, -97.13159893836654 49.749585081941, -97.13210479398215 49.74990813492194, -97.13530424754772 49.751680565741616, -97.13603623528962 49.75214086802783, -97.13666776629255 49.75255539469783, -97.1373963100419 49.75310626625102, -97.13804336939117 49.753677900541554, -97.13857630988444 49.75423259151273, -97.13972139075622 49.755710419358316, -97.14022413995966 49.75644588423078, -97.1403936217795 49.75679777640171, -97.14140908359643 49.75652063169682, -97.14149141919307 49.756498159738506, -97.14183308178701 49.75634778632098, -97.14217477607781 49.75612762377649, -97.14264452381568 49.755902948629654, -97.14298637671328 49.755744390904916, -97.14338279111786 49.75566800696285, -97.14376854455791 49.755676059689705, -97.14446507150973 49.75574542651108, -97.14491107258962 49.755812646596375, -97.1452763441311 49.75596131130211, -97.1455447442885 49.756152401475404, -97.14574459864747 49.75636667577162, -97.1458980120903 49.75661590999339, -97.1458868709263 49.756908016383484, -97.14577188742751 49.75716104793925, -97.14541823249074 49.75736484143308, -97.14491662851135 49.75750618857483, -97.14445257392723 49.75758158413097, -97.14401976617094 49.75769318224829, -97.14366547885462 49.75791323830013, -97.14335435244838 49.75818425812385, -97.14311274699669 49.758472579771244, -97.1429392933904 49.758814065290416, -97.1428799759117 49.759119968203045, -97.14294760401197 49.75945065973856, -97.14306389833224 49.75975128417738, -97.14318963057667 49.75993676472107, -97.14340182611008 49.76015780591769, -97.14374063728074 49.76034346353144, -97.14409595286139 49.76042380239436, -97.14446480491667 49.76041352395325, -97.14480494832617 49.760300439931626, -97.14510249659983 49.76005833735333, -97.14530754582769 49.75980674877515, -97.1454452165135 49.75954751584584, -97.14561153361072 49.75939270478396, -97.14584403348135 49.75934282643504, -97.14609695092203 49.75941504469588, -97.14624149159282 49.75956997566631, -97.14631298766882 49.75979685356683, -97.14635729199314 49.76014830410928, -97.14656514377646 49.76041459650402, -97.14692735707398 49.76064450684471, -97.14740600170198 49.76077879023659, -97.14784209767592 49.76084584032062, -97.14831351894975 49.760905359467436, -97.1488394654685 49.76104848712444, -97.14928062284905 49.761310498933526, -97.14968591532157 49.76185603654494, -97.14982086849385 49.76213096111208, -97.14997291470118 49.762350939256585, -97.15042953296309 49.762799895744635, -97.15063852051453 49.76309210326108, -97.1508312567586 49.76330727867895, -97.15104999857417 49.76349014981561, -97.15131424649091 49.7635933845991, -97.15155760744436 49.76365572538654, -97.15195246262408 49.76368806424145, -97.15235035882327 49.763702549313194, -97.14915407158583 49.75892161576635, -97.1482772056277 49.757868004951725, -97.14597057927087 49.75509380900225, -97.14187107104877 49.749117302265844, -97.13834273759743 49.74404674139952)))", "lon": -97.139098304021275, "lat": 49.751102768926806 }, "geometry": { "type": "Polygon", "coordinates": [ [ [ -97.1374027, 49.7424365 ], [ -97.145970600000012, 49.7550938 ], [ -97.1523504, 49.7637025 ], [ -97.15105, 49.7634901 ], [ -97.1492806, 49.7613105 ], [ -97.14692740000001, 49.7606445 ], [ -97.146097, 49.759415 ], [ -97.1444648, 49.7604135 ], [ -97.1434018, 49.7601578 ], [ -97.143112699999989, 49.7584726 ], [ -97.1457719, 49.757161 ], [ -97.1455447, 49.7561524 ], [ -97.1433828, 49.755668 ], [ -97.1403936, 49.7567978 ], [ -97.1380434, 49.7536779 ], [ -97.1315989, 49.7495851 ], [ -97.1281558, 49.7456376 ], [ -97.1374027, 49.7424365 ] ] ] } },
{ "type": "Feature", "properties": { "ID": 62, "Name": "Tuxedo", "Cluster": "Assiniboine South", "Location": "MULTIPOLYGON (((-97.2156439873406 49.86656477390826, -97.22021000312486 49.86673309434584, -97.23830084909243 49.867402580556806, -97.23831852809201 49.86722217355821, -97.23863207549545 49.86402229550628, -97.23918174570728 49.858411526408005, -97.23919938022175 49.85823149725815, -97.23596249904507 49.85811215215153, -97.23542995489476 49.85809252279338, -97.23418999386966 49.8580468088051, -97.23045107249435 49.85790888418511, -97.22769241390206 49.85780584772118, -97.22729771928235 49.8577940557229, -97.22698073475145 49.857740463889414, -97.22648206072176 49.857641913058906, -97.22584093996505 49.857523373098246, -97.22536551462275 49.85740727692131, -97.2242939446961 49.85724796239184, -97.22386957472246 49.85720395812114, -97.22307679959349 49.85712912361541, -97.22214167130518 49.857041218314166, -97.21950232701889 49.85733902374611, -97.21870395289524 49.85738224359962, -97.21738547420588 49.85743904296804, -97.21509528101112 49.85749795321374, -97.21198334556104 49.857437034727376, -97.21119437494572 49.85740867228196, -97.21039461870745 49.85737726009525, -97.20664746664328 49.85722904639039, -97.20599197981001 49.8641543685749, -97.20656064270179 49.8642342896158, -97.20707580585416 49.86436240887717, -97.20734366294005 49.86445423562189, -97.20759613877435 49.86455553650014, -97.20777819728976 49.864658985497215, -97.20836577972938 49.865025728497834, -97.20858166845328 49.86521045784797, -97.20876913917243 49.865440702701775, -97.20902103309669 49.86569136800604, -97.20933324902748 49.86587479648681, -97.20974088367186 49.866059698014574, -97.21014972073218 49.86621215131517, -97.21054323245235 49.86630429217625, -97.2111402032713 49.866396244622166, -97.2114331886339 49.8664202814138, -97.2156439873406 49.86656477390826)))", "lon": -97.222846881235, "lat": 49.862139507174597 }, "geometry": { "type": "Polygon", "coordinates": [ [ [ -97.2383008, 49.8674026 ], [ -97.2101497, 49.8662122 ], [ -97.205992, 49.8641544 ], [ -97.206647500000017, 49.857229 ], [ -97.2221417, 49.8570412 ], [ -97.2391994, 49.8582315 ], [ -97.2383008, 49.8674026 ] ] ] } },
{ "type": "Feature", "properties": { "ID": 152, "Name": "Tuxedo Industrial", "Cluster": "Assiniboine South", "Location": "MULTIPOLYGON (((-97.1967207296841 49.84861573784638, -97.19941207991579 49.84836347033056, -97.20755539371444 49.847602213399405, -97.2077481333982 49.847584235586766, -97.21311979353841 49.84707139211923, -97.22818766305151 49.84566080369317, -97.22820122516326 49.84551620935397, -97.22826535685195 49.844832447054905, -97.2282805354766 49.844658310956966, -97.22841546359896 49.84311565338966, -97.22848234891052 49.842350899493645, -97.2285493413018 49.84158489332035, -97.22858304267683 49.84119877283663, -97.22861674518164 49.84081265127197, -97.22865303614205 49.84039685930646, -97.2287060482969 49.839789472154365, -97.22879338711613 49.83878874863062, -97.22886501767569 49.83796797629336, -97.22893664544816 49.8371472037742, -97.2290082704337 49.836326431072926, -97.22907989263253 49.835505658189675, -97.2291515120448 49.83468488512441, -97.22922312867068 49.83386411187725, -97.22929474251038 49.833043338448014, -97.22936635356405 49.832222564836776, -97.2294379618319 49.83140179104365, -97.22950956731408 49.83058101706847, -97.22958117001077 49.829760242911284, -97.22961420309814 49.82938157729232, -97.22966810570458 49.8287636650639, -97.22968592697849 49.828559366692396, -97.22974284907585 49.82790681349481, -97.22975764798655 49.827737155907066, -97.2298293662 49.82691494493913, -97.229901081619 49.8260927337887, -97.22997279424379 49.82527052245557, -97.2300445040745 49.824448310939765, -97.23011621111132 49.82362609924144, -97.23018791535442 49.82280388736055, -97.23025964342075 49.82198137007243, -97.2303788906876 49.820613884301345, -97.23086244761049 49.81466132763198, -97.23086258127111 49.814390055916505, -97.23012194913883 49.814388503462546, -97.22831269253308 49.81438469113403, -97.22741124496822 49.814382781126795, -97.22715985590811 49.81438224722738, -97.22689652507935 49.81438168738114, -97.22677294779203 49.81438142444717, -97.22524894921338 49.81437817101717, -97.22461899629012 49.81437682033898, -97.22423370610497 49.81437599255248, -97.22291671332651 49.81437315335114, -97.22201366634476 49.81437119777193, -97.22107968905185 49.8143691678078, -97.21952870280684 49.81501327301301, -97.2108988272483 49.81793488862818, -97.209579977781 49.818381292330784, -97.20705958204637 49.81921970239965, -97.20113682529819 49.82123631399276, -97.20410900020947 49.82492017769218, -97.20491709747441 49.82577412010843, -97.20700313698306 49.82723283853901, -97.20674649282766 49.82773308304962, -97.19911976954413 49.84258837440585, -97.19729389134916 49.846143383364605, -97.19704261127626 49.84676980438664, -97.1969974899643 49.846903384111734, -97.19695139481196 49.8470398460369, -97.19683684344908 49.84752210825797, -97.19676866397448 49.84801069690204, -97.1967207296841 49.84861573784638)))", "lon": -97.216036834417565, "lat": 49.832032868609765 }, "geometry": { "type": "Polygon", "coordinates": [ [ [ -97.1967207, 49.8486157 ], [ -97.1972939, 49.8461434 ], [ -97.2070031, 49.8272328 ], [ -97.2011368, 49.8212363 ], [ -97.2210797, 49.8143692 ], [ -97.2308626, 49.8143901 ], [ -97.2281877, 49.8456608 ], [ -97.1967207, 49.8486157 ] ] ] } },
{ "type": "Feature", "properties": { "ID": 528, "Name": "Tyndall Park", "Cluster": "Inkster West", "Location": "MULTIPOLYGON (((-97.19517666775121 49.94594161950211, -97.20677439523911 49.94590987194467, -97.21822050173188 49.945948399599004, -97.22559689445045 49.94594859037222, -97.22559661566011 49.94578322282038, -97.22559643217531 49.94567487224283, -97.22559618037347 49.94552449206221, -97.22559578707795 49.94529109510453, -97.22559554831237 49.945149273738906, -97.22559536350045 49.94503959278806, -97.22559518007596 49.944929911856555, -97.22559500475569 49.94482562437514, -97.22559482803723 49.94472133687063, -97.22559464459636 49.94461165593338, -97.22559446926051 49.94450736844651, -97.22559428441556 49.944397687484084, -97.22559410906923 49.94429339999356, -97.22559392421327 49.944183719027286, -97.22559374882346 49.94407943243207, -97.22559356398952 49.94396975056296, -97.22559338858923 49.94386546396407, -97.22559320374427 49.94375578209111, -97.2255930283335 49.94365149548856, -97.2255928529507 49.94354720798523, -97.22559266805634 49.943437527005514, -97.22559249266303 49.94333323949852, -97.22559230775767 49.943223558514944, -97.22559213235391 49.94311927100429, -97.22559194743752 49.943009590016864, -97.2255917720233 49.942905302502545, -97.22559158709589 49.94279562151126, -97.22559141167119 49.94269133399327, -97.22559123620836 49.94258704737248, -97.22559105129763 49.94247736547646, -97.22559084843 49.9423567158466, -97.22559069541201 49.942266282979425, -97.22409595542712 49.94226535371639, -97.22409599846438 49.94217492264324, -97.22409605021609 49.94206465788084, -97.22409610004625 49.941955013733946, -97.22409614990276 49.94184536868608, -97.2240961997195 49.941735724535214, -97.22409625542905 49.94161511751017, -97.22409631113047 49.94149451048271, -97.22409637331678 49.94135883082744, -97.22409646900739 49.9411493891451, -97.224096565927 49.9409363504209, -97.22409191010094 49.940607403687565, -97.2240968013227 49.940426282578926, -97.22519865071384 49.93952209358202, -97.22506524570387 49.93945437760524, -97.22489837408648 49.93936967288638, -97.22474151123846 49.93929004855508, -97.22457464072824 49.93920534427928, -97.22441777759218 49.93912571859913, -97.22423422076362 49.93903254328291, -97.22407736011449 49.938952918072424, -97.2239104919765 49.938868211962365, -97.22372693711327 49.93877503586034, -97.2235049629306 49.9386623546147, -97.22336161500883 49.938589587161815, -97.2231623159273 49.93858935775274, -97.22288616842927 49.93858903773248, -97.22268661434141 49.93858880719512, -97.22248706169039 49.938588575436675, -97.22228750765734 49.93858834331347, -97.22209670136986 49.938588121744225, -97.22209305009906 49.93858811703091, -97.22205398826438 49.93858807218193, -97.22185443425494 49.9385878393134, -97.22164214394024 49.938587591566375, -97.22144258995326 49.93858735798905, -97.22124303733696 49.93858712498866, -97.22103074705775 49.938586876122244, -97.22083119310415 49.93858664149272, -97.22059767383726 49.938586366529286, -97.22042699152077 49.93858616588799, -97.2203981198742 49.93858613205341, -97.22019856734808 49.9385858963565, -97.21999901343996 49.938585660294784, -97.21978672323309 49.938585409150775, -97.21957443164567 49.93858515759672, -97.21937487913148 49.93858492138123, -97.2193481732085 49.93858488906038, -97.21917532526845 49.93858468390194, -97.21888661037148 49.93858434033956, -97.21851569563815 49.938583897134244, -97.21821016815832 49.93858353194703, -97.21820981781681 49.93836431026049, -97.21820955574215 49.938199894001094, -97.21820949924953 49.93816432553086, -97.21820928897482 49.93803284665937, -97.21820910205935 49.9379150151949, -97.21820889581916 49.93778622225517, -97.21820869096398 49.93765742933414, -97.21820850263462 49.93753959784102, -97.21820831569151 49.93742176636698, -97.21820810942117 49.93729297341684, -97.2182079045358 49.93716418048536, -97.2182076982497 49.93703538752976, -97.21820751127835 49.93691755604598, -97.21820730497717 49.93678876308515, -97.21820710006094 49.936659970143005, -97.21820691167576 49.93654213863056, -97.21820687172017 49.93651703327869, -97.21820672467679 49.936424307137244, -97.21820653189542 49.93630406312212, -97.21820626965982 49.93613964680708, -97.21820600342481 49.935972353858865, -97.21805916333535 49.9358978179521, -97.21779295081568 49.93576268798589, -97.21762609035221 49.93567798719648, -97.21759104345463 49.93566019715197, -97.21745922905036 49.93559328704969, -97.21731826530927 49.935521732386164, -97.21690335182535 49.93531111450565, -97.2164914459758 49.935102020139674, -97.21639133180675 49.935051198945715, -97.21609099056882 49.934898734856375, -97.21602424420755 49.93486483968883, -97.21582449324669 49.93476346099296, -97.21500669860684 49.93434821509352, -97.21395870969903 49.933816066135485, -97.21321197145735 49.93343687373378, -97.21321193676448 49.933400963747665, -97.21321164007114 49.93310093867786, -97.21321148582088 49.932945923531044, -97.21321135030334 49.93280886339662, -97.21321121401911 49.93267174837853, -97.21284611470625 49.93267172993932, -97.21257441112952 49.93267171634299, -97.21246825652369 49.93267168905508, -97.21246701918444 49.93140946577527, -97.20675912896257 49.92850991160364, -97.20675774061532 49.93121276117556, -97.1951103106868 49.93120695387943, -97.1951104733444 49.931393293248746, -97.19511206690811 49.938550465103006, -97.19512777760514 49.944323635146716, -97.19517695377074 49.944856070970324, -97.19517666775121 49.94594161950211)))", "lon": -97.208208611681414, "lat": 49.939192612739802 }, "geometry": { "type": "Polygon", "coordinates": [ [ [ -97.1951767, 49.9459416 ], [ -97.1951103, 49.931207 ], [ -97.2067577, 49.9312128 ], [ -97.2067591, 49.928509899999987 ], [ -97.212467, 49.9314095 ], [ -97.213212, 49.9334369 ], [ -97.218206, 49.9359724 ], [ -97.2182102, 49.9385835 ], [ -97.2233616, 49.9385896 ], [ -97.2251987, 49.9395221 ], [ -97.2240968, 49.9404263 ], [ -97.224096, 49.9422654 ], [ -97.2255907, 49.9422663 ], [ -97.2255969, 49.9459486 ], [ -97.1951767, 49.9459416 ] ] ] } },
{ "type": "Feature", "properties": { "ID": 986, "Name": "Tyne-Tees", "Cluster": "River East South", "Location": "MULTIPOLYGON (((-97.10299321740548 49.90308454639577, -97.10614307867554 49.90258655003658, -97.10740441862191 49.89959420629702, -97.10721055796391 49.89921034552077, -97.10706018506829 49.89921955934284, -97.10321015699324 49.899455394966054, -97.102770137656 49.89946494229744, -97.10199915652552 49.89945999253206, -97.10119939415272 49.89942562095701, -97.10043024342585 49.89936416214282, -97.0998258839629 49.899295959337216, -97.07116535532109 49.89417362478468, -97.07074352572918 49.89522347860447, -97.06994193770196 49.89636488203512, -97.06933819226714 49.897484019775725, -97.06904244502697 49.89817009191303, -97.06895236112479 49.89834490483042, -97.07222817330351 49.89893537379945, -97.0763119642545 49.89970215111042, -97.09614367212978 49.90323691963439, -97.09712315496249 49.903236184582056, -97.0987573726492 49.90315256192516, -97.10044785721112 49.90312442705374, -97.10136450061741 49.903349435214096, -97.10299321740548 49.90308454639577)))", "lon": -97.087695368135343, "lat": 49.899268864437701 }, "geometry": { "type": "Polygon", "coordinates": [ [ [ -97.1061431, 49.9025866 ], [ -97.0961437, 49.9032369 ], [ -97.0689524, 49.8983449 ], [ -97.0711654, 49.8941736 ], [ -97.0998259, 49.899296 ], [ -97.1072106, 49.8992103 ], [ -97.1061431, 49.9025866 ] ] ] } },
{ "type": "Feature", "properties": { "ID": 104, "Name": "University", "Cluster": "Fort Garry South", "Location": "MULTIPOLYGON (((-97.11691027631251 49.810992006192535, -97.1155944464657 49.81206112839676, -97.115249116011 49.81280856855889, -97.11534857434957 49.81380501173893, -97.11589402952536 49.814739243385716, -97.11665442073567 49.81539083293595, -97.11823150711461 49.8162272020932, -97.11994253255929 49.81675436163325, -97.12150005875272 49.81697019261057, -97.12292017925455 49.81687969528131, -97.12401611830754 49.816618720059736, -97.12450099759359 49.81645638625181, -97.12563468432523 49.81597741410985, -97.12751987601261 49.81505625327152, -97.12941822656278 49.814071366742084, -97.13048433707912 49.813619143366296, -97.1318576583627 49.81320904670832, -97.13282900940877 49.81297836970495, -97.13350642856192 49.81287308899255, -97.134247205792 49.81284783769339, -97.1354648022321 49.812890677742224, -97.13658980922828 49.81295990285424, -97.13691741083724 49.813005130004576, -97.13800352984717 49.8126202494535, -97.13992088790725 49.811971552032496, -97.14085108834321 49.811656820300776, -97.14178920968932 49.81133939719532, -97.14377188869184 49.81066854488647, -97.14400032517881 49.81059268528436, -97.14315304152323 49.810207446024144, -97.14246507570797 49.8099713864394, -97.14200907271692 49.80978469489505, -97.14189348106504 49.80965122167954, -97.14219809142226 49.809546029480494, -97.146017859619 49.80825268236012, -97.14733036911298 49.80780823031587, -97.14841289635231 49.807441639038274, -97.14969043819089 49.80700898686362, -97.15003252168817 49.80689313319528, -97.15081580288265 49.80662785283872, -97.15170724164638 49.806325931823714, -97.15282247883724 49.805948196962255, -97.15417919893262 49.805488649538106, -97.15552257393033 49.80503359736829, -97.1558797946385 49.80491295343276, -97.15703949233212 49.80266810021674, -97.1570906560849 49.80142244228059, -97.15727974985975 49.79683072213299, -97.15699637160569 49.79692676344369, -97.15624628034436 49.797181078218316, -97.15616099506462 49.79720999322818, -97.1551683780146 49.79754652160071, -97.15492084046791 49.797630443183486, -97.15084092190729 49.799013513074705, -97.15058452402843 49.79910042241911, -97.15005050321241 49.799281434824366, -97.14992709608906 49.799323264236314, -97.14957578552449 49.79944234155903, -97.1492243564061 49.79956145730525, -97.14891985913789 49.799664664660654, -97.14889246148832 49.799673951553096, -97.1484275662141 49.79983152133146, -97.14813609016754 49.799930312137185, -97.14792236219496 49.80000275074619, -97.14770859921376 49.800075179407926, -97.14749485108571 49.800147602517534, -97.14728110236186 49.80022002432562, -97.14706735158472 49.8002924466079, -97.14685251463615 49.80036523701544, -97.14662751179658 49.800441470551256, -97.14634654130688 49.80053666586766, -97.14590089220479 49.80068765310532, -97.14580250197305 49.800720987705674, -97.14557007876188 49.8007997324165, -97.14516333252173 49.8009375346787, -97.14493985768883 49.80101324610934, -97.14475235019948 49.801076770773356, -97.1445385905448 49.80114918916959, -97.14429616948313 49.801231316202774, -97.1438819241686 49.8013716528353, -97.14370245637676 49.80143245135297, -97.1434702094671 49.801511129931, -97.14306345283751 49.80164892468959, -97.14283996594334 49.801724632795235, -97.14265245017772 49.80178815574323, -97.14244243106671 49.80185930077523, -97.14219625062725 49.80194269444077, -97.14178198769297 49.80208302511723, -97.14160250060864 49.80214382548513, -97.14152655846485 49.80216954955267, -97.14124941426365 49.802263429464034, -97.14103691222549 49.80233541176792, -97.14092440115886 49.80237352326485, -97.14088689789415 49.8023862270798, -97.14073688328698 49.802437041294425, -97.14054936493027 49.80250055901418, -97.1403618474432 49.802564077345345, -97.14017432811683 49.80262759444542, -97.13998680830562 49.802691111235646, -97.13979928800958 49.802754627716034, -97.13961176719425 49.80281814478554, -97.13942424592855 49.802881660646236, -97.13923672417803 49.80294517619707, -97.13904920194267 49.80300869143807, -97.13885043284158 49.80307601595027, -97.13862540517339 49.80315223362059, -97.13829910950746 49.80326275022478, -97.13811158481349 49.80332626481545, -97.13792405966916 49.80338977819731, -97.13773653404003 49.80345329126929, -97.13754900792607 49.8035168040314, -97.13717395420919 49.80364382952499, -97.13715483339475 49.803650305323416, -97.1371173267919 49.80366300787031, -97.13704231630592 49.80368841297158, -97.13679903903812 49.80377087766173, -97.13642399183207 49.803898036545405, -97.1362364657752 49.803961660461255, -97.1360488135089 49.80402522111127, -97.13586120735107 49.80408881981831, -97.13567359928402 49.804152419091835, -97.13559649099221 49.804178558589264, -97.13529838172735 49.80427961580945, -97.13492316361686 49.804406811308816, -97.13473555381577 49.80447040904273, -97.13454794352899 49.80453400646651, -97.13428501501258 49.80462313418566, -97.13417819939131 49.804659342952455, -97.13414062316043 49.804672080299106, -97.13410304691007 49.80468481763332, -97.13335190212247 49.80493943476833, -97.13307104151224 49.80503585913501, -97.13272142203178 49.805154251701495, -97.1307870552903 49.80580926667406, -97.12969673033793 49.80617845011716, -97.12957680924815 49.80639066613867, -97.12922509930172 49.806742978348744, -97.1287451466303 49.807122415096835, -97.12815492842266 49.80744381038659, -97.12742902066398 49.80770344232695, -97.1261048123239 49.80809569406657, -97.12374523343725 49.808885974213176, -97.12147185398027 49.80951436817001, -97.11921307096758 49.81012063142423, -97.11783732099225 49.8105492194646, -97.11691027631251 49.810992006192535)))", "lon": -97.137043640145421, "lat": 49.807768236210912 }, "geometry": { "type": "Polygon", "coordinates": [ [ [ -97.1169103, 49.810992 ], [ -97.127429, 49.8077034 ], [ -97.1296967, 49.806178499999987 ], [ -97.157279699999989, 49.7968307 ], [ -97.1570395, 49.8026681 ], [ -97.1558798, 49.804913 ], [ -97.1418935, 49.8096512 ], [ -97.144000300000016, 49.8105927 ], [ -97.1369174, 49.8130051 ], [ -97.1318577, 49.813209 ], [ -97.124501, 49.8164564 ], [ -97.1215001, 49.8169702 ], [ -97.1182315, 49.8162272 ], [ -97.115894, 49.8147392 ], [ -97.1152491, 49.8128086 ], [ -97.1169103, 49.810992 ] ] ] } },
{ "type": "Feature", "properties": { "ID": 734, "Name": "Valhalla", "Cluster": "River East West", "Location": "MULTIPOLYGON (((-97.06670110859342 49.96114752802307, -97.06687507682419 49.96122611187293, -97.06783104991995 49.96164952972212, -97.06809314410063 49.961766098083125, -97.06819666392754 49.96181213914013, -97.06919908626111 49.96225795946414, -97.07029408866013 49.962744935729866, -97.07131902289345 49.96171019272319, -97.07216779109642 49.960798241960845, -97.07260777265292 49.96028965534561, -97.0730169933538 49.95989096670383, -97.07341918919414 49.95949905978581, -97.07461369642223 49.95854170914234, -97.07646712355756 49.95718279104434, -97.07753413410349 49.95630346939006, -97.08023556149013 49.95417656291462, -97.08113765092872 49.95341067121983, -97.08188891323762 49.952859599076255, -97.08265450722897 49.95240047566516, -97.08418143932661 49.95163330945941, -97.08475877646146 49.95142440026952, -97.08562275224659 49.95116325898408, -97.08669996378677 49.9509277433626, -97.08780674071558 49.95085421223928, -97.08890939999182 49.95088400757789, -97.09022174732725 49.9509857995633, -97.09169064983281 49.951183123935685, -97.09305420583118 49.95140074392086, -97.0938874967579 49.951459767691475, -97.0946712038697 49.95144941106534, -97.09545812538371 49.951358931975776, -97.09628424186113 49.95118888922027, -97.09667971315805 49.95106876049762, -97.09725516611094 49.95062019026365, -97.0962601784883 49.95038153120837, -97.0866630191399 49.94807898710419, -97.08430004632807 49.947576194979526, -97.08367435092613 49.948122083359394, -97.07231030095113 49.95680458040467, -97.0702881570791 49.958691167610056, -97.06670110859342 49.96114752802307)))", "lon": -97.080344985974364, "lat": 49.953833547449776 }, "geometry": { "type": "Polygon", "coordinates": [ [ [ -97.066701099999989, 49.9611475 ], [ -97.0843, 49.9475762 ], [ -97.0972552, 49.9506202 ], [ -97.0946712, 49.9514494 ], [ -97.0878067, 49.9508542 ], [ -97.084758799999989, 49.9514244 ], [ -97.081137700000014, 49.9534107 ], [ -97.0702941, 49.9627449 ], [ -97.066701099999989, 49.9611475 ] ] ] } },
{ "type": "Feature", "properties": { "ID": 766, "Name": "Valley Gardens", "Cluster": "River East East", "Location": "MULTIPOLYGON (((-97.06287834405755 49.9117081914176, -97.06010904194906 49.91553374091187, -97.05267647716687 49.923268960230715, -97.06197803790228 49.92636551221172, -97.07100813281374 49.92937060490257, -97.07648574708415 49.92504189200574, -97.0813898423949 49.92116801133056, -97.08239834188365 49.92037064076453, -97.08254856622187 49.92025186277678, -97.0843423226614 49.9188335979228, -97.06287834405755 49.9117081914176)))", "lon": -97.067993044270196, "lat": 49.920697392577722 }, "geometry": { "type": "Polygon", "coordinates": [ [ [ -97.0628783, 49.9117082 ], [ -97.084342299999989, 49.9188336 ], [ -97.0710081, 49.9293706 ], [ -97.0526765, 49.923269 ], [ -97.0628783, 49.9117082 ] ] ] } },
{ "type": "Feature", "properties": { "ID": 130, "Name": "Varennes", "Cluster": "St. Vital North", "Location": "MULTIPOLYGON (((-97.11180916026831 49.853254404970514, -97.11194117815575 49.85247791843012, -97.10550501700406 49.85463828759397, -97.10392700534817 49.855300735819924, -97.10457286006832 49.85613147789157, -97.1110069760588 49.86440574995069, -97.11231670293148 49.85771694877999, -97.11180916026831 49.853254404970514)))", "lon": -97.109169974224017, "lat": 49.857469455873066 }, "geometry": { "type": "Polygon", "coordinates": [ [ [ -97.1119412, 49.8524779 ], [ -97.1123167, 49.8577169 ], [ -97.111007, 49.8644057 ], [ -97.103927, 49.8553007 ], [ -97.1119412, 49.8524779 ] ] ] } },
{ "type": "Feature", "properties": { "ID": 27, "Name": "Varsity View", "Cluster": "Assiniboine South", "Location": "MULTIPOLYGON (((-97.26559976789474 49.86785115865849, -97.26609362081614 49.866371115592976, -97.26703760866926 49.86446292060778, -97.2674122852411 49.860790034395144, -97.26751084207964 49.859254301848935, -97.2669464876387 49.85923277816097, -97.26568986469755 49.85918484238994, -97.25073420950632 49.858613284038405, -97.24987110079249 49.86803947813896, -97.25812410091214 49.868489528961355, -97.26490207910398 49.86791246318408, -97.26490458991735 49.86791224934147, -97.26559976789474 49.86785115865849)))", "lon": -97.258457881620245, "lat": 49.863520451281616 }, "geometry": { "type": "Polygon", "coordinates": [ [ [ -97.2655998, 49.8678512 ], [ -97.258124099999989, 49.868489499999988 ], [ -97.2498711, 49.8680395 ], [ -97.250734200000011, 49.8586133 ], [ -97.2675108, 49.8592543 ], [ -97.2670376, 49.8644629 ], [ -97.2655998, 49.8678512 ] ] ] } },
{ "type": "Feature", "properties": { "ID": 1552, "Name": "Vialoux", "Cluster": "Assiniboine South", "Location": "MULTIPOLYGON (((-97.24920145757874 49.8739904435071, -97.24950092584581 49.87400288646857, -97.24995555314723 49.8739597883519, -97.2508765172389 49.87379823780959, -97.25256760293826 49.873569281306416, -97.25291600232342 49.873480416611564, -97.25387059877178 49.873183403090884, -97.25474653323539 49.87297350426381, -97.2557616958939 49.87279125660629, -97.2569387815367 49.87251618701463, -97.25906959696113 49.87189517455096, -97.25966618733214 49.87176357015058, -97.26023344187783 49.87172674027202, -97.26137084503846 49.87179377003848, -97.26256007329432 49.871919662106066, -97.26349982741765 49.87198385247892, -97.26422781352947 49.87162146182025, -97.26530826577188 49.87108359528078, -97.26559976789474 49.86785115865849, -97.26490458991735 49.86791224934147, -97.26490207910398 49.86791246318408, -97.25812410091214 49.86848952896127, -97.24987110079249 49.86803947813896, -97.24974848160859 49.868032790679976, -97.24973720133441 49.86815594175311, -97.24960881785556 49.86955408985062, -97.24954889653108 49.87020661319292, -97.24945804885374 49.87119588326906, -97.24944137951535 49.87137739735175, -97.24942505014546 49.87155520797065, -97.24940872063875 49.87173301858216, -97.2493873670963 49.8719655332328, -97.24938484028377 49.871993047043034, -97.24937103727476 49.87214334381697, -97.24935470806511 49.87232115442862, -97.24932092799588 49.87268912362381, -97.24930856797631 49.87282374708514, -97.2492759980758 49.87317852722233, -97.24926072194467 49.87334492628776, -97.24924726562509 49.87349149646517, -97.24920145757874 49.8739904435071)))", "lon": -97.256639686024201, "lat": 49.87047737636906 }, "geometry": { "type": "Polygon", "coordinates": [ [ [ -97.2492015, 49.8739904 ], [ -97.2497485, 49.8680328 ], [ -97.258124099999989, 49.868489499999988 ], [ -97.2655998, 49.8678512 ], [ -97.265308300000015, 49.8710836 ], [ -97.2634998, 49.8719839 ], [ -97.2596662, 49.8717636 ], [ -97.2492015, 49.8739904 ] ] ] } },
{ "type": "Feature", "properties": { "ID": 1372, "Name": "Victoria Crescent", "Cluster": "St. Vital North", "Location": "MULTIPOLYGON (((-97.13613146244181 49.843151248287114, -97.13645599364682 49.84300522507153, -97.13692122270578 49.84266340128013, -97.13724633033483 49.84227427921761, -97.1375169660248 49.841763596534854, -97.13756079185016 49.8414438927499, -97.13756558342472 49.841148208370726, -97.13742295794191 49.84058498920616, -97.13717595324339 49.84013907640902, -97.1367284158225 49.83971373569164, -97.1360128947467 49.83921779147069, -97.13402820524108 49.83789656710816, -97.13329556339187 49.83736888408833, -97.13280898740855 49.83696924547262, -97.132266556027 49.83641657415231, -97.13187800132664 49.83591750030612, -97.13100075841473 49.836218653664595, -97.1295862445076 49.836704227553156, -97.11779953800854 49.8407522742796, -97.11796934083651 49.84098803412592, -97.11813942251065 49.84127652693541, -97.11821115549763 49.84162672110302, -97.11814828774676 49.84195206636544, -97.11801662556931 49.84219377103835, -97.11681728058225 49.84393590248891, -97.11675280847726 49.844038939745374, -97.11666209178652 49.844211630592675, -97.11657850082143 49.84443955481302, -97.11657295640707 49.84468148651849, -97.11662466932283 49.844939319215875, -97.11670314529547 49.84512020037935, -97.11763230369937 49.84703327418706, -97.11782248337582 49.846967942743184, -97.1179018688326 49.84694067172064, -97.1193988616572 49.846426402015055, -97.11944325181409 49.84641115157274, -97.12029216858714 49.84611949714864, -97.11993976509751 49.845673115394284, -97.11959919624987 49.845135558505476, -97.11943344268602 49.84466542923782, -97.11941026644807 49.84417891598518, -97.11949114115811 49.843720437841284, -97.11972480110039 49.843241491733394, -97.12004450395055 49.842825983038644, -97.12042089398568 49.84250743053198, -97.12089315856286 49.84215643591596, -97.12133480325038 49.841917128500384, -97.12185373059606 49.8417181669499, -97.12247423653777 49.84157694168203, -97.1230820917824 49.84152474667252, -97.12390444524371 49.84153296400388, -97.12446461946398 49.84159217528123, -97.12516410820831 49.84168508381576, -97.12589896106299 49.84184910090968, -97.12665184508886 49.842056749189595, -97.12725379644502 49.842259403771955, -97.12830335852058 49.842646062795644, -97.12921522792371 49.84302539006833, -97.12990227826388 49.84323705354333, -97.130740933307 49.843436710362404, -97.13170593759637 49.84356360792112, -97.13270699406472 49.84364178477984, -97.13365898965971 49.843663070160375, -97.13427950433918 49.84362376855475, -97.13469847178052 49.84356252206148, -97.13587424368717 49.843266982897454, -97.13613146244181 49.843151248287114)))", "lon": -97.127909442470269, "lat": 49.840831304545745 }, "geometry": { "type": "Polygon", "coordinates": [ [ [ -97.1361315, 49.8431512 ], [ -97.1317059, 49.8435636 ], [ -97.1230821, 49.8415247 ], [ -97.1197248, 49.8432415 ], [ -97.1194334, 49.8446654 ], [ -97.1202922, 49.8461195 ], [ -97.1176323, 49.8470333 ], [ -97.116573, 49.8446815 ], [ -97.1181483, 49.8419521 ], [ -97.1177995, 49.8407523 ], [ -97.131878, 49.8359175 ], [ -97.137176, 49.8401391 ], [ -97.137517, 49.8417636 ], [ -97.1361315, 49.8431512 ] ] ] } },
{ "type": "Feature", "properties": { "ID": 160, "Name": "Victoria West", "Cluster": "Transcona", "Location": "MULTIPOLYGON (((-97.00256889377582 49.89506877010803, -97.0026425437663 49.90023381673533, -97.00264746977128 49.90057609683511, -97.00264580554393 49.900717812341625, -97.01624335660549 49.9007973315202, -97.01620739924225 49.89835682091814, -97.02541826215332 49.898412214636394, -97.0253821194677 49.89520513204363, -97.00256889377582 49.89506877010803)))", "lon": -97.012570330938658, "lat": 49.897613489031876 }, "geometry": { "type": "Polygon", "coordinates": [ [ [ -97.0025689, 49.8950688 ], [ -97.0253821, 49.8952051 ], [ -97.0254183, 49.8984122 ], [ -97.0162074, 49.8983568 ], [ -97.0162434, 49.9007973 ], [ -97.0026458, 49.900717799999988 ], [ -97.0025689, 49.8950688 ] ] ] } },
{ "type": "Feature", "properties": { "ID": 17, "Name": "Vista", "Cluster": "St. Vital South", "Location": "MULTIPOLYGON (((-97.1140115902755 49.82384609490723, -97.11326196852391 49.820173060479526, -97.11223059553411 49.820533896730495, -97.11174031944077 49.82068121457358, -97.11134583309034 49.820711757806, -97.11093591870136 49.820679915787366, -97.10934601741752 49.8203690176978, -97.10918383635689 49.82033730247232, -97.10884361274118 49.820291349375864, -97.10832991118107 49.820282069530045, -97.1078083154773 49.82033345590615, -97.10739182394319 49.82045256887744, -97.10063903135355 49.82279309663446, -97.1045562793847 49.827551670177165, -97.10477851224456 49.82747491663503, -97.10478284653668 49.827473419674746, -97.10496972686842 49.82740891098126, -97.10515660535441 49.82734440105818, -97.1053434847036 49.82727989174884, -97.10553036220705 49.82721538120994, -97.1057172405737 49.82715087128476, -97.1059041184842 49.82708636015273, -97.10609099447872 49.827021849589016, -97.10631524674034 49.82694443527486, -97.10665162236405 49.826828314297956, -97.10683849642858 49.8267638016037, -97.10702537135633 49.826699289523155, -97.10727204526027 49.826614132345746, -97.10752230539296 49.826527736119395, -97.10783303733197 49.82642046238906, -97.10801990825557 49.82635594864721, -97.10820999366359 49.82629032401607, -97.10828683529618 49.82626379527735, -97.10845666345665 49.8262051642623, -97.10869211891824 49.82612387504881, -97.10887898897292 49.826059359914225, -97.10906585857138 49.82599484357282, -97.10926393825139 49.82592645664496, -97.1095144915895 49.82583995208067, -97.10976115546599 49.82575478946721, -97.10997814468092 49.825679872596815, -97.10999148757422 49.8256752661462, -97.1101982734214 49.82560387044066, -97.11038513955138 49.82553935192567, -97.11038611061903 49.825539016951474, -97.11057200376551 49.8254748339791, -97.1107533750605 49.8254122122981, -97.11075886891292 49.82541031484841, -97.11094573214446 49.82534579628612, -97.1113194585583 49.82521675736171, -97.11150632174055 49.82515223699957, -97.11169318443152 49.82508771632958, -97.11192055767151 49.82500920779636, -97.11212685165461 49.824937976956086, -97.11231371132455 49.82487345524116, -97.11250064655304 49.82480890837133, -97.11260300846065 49.824773563491455, -97.11268750662974 49.824744386063216, -97.11287436479063 49.824679864323585, -97.11306122388474 49.82461534139982, -97.11324808106306 49.82455081904452, -97.11302469725125 49.824280424159895, -97.1129648677114 49.82420800313031, -97.1131590554239 49.82414086314046, -97.11381412620024 49.82391436999441, -97.1140115902755 49.82384609490723)))", "lon": -97.107654497254018, "lat": 49.823481091154065 }, "geometry": { "type": "Polygon", "coordinates": [ [ [ -97.1140116, 49.8238461 ], [ -97.1045563, 49.8275517 ], [ -97.100639, 49.8227931 ], [ -97.1078083, 49.8203335 ], [ -97.113262, 49.8201731 ], [ -97.1140116, 49.8238461 ] ] ] } },
{ "type": "Feature", "properties": { "ID": 37, "Name": "Waverley Heights", "Cluster": "Fort Garry South", "Location": "MULTIPOLYGON (((-97.15824340093005 49.801468022322695, -97.15668110307327 49.81867398040169, -97.16201304725223 49.818410526178965, -97.17697775879715 49.813324560816454, -97.17564000479594 49.811879060008174, -97.17483883220099 49.810900294432415, -97.17423772132781 49.809936097264334, -97.17376142935677 49.80846079757758, -97.17366131875657 49.80718631042608, -97.17364929614686 49.80207604564423, -97.16560965145453 49.80175900107237, -97.15824340093005 49.801468022322695)))", "lon": -97.165416091545353, "lat": 49.809691562385829 }, "geometry": { "type": "Polygon", "coordinates": [ [ [ -97.158243399999989, 49.801468 ], [ -97.1736493, 49.802076 ], [ -97.173761399999989, 49.8084608 ], [ -97.176977799999989, 49.8133246 ], [ -97.162013, 49.8184105 ], [ -97.1566811, 49.818674 ], [ -97.158243399999989, 49.801468 ] ] ] } },
{ "type": "Feature", "properties": { "ID": 1720, "Name": "Waverley West B", "Cluster": "Fort Garry South", "Location": "MULTIPOLYGON (((-97.19393582896132 49.795508972534066, -97.19380331632466 49.79435495070531, -97.19363890106365 49.79292302841862, -97.19391207417172 49.79161845142878, -97.19430221162557 49.79018844875974, -97.19412230676626 49.788985877638524, -97.19368950612831 49.78703405303852, -97.19227502752739 49.78492001531575, -97.19183892333552 49.785068948174334, -97.19140281788867 49.785217879379125, -97.19096670840993 49.78536680888679, -97.19053059767624 49.78551573674065, -97.19009448291067 49.78566466289728, -97.18965836692367 49.78581358650108, -97.1892222468713 49.785962509306586, -97.18878612556401 49.7861114304582, -97.18835000022486 49.78626034991249, -97.1879138736308 49.78640926771284, -97.1876566956885 49.78649708036801, -97.18722056489236 49.78664599550457, -97.18678443006435 49.78679490894369, -97.18634829398151 49.78694382072879, -97.18591215390038 49.7870927299174, -97.18547601253087 49.787241638350956, -97.1850398671295 49.78739054508695, -97.18460372047333 49.787539450168865, -97.18416756978534 49.78768835355313, -97.18373141784255 49.78783725528328, -97.18329526186794 49.78798615531573, -97.18285910467223 49.788135052795035, -97.18242294341104 49.78828394947558, -97.18198677950656 49.78843284448013, -97.18155061434739 49.788581737830434, -97.18111444515638 49.7887306294829, -97.18067827471069 49.7888795194811, -97.18024210026687 49.789028406882416, -97.18000141347746 49.78911056456624, -97.17980592453469 49.7891772935284, -97.17936974477071 49.78932617847643, -97.1789335637521 49.78947506177009, -97.17849737870166 49.78962394336573, -97.17806119239663 49.789772823307004, -97.17762500209352 49.78992170065118, -97.17718880911349 49.790070577218074, -97.17675261487886 49.790219452130515, -97.17631641661247 49.790368325344765, -97.17588021709149 49.79051719690454, -97.17569726465607 49.790579635993375, -97.17427311189132 49.79106566586259, -97.17395250754048 49.79117507680284, -97.17369899497136 49.79126162379046, -97.17364929614686 49.80207604564423, -97.17454723743131 49.802532656331856, -97.17563848550527 49.80265672797773, -97.17674125417707 49.80267408777062, -97.17780007905752 49.80246240530834, -97.18375549991165 49.80044921417149, -97.18450415841598 49.80006330137938, -97.18751518688923 49.797676071015545, -97.19393582896132 49.795508972534066)))", "lon": -97.183501828191524, "lat": 49.793928614769946 }, "geometry": { "type": "Polygon", "coordinates": [ [ [ -97.1939358, 49.795509 ], [ -97.1875152, 49.7976761 ], [ -97.1837555, 49.8004492 ], [ -97.1778001, 49.8024624 ], [ -97.1736493, 49.802076 ], [ -97.173699, 49.7912616 ], [ -97.192275, 49.78492 ], [ -97.194122299999989, 49.7889859 ], [ -97.1939358, 49.795509 ] ] ] } },
{ "type": "Feature", "properties": { "ID": 1482, "Name": "Wellington Crescent", "Cluster": "River Heights West", "Location": "MULTIPOLYGON (((-97.19436448352575 49.87836246683016, -97.19439463890912 49.87798214203648, -97.19450700334755 49.87656492099753, -97.19452305061749 49.8763623820009, -97.19466374573881 49.874617603995574, -97.19467714156568 49.87444792098363, -97.19469779486867 49.87418630582942, -97.1740496663992 49.873420240415534, -97.17200808780787 49.87335028854068, -97.17144850271853 49.87340153629174, -97.17117294262259 49.87351410017184, -97.16918454068728 49.87423810501011, -97.16713515939135 49.87497511442927, -97.16430610174058 49.875983897062305, -97.16383136910079 49.87626011274817, -97.16354759455558 49.87649753386465, -97.16339434144346 49.87664655099603, -97.16290145766025 49.877025717150815, -97.16322322766408 49.877181542563676, -97.16274707099116 49.8776490164936, -97.16255904278935 49.87779551783732, -97.1616965245316 49.8781976705045, -97.16212907992018 49.87836023022568, -97.16262068493073 49.87848305640962, -97.16310410074286 49.878584835759725, -97.16349259541194 49.878629335947075, -97.16374075767865 49.87862861988853, -97.16427246711912 49.87854757261345, -97.16487343737148 49.87839441716598, -97.16550478411975 49.87819874754552, -97.16604268290045 49.878001595967056, -97.16802659568422 49.87717661835187, -97.16928406376663 49.87668407005879, -97.16992882737729 49.87646534954171, -97.17024311948754 49.876379680039676, -97.17132658391547 49.87620854436504, -97.17203483401524 49.87616510499597, -97.1728136007963 49.87615879313849, -97.17410435899889 49.87621166798523, -97.17477654243478 49.87631404827413, -97.17544916886791 49.87645245179067, -97.17610751425023 49.876635942353175, -97.17676955335953 49.87691244250592, -97.17751111666743 49.87732148853731, -97.17808578689693 49.87767445729638, -97.17954435671683 49.878621117045334, -97.17998102177563 49.87886733403724, -97.18048185347264 49.879080860379524, -97.18106289412745 49.87926543281067, -97.18162473053016 49.8793869562872, -97.18231375896112 49.87947328962503, -97.18282775309672 49.87949877793129, -97.18333197377044 49.87947879513424, -97.18401978760915 49.87940591356331, -97.18467450086158 49.87930462297361, -97.18751504516376 49.878692579516105, -97.18829448905417 49.87847702496141, -97.18883519972633 49.878298402949405, -97.18924493048614 49.87820836357247, -97.18974017780047 49.878139411329826, -97.19026488742732 49.878099965458844, -97.1910347879792 49.87809106867789, -97.19281689618278 49.87822925187202, -97.19367972069146 49.87833217043951, -97.19436448352575 49.87836246683016)))", "lon": -97.180675644956878, "lat": 49.876080984848834 }, "geometry": { "type": "Polygon", "coordinates": [ [ [ -97.1943645, 49.8783625 ], [ -97.1897402, 49.8781394 ], [ -97.182313799999989, 49.8794733 ], [ -97.1761075, 49.8766359 ], [ -97.1728136, 49.8761588 ], [ -97.1642725, 49.8785476 ], [ -97.1616965, 49.8781977 ], [ -97.1643061, 49.8759839 ], [ -97.1720081, 49.8733503 ], [ -97.1946978, 49.8741863 ], [ -97.1943645, 49.8783625 ] ] ] } },
{ "type": "Feature", "properties": { "ID": 168, "Name": "West Alexander", "Cluster": "Downtown East", "Location": "MULTIPOLYGON (((-97.1709268486006 49.91012049827621, -97.17143556734793 49.90530612980969, -97.15970381925703 49.90155011390195, -97.15816435938135 49.901100867312095, -97.15206436487608 49.89915304480231, -97.15213748051873 49.89811687337923, -97.15135875881671 49.89792998996362, -97.15123636047574 49.89789080623984, -97.15117441124673 49.89797187729153, -97.15094746223855 49.89826628810786, -97.15093009463608 49.89828959524054, -97.15016863149232 49.898047286842825, -97.14784871179178 49.897303814643415, -97.14613881515001 49.89675579452436, -97.1460134105086 49.89671560151184, -97.14576780340379 49.89703461563208, -97.1457063600795 49.89711565290364, -97.14419249666554 49.89663122448334, -97.1441321520872 49.896711909479656, -97.14395866507145 49.89693575312579, -97.14388756178838 49.89702934076476, -97.14286496118923 49.898347910526674, -97.14283082013745 49.898336931473835, -97.14257904134898 49.898661958004915, -97.14245160103161 49.898822962338066, -97.14232555059763 49.89898558423534, -97.14236202665971 49.89899730521977, -97.14211007714043 49.899322519103514, -97.14200395158458 49.899556827804716, -97.14191891176809 49.89966726317642, -97.14185869820697 49.899752509557864, -97.14195983467228 49.89978503096394, -97.1438129900451 49.90038032662788, -97.14393031474062 49.900418012122955, -97.15565157114511 49.90418204464522, -97.15505969712719 49.90494936608776, -97.15489216393769 49.90542738422076, -97.1536370625027 49.907030127204656, -97.15279259156698 49.907640530033206, -97.15256332972066 49.90793877714297, -97.16362918861351 49.911489630847555, -97.16435673940613 49.91053852670471, -97.1661450673025 49.91110974503602, -97.16771550872699 49.90909471367245, -97.1709268486006 49.91012049827621)))", "lon": -97.158288147095632, "lat": 49.904498602236281 }, "geometry": { "type": "Polygon", "coordinates": [ [ [ -97.170926799999989, 49.9101205 ], [ -97.1677155, 49.9090947 ], [ -97.1661451, 49.9111097 ], [ -97.1643567, 49.9105385 ], [ -97.1636292, 49.911489599999989 ], [ -97.1525633, 49.9079388 ], [ -97.1556516, 49.904182 ], [ -97.1418587, 49.8997525 ], [ -97.1441925, 49.8966312 ], [ -97.1521375, 49.8981169 ], [ -97.1520644, 49.899153 ], [ -97.1714356, 49.9053061 ], [ -97.170926799999989, 49.9101205 ] ] ] } },
{ "type": "Feature", "properties": { "ID": 41, "Name": "West Broadway", "Cluster": "Downtown East", "Location": "MULTIPOLYGON (((-97.15231047876254 49.88277145630585, -97.1522991015671 49.88290977901821, -97.15234015144311 49.882910985169914, -97.15233117912899 49.88301396294349, -97.15214778590342 49.88506955606908, -97.15206310569644 49.885066366870916, -97.15206066795936 49.88509369165643, -97.15205822918112 49.885121028076625, -97.1521005690155 49.88512262146153, -97.15207369934356 49.88542355872654, -97.15206559514898 49.88551385243487, -97.1513670252695 49.885488047771645, -97.15130993022571 49.88612814501055, -97.15070451007365 49.88610603095453, -97.150592250339 49.887362812207805, -97.15057614950862 49.88754338626388, -97.15050655295897 49.88835645507658, -97.15110811151885 49.888377724281156, -97.15106275891912 49.88888509107338, -97.15119722234319 49.88893456691621, -97.15185489465011 49.88903471667389, -97.15196093578761 49.889044497904585, -97.15303591530214 49.889083821425224, -97.15352910132174 49.88920555859028, -97.15411084132091 49.88924172972363, -97.15409424342552 49.88973363668677, -97.15520330394227 49.88943099035775, -97.15906440761857 49.88838411981364, -97.16052319541133 49.887991613787776, -97.16067562027871 49.885832585846856, -97.1610657836778 49.88032228855205, -97.16116825687315 49.878853221062165, -97.1616965245316 49.8781976705045, -97.16126211853856 49.87835611387463, -97.15979624445959 49.8788907506096, -97.15580336159067 49.87912305214693, -97.15579711374824 49.87908025799852, -97.15579025072135 49.87903325010865, -97.15534314592963 49.879060657636025, -97.15483156899954 49.87908341831767, -97.15491914705834 49.87920082470036, -97.15501641268503 49.87957298263124, -97.15499093188798 49.879958385185894, -97.15486091844869 49.880303722786834, -97.154651336587 49.88056532588236, -97.15438749023284 49.88079000185476, -97.15401545322167 49.88097113587891, -97.15344600403847 49.88114570652392, -97.15306383143363 49.88127343631919, -97.15304872347909 49.881568298902394, -97.15302593846232 49.88201385886908, -97.15235785742806 49.88223788001501, -97.15234473156113 49.88238570193116, -97.15231047876254 49.88277145630585)))", "lon": -97.156405775032439, "lat": 49.884344139492946 }, "geometry": { "type": "Polygon", "coordinates": [ [ [ -97.1520656, 49.8855139 ], [ -97.1530638, 49.8812734 ], [ -97.154860899999989, 49.8803037 ], [ -97.1548316, 49.8790834 ], [ -97.1616965, 49.8781977 ], [ -97.1605232, 49.8879916 ], [ -97.154094199999989, 49.8897336 ], [ -97.1510628, 49.888885099999989 ], [ -97.150704499999989, 49.886106 ], [ -97.1520656, 49.8855139 ] ] ] } },
{ "type": "Feature", "properties": { "ID": 139, "Name": "West Fort Garry Industrial", "Cluster": "Fort Garry North", "Location": "MULTIPOLYGON (((-97.1932089407354 49.81918161930675, -97.19334049165573 49.81934443235188, -97.19409583196443 49.82027925013338, -97.19423926374492 49.82045675838253, -97.19485442723929 49.821218055688526, -97.19485794925313 49.82122241428951, -97.19608109706569 49.8227360444829, -97.19628232227959 49.82298610159224, -97.20113682529819 49.82123631399276, -97.19159178950503 49.809367059093255, -97.19100681556282 49.80863943253912, -97.17697775879715 49.813324560816454, -97.1776830679626 49.814151472374185, -97.17882480306213 49.815445225218085, -97.17919484390292 49.81610614742185, -97.17928010720607 49.81723065612842, -97.17927964602573 49.822394098157396, -97.17966015616905 49.8286839628606, -97.18037919398739 49.82979347506639, -97.18303532193943 49.827548118915196, -97.18359854939479 49.82735756898201, -97.18336371043075 49.827067833348956, -97.1819164141973 49.82527772896588, -97.18191570650104 49.82527685269929, -97.18173668056019 49.82533710076384, -97.18135203458239 49.825466545218255, -97.18122326615628 49.82530725951492, -97.18104736742073 49.82508977478105, -97.18099143041265 49.825020563399256, -97.18091043599901 49.824920402005496, -97.18086211876341 49.82486065048293, -97.1807521980843 49.8247247164309, -97.18064227801406 49.82458878227854, -97.18053235855264 49.82445284802577, -97.18042243970008 49.824316913672575, -97.18035625288353 49.82423506140485, -97.18031252145636 49.82418097921889, -97.18013800841766 49.82396515947474, -97.17990575390316 49.82367792768661, -97.18006292531399 49.823624817600574, -97.18052236265254 49.82346956636216, -97.18080575153766 49.82337380330035, -97.18100854640936 49.82330527398652, -97.18106532342246 49.823286087555225, -97.18121134071481 49.82323674431046, -97.18141413445402 49.823168214272314, -97.18161692762695 49.82309968387202, -97.1818725102306 49.82301331341994, -97.1819742384805 49.82297893558155, -97.18233154754499 49.822858186177385, -97.18261487838527 49.82276244307435, -97.1830319886458 49.8226214912893, -97.18323475313457 49.82255297135071, -97.18343751705729 49.822484451050066, -97.1836402804139 49.82241593038748, -97.18384304320445 49.82234740936276, -97.18404580542891 49.822278887976005, -97.1842485670873 49.8222103662273, -97.18445132817959 49.822141844116494, -97.18465408870584 49.82207332164364, -97.18485684866529 49.82200479881227, -97.18505962585057 49.82193626706305, -97.18526240246966 49.821867734951645, -97.1854651785225 49.82179920247826, -97.18554394811997 49.8217725804707, -97.18541694787537 49.82161508396238, -97.18524971658566 49.8214076940787, -97.18501816790187 49.82112053847134, -97.18475642366779 49.820795931204316, -97.18475446259139 49.82079349969328, -97.18468981154392 49.820713321022446, -97.19081949360212 49.81863907175852, -97.1908762363569 49.8187215406275, -97.19100850068389 49.818676761798095, -97.19102307643004 49.8186718270831, -97.19141087920244 49.81854055483206, -97.19179867851133 49.81840928123507, -97.1924160584241 49.818200288329386, -97.1932089407354 49.81918161930675)))", "lon": -97.18757128980829, "lat": 49.817001727220571 }, "geometry": { "type": "Polygon", "coordinates": [ [ [ -97.1962823, 49.8229861 ], [ -97.1924161, 49.8182003 ], [ -97.190819499999989, 49.8186391 ], [ -97.1846898, 49.820713299999987 ], [ -97.1855439, 49.8217726 ], [ -97.1799058, 49.8236779 ], [ -97.1835985, 49.8273576 ], [ -97.1803792, 49.8297935 ], [ -97.1796602, 49.828684 ], [ -97.1791948, 49.8161061 ], [ -97.176977799999989, 49.8133246 ], [ -97.1910068, 49.8086394 ], [ -97.2011368, 49.8212363 ], [ -97.1962823, 49.8229861 ] ] ] } },
{ "type": "Feature", "properties": { "ID": 662, "Name": "West Kildonan Industrial", "Cluster": "Seven Oaks East", "Location": "MULTIPOLYGON (((-97.13418042106694 49.96784333860738, -97.13435137894665 49.96774699740296, -97.13523253735015 49.96714664807656, -97.13595320909248 49.96646300500212, -97.13869909746575 49.96334494578175, -97.14027772179246 49.9616267820939, -97.14101062067348 49.96082905017828, -97.12168537159592 49.95458334420601, -97.11713740065086 49.95311279150639, -97.1063800247039 49.94963336389045, -97.10522368894705 49.95049625239786, -97.10315741206142 49.95182490087888, -97.10344833535395 49.951919082471434, -97.10348772877867 49.951931835790226, -97.1039038628087 49.952066558418466, -97.10809048578325 49.95342183912785, -97.10834104115514 49.953502940703245, -97.10908425261763 49.953743504825106, -97.10961891518774 49.9539165610367, -97.11349303518683 49.95517040174365, -97.11369443570013 49.95523557862951, -97.10858454416233 49.958410669437285, -97.12362837148252 49.9652593624334, -97.13149189229044 49.968837686747136, -97.13220198340828 49.968638394149096, -97.13272920628144 49.96847530647095, -97.13323648444442 49.96828774140228, -97.13372109100918 49.96807670728241, -97.13418042106694 49.96784333860738)))", "lon": -97.12354124040705, "lat": 49.959716337718227 }, "geometry": { "type": "Polygon", "coordinates": [ [ [ -97.1341804, 49.9678433 ], [ -97.1314919, 49.9688377 ], [ -97.1085845, 49.9584107 ], [ -97.113694400000014, 49.9552356 ], [ -97.1031574, 49.9518249 ], [ -97.10638, 49.9496334 ], [ -97.1410106, 49.9608291 ], [ -97.1341804, 49.9678433 ] ] ] } },
{ "type": "Feature", "properties": { "ID": 29, "Name": "West Perimeter South", "Cluster": "Assiniboine South", "Location": "MULTIPOLYGON (((-97.32567141083605 49.83527480043069, -97.32537877803603 49.83810271181816, -97.32738818951223 49.83801481799679, -97.32812444226396 49.83798260363041, -97.32898858070386 49.83794478805974, -97.33067005364586 49.83787118617439, -97.33115756434134 49.83784984229383, -97.33235300127849 49.83779749567062, -97.33403518531543 49.837723812934954, -97.33572222447026 49.8376498939747, -97.3374090488065 49.837575958177126, -97.33909608028601 49.83750198911188, -97.34078289549169 49.83742800499398, -97.34232634786727 49.8373602867392, -97.34246695805966 49.83735411707232, -97.34260756825115 49.8373479463354, -97.3441510161179 49.83728020372401, -97.34508608210548 49.83723915363246, -97.34583422414258 49.83720630415146, -97.34666646175012 49.83716975621668, -97.34733096868342 49.82964351654564, -97.34812384393184 49.82065987218702, -97.3489163851699 49.81167620599517, -97.34912671606503 49.809291409980034, -97.34915063684055 49.80902017192558, -97.34319157860384 49.8090101696459, -97.32838934473146 49.80896446548466, -97.32838731193263 49.809235824577954, -97.32587767641036 49.83329850016187, -97.32567141083605 49.83527480043069)))", "lon": -97.337337649433209, "lat": 49.82336821780433 }, "geometry": { "type": "Polygon", "coordinates": [ [ [ -97.32537880000001, 49.8381027 ], [ -97.3283893, 49.808964499999988 ], [ -97.3491506, 49.8090202 ], [ -97.3466665, 49.8371698 ], [ -97.32537880000001, 49.8381027 ] ] ] } },
{ "type": "Feature", "properties": { "ID": 1490, "Name": "West Wolseley", "Cluster": "Downtown West", "Location": "MULTIPOLYGON (((-97.20305060313892 49.876838937237906, -97.2022984876724 49.87695912942638, -97.2013191174647 49.8771379793847, -97.2004137189481 49.877309836014064, -97.19969396599005 49.87746946398143, -97.19920084622345 49.87762679904136, -97.19875044450492 49.87784405470813, -97.19796467019677 49.87808630553639, -97.19713874404032 49.87824775281009, -97.19614778918935 49.878398492511174, -97.19559095040762 49.87843165516682, -97.19436448352575 49.87836246683016, -97.1941068896176 49.88156743795225, -97.20485229001936 49.879636697466005, -97.20325715668908 49.877159702659036, -97.20305060313892 49.876838937237906)))", "lon": -97.199192577581584, "lat": 49.879209189723269 }, "geometry": { "type": "Polygon", "coordinates": [ [ [ -97.2030506, 49.876838899999989 ], [ -97.2048523, 49.8796367 ], [ -97.1941069, 49.8815674 ], [ -97.1943645, 49.8783625 ], [ -97.2030506, 49.876838899999989 ] ] ] } },
{ "type": "Feature", "properties": { "ID": 1589, "Name": "Westdale", "Cluster": "Assiniboine South", "Location": "MULTIPOLYGON (((-97.31275642496493 49.8470181498099, -97.31274232515403 49.847154753152594, -97.31272369987072 49.84733519223225, -97.31268532105875 49.847707006186624, -97.3126616167676 49.84793665639311, -97.31264606171793 49.848087349786866, -97.31264462799284 49.84810123869356, -97.31263195100264 49.84822404648424, -97.3126164294191 49.848374412039746, -97.31260231851658 49.84851110872526, -97.31258792594662 49.84865053846652, -97.3125874890095 49.84865477681834, -97.31257240402579 49.848800904901694, -97.3125680930787 49.84884266724858, -97.31255801126305 49.84894033463075, -97.31254361837625 49.849079765252974, -97.3125302835459 49.849208943549826, -97.312529225428 49.849219194970274, -97.31251483096528 49.84935862556051, -97.31249930995817 49.84950899108471, -97.31248181189 49.84967849513725, -97.31247304763289 49.849763383212725, -97.31246006510861 49.849889144043665, -97.3124470825402 49.850014903970994, -97.31244543816186 49.850030843349174, -97.312434099865 49.85014066479247, -97.3124188936035 49.85028796849711, -97.31240013780551 49.85046892185433, -97.31238151192748 49.85064861690462, -97.31236450823789 49.85081264749419, -97.31234750580988 49.85097667809585, -97.31234308504474 49.851019325293734, -97.31233050328431 49.85114070779032, -97.31231350059858 49.85130473837567, -97.31229649778399 49.85146876895288, -97.31228554424416 49.85157443220505, -97.31227949484054 49.85163279952192, -97.31226249176824 49.851796830082804, -97.31224548859836 49.85196085973651, -97.31222848387785 49.85212489026084, -97.31222797440229 49.85212981116819, -97.31221148041894 49.85228892079728, -97.31219447683114 49.852452951325546, -97.31217747311447 49.85261698184568, -97.31217037406378 49.852685463960825, -97.31216046930027 49.852781011458596, -97.31214346532586 49.8529450419624, -97.31213681668483 49.85300917798177, -97.31212646122258 49.85310907245807, -97.31211738250579 49.85319663727671, -97.31211273481412 49.85324147231424, -97.31210945559991 49.8532731029254, -97.31209828078582 49.85338089830829, -97.3120839123038 49.85351950340667, -97.31208073551176 49.85355014966234, -97.31206955447239 49.85365799981689, -97.31206127696878 49.85373785504003, -97.31205560874105 49.85379253185969, -97.31205528824051 49.853795621449905, -97.3120410205274 49.85393324305693, -97.3120267541141 49.85407086467846, -97.3120226602442 49.85411034049479, -97.31201248625085 49.85420848537497, -97.31200317592821 49.85429829193382, -97.31199821826556 49.85434610696477, -97.31198617076163 49.854462322362195, -97.31198395158009 49.854483728569086, -97.3119696834133 49.85462135014741, -97.31196916546615 49.85462635278251, -97.31195541890801 49.85475894389035, -97.31195216004178 49.85479038319457, -97.3119412469479 49.85489563588535, -97.31193515309795 49.85495441357814, -97.3119270762888 49.85503232789494, -97.31191814744712 49.85511844307487, -97.31191290418096 49.85516901897958, -97.31190114163606 49.85528247346247, -97.31188413569609 49.85544650384191, -97.31186598799137 49.8556264871898, -97.31183773703188 49.85589988326819, -97.31183632433861 49.85591355297958, -97.31181913370055 49.85607991482978, -97.31181089703499 49.8561596095934, -97.31181065742565 49.8561619339918, -97.31180218254055 49.856243952273175, -97.31178523125202 49.85640798970844, -97.31178505295884 49.85640971233945, -97.31176827983494 49.85657202713556, -97.3117681015404 49.85657374976649, -97.31175274103629 49.85672239484656, -97.31175114999344 49.856737787185395, -97.3117363541662 49.85688096527013, -97.31173419831792 49.85690182459617, -97.311720250317 49.85703680085382, -97.3117172464825 49.85706586289784, -97.31170329840714 49.85720083824977, -97.31170029454988 49.85722990029234, -97.31168662948268 49.8573621417046, -97.31168051457549 49.85742130404001, -97.3116702421593 49.857520711198454, -97.31166073811603 49.8576126817449, -97.31165357298832 49.857682014637696, -97.3116389824555 49.85782319610846, -97.31163662057284 49.857846052001726, -97.31161995115116 49.858007355425, -97.31161242319547 49.85808018835026, -97.31160592525656 49.85814306899697, -97.31160356333896 49.858165924887935, -97.31158689224878 49.858327229174456, -97.31157145467677 49.85847661245438, -97.3115705055849 49.85848579864232, -97.31155440054089 49.8586416341504, -97.31155196510764 49.858665200466646, -97.31153886025545 49.85879200176729, -97.3115350119216 49.858829237781805, -97.31152190697003 49.858956039076176, -97.311518058607 49.85899327508886, -97.31150110513246 49.85915731328679, -97.31149641104135 49.859202724160994, -97.31148415156072 49.85932135057755, -97.31147098129314 49.85944877965132, -97.31146719786038 49.85948538786018, -97.31145954912806 49.85955939553736, -97.31144770738229 49.85967397581493, -97.31143989942309 49.85974951570392, -97.31142405975557 49.859902780684074, -97.31141416902253 49.85999846944588, -97.3114132343627 49.860007519117936, -97.31140673445404 49.86007039970774, -97.31140451251589 49.86009190838868, -97.31139477310298 49.86018612778076, -97.31138502451175 49.86028044957923, -97.31137529273944 49.86037460701349, -97.31136568633588 49.86046756185151, -97.31136274474632 49.860496022119065, -97.31134956159524 49.86062356070831, -97.3113302628889 49.86081029035692, -97.31131847803697 49.86092429665416, -97.31119181312262 49.8609188283618, -97.31117260930394 49.8612114073548, -97.3112085977699 49.86187028298032, -97.31111210504343 49.86279685926145, -97.31277888581573 49.86310140413054, -97.31888996603642 49.86421774961484, -97.32589849937547 49.86596914176703, -97.32372669654902 49.8563448198299, -97.3236393602472 49.855831419286126, -97.3236083762842 49.85531531164331, -97.32363389787113 49.854799078988854, -97.32438102023174 49.8476648566643, -97.32439533283996 49.84752816335097, -97.32292725596236 49.84746388584918, -97.32284269156933 49.84746018507139, -97.3227581274181 49.847456482052145, -97.32263339517421 49.84745101997983, -97.31537757998049 49.84713335071198, -97.31275642496493 49.8470181498099)))", "lon": -97.318294368297032, "lat": 49.856107914591462 }, "geometry": { "type": "Polygon", "coordinates": [ [ [ -97.3127564, 49.8470181 ], [ -97.3243953, 49.8475282 ], [ -97.3236394, 49.8558314 ], [ -97.3258985, 49.8659691 ], [ -97.3111121, 49.8627969 ], [ -97.3127564, 49.8470181 ] ] ] } },
{ "type": "Feature", "properties": { "ID": 497, "Name": "Weston", "Cluster": "Inkster East", "Location": "MULTIPOLYGON (((-97.19510693581236 49.92383206972862, -97.19510473912435 49.916460433834295, -97.19510471814026 49.916365274062194, -97.18965476330081 49.91113840367622, -97.18639840117142 49.910096555877296, -97.18372141809294 49.90923995959967, -97.18372528091294 49.913108594195684, -97.18152185689384 49.915980272047165, -97.1706867748054 49.91251023438882, -97.17022197525871 49.916779219594005, -97.17043215026827 49.9167846007997, -97.17810020571183 49.919228468011454, -97.18062300313062 49.91997157658018, -97.19510693581236 49.92383206972862)))", "lon": -97.185096721932013, "lat": 49.916824194358846 }, "geometry": { "type": "Polygon", "coordinates": [ [ [ -97.1951069, 49.9238321 ], [ -97.170222, 49.9167792 ], [ -97.1706868, 49.9125102 ], [ -97.1815219, 49.9159803 ], [ -97.1837253, 49.9131086 ], [ -97.1837214, 49.90924 ], [ -97.1896548, 49.9111384 ], [ -97.1951047, 49.9163653 ], [ -97.1951069, 49.9238321 ] ] ] } },
{ "type": "Feature", "properties": { "ID": 25, "Name": "Weston Shops", "Cluster": "Inkster East", "Location": "MULTIPOLYGON (((-97.18218550190132 49.92716898082437, -97.1822176786874 49.92726638956102, -97.1951104733444 49.931393293248746, -97.1951103106868 49.93120695387943, -97.19510693581236 49.92383206972862, -97.18062300313062 49.91997157658018, -97.17810020571183 49.919228468011454, -97.17043215026825 49.9167846007997, -97.17022197525871 49.916779219594005, -97.17001180030617 49.916773838007856, -97.16074342535349 49.913804765117064, -97.15853323664382 49.91668148035161, -97.16104420967129 49.917486472415916, -97.1611062835627 49.91740565510866, -97.16123106971018 49.917445639475, -97.1628248880442 49.91795672035211, -97.16315756325365 49.91806339336956, -97.16474012964824 49.918570827263714, -97.1656906265956 49.918875578981954, -97.16664113568814 49.9191803230262, -97.16729053048336 49.9193885197447, -97.16805107115876 49.91963234309556, -97.1694698458346 49.920086991771946, -97.16965504188195 49.92014633201602, -97.16985706396859 49.92021154358447, -97.16976114141872 49.92115286406781, -97.16667379908442 49.92260809648146, -97.16950992749743 49.92351184167445, -97.16955196056482 49.92312400235227, -97.16975396907137 49.92318885006468, -97.17013419047382 49.9233106130667, -97.17441387707922 49.92468101713626, -97.17869195188962 49.926050671464914, -97.18116155386936 49.926841224503846, -97.18132420072142 49.92689328575517, -97.18170432927327 49.92701496317508, -97.18218550190132 49.92716898082437)))", "lon": -97.179536647200436, "lat": 49.922737435979649 }, "geometry": { "type": "Polygon", "coordinates": [ [ [ -97.1951105, 49.9313933 ], [ -97.1666738, 49.9226081 ], [ -97.1697611, 49.9211529 ], [ -97.1698571, 49.9202115 ], [ -97.1585332, 49.9166815 ], [ -97.1607434, 49.9138048 ], [ -97.1951069, 49.9238321 ], [ -97.1951105, 49.9313933 ] ] ] } },
{ "type": "Feature", "properties": { "ID": 1562, "Name": "Westwood", "Cluster": "St. James-Assiniboia West", "Location": "MULTIPOLYGON (((-97.29018494770156 49.865309405536955, -97.29017908433252 49.86535581566834, -97.29016528747432 49.86546501575322, -97.29016218370595 49.86548958640925, -97.29012423821705 49.865789913547765, -97.29003383566838 49.866552064607575, -97.2898885762522 49.86777664705106, -97.28983942433783 49.868191005632035, -97.28969401504598 49.86941621319103, -97.28964481165046 49.86983078221744, -97.2894942843169 49.87109902713394, -97.28945018575101 49.87147055881156, -97.28933025340731 49.872492867677636, -97.289318958823 49.87260209598756, -97.29209176906386 49.87271879760577, -97.29230907024532 49.87269124289538, -97.29254948595319 49.87263956706038, -97.29328251343541 49.87242373685756, -97.29377374370955 49.873067230248026, -97.29388894604267 49.873269741738625, -97.29394602651308 49.8734313783846, -97.29396341949199 49.873579390880415, -97.29397624308291 49.87371051903509, -97.2931699780831 49.88172875592386, -97.29819137408862 49.88251501669022, -97.30270050192759 49.88321981626525, -97.31078640867298 49.88230255803098, -97.3108046422536 49.882099345087084, -97.31092542502651 49.880887235604405, -97.31094072928181 49.8807336476439, -97.3109425653717 49.88071521776576, -97.31095980160003 49.88054224336083, -97.31097852943927 49.88035428359381, -97.31098901110016 49.880249093460165, -97.31100614860486 49.88007710253996, -97.3110144929039 49.87999334938354, -97.31102303998865 49.879907573528854, -97.31104020345332 49.87973530952862, -97.31105045573422 49.87963241603396, -97.31105682381124 49.87956851370353, -97.31107425918375 49.87939351560415, -97.31108641799301 49.87927148174702, -97.31109142362985 49.87922125159812, -97.31110831437354 49.87905172164532, -97.31112238104014 49.878910547442025, -97.31112466060941 49.87888766074782, -97.31113600259081 49.878773830018936, -97.31114155109138 49.87871813077837, -97.31115817063274 49.87855133580242, -97.31117196341545 49.87841289564082, -97.3111756051815 49.878376337650664, -97.31119167874137 49.87821501080347, -97.31120792363723 49.878051961224386, -97.31120884224794 49.87804274673771, -97.31122491416755 49.87788141985441, -97.31124125951493 49.87771735890043, -97.31124388325617 49.87769102676962, -97.31125842262479 49.877545094809456, -97.31127531205352 49.87737556477305, -97.3112798422409 49.87733009317556, -97.31129192916741 49.87720876971093, -97.31130963619984 49.877031036527434, -97.31131580065423 49.87696915864412, -97.31132652519396 49.87686150736443, -97.31134355085405 49.876690610262, -97.31135175846475 49.876608224074374, -97.31137079248263 49.87641717435298, -97.31138771706368 49.87624728948658, -97.31138849883271 49.876239442027114, -97.31142203941137 49.8759027611266, -97.31143689098754 49.87576627920533, -97.31147531419649 49.87537534556089, -97.3114977585118 49.87514989767211, -97.3115083315928 49.8750441285745, -97.3115237861706 49.87488846567621, -97.31154148016341 49.87471073220912, -97.31154431141134 49.874683188770604, -97.31155781336379 49.87454667096015, -97.31157523635225 49.87437167158146, -97.3115802920493 49.87432224804958, -97.31159211352042 49.87420214214386, -97.31160844636635 49.8740380799713, -97.31161627066172 49.873961308168994, -97.31162505116477 49.873871284603474, -97.31164220010956 49.87369901925631, -97.31165224867112 49.873600368250074, -97.3116585325425 49.873534957958526, -97.31167540908619 49.873365427580175, -97.3116882260775 49.8732394282928, -97.31169310182743 49.87318769403352, -97.31170994575854 49.873018492380474, -97.31172420427195 49.87287848831744, -97.31173181108771 49.872798841252624, -97.31176018047235 49.87251754828349, -97.31176535308279 49.87246188576512, -97.31179952750433 49.872122783383, -97.31180484243916 49.872069462508804, -97.31180864261687 49.872027013308006, -97.31184572327341 49.8716593035294, -97.31186796136252 49.87143866112657, -97.3119062068812 49.8710629789829, -97.311936015526 49.870770157396066, -97.31194325864178 49.87069900428925, -97.3119847483758 49.87029142389579, -97.31198941504668 49.87024558722031, -97.31279361036957 49.870186873396285, -97.31266674493196 49.86999331642564, -97.31255458213843 49.86965240066623, -97.31248936449664 49.869254071861256, -97.31234611542831 49.867948302975506, -97.3121783100884 49.86750200298327, -97.31191655231899 49.86706943947716, -97.31151252555325 49.86674750995619, -97.31099477452857 49.86654243855168, -97.3104648841104 49.86642781828888, -97.30972394603589 49.86638564341914, -97.30879963798826 49.86639539903849, -97.3077867129027 49.86636899566039, -97.30726374541929 49.86631372016387, -97.30505671378293 49.86594218357546, -97.30404965763321 49.86574851546893, -97.30309977084978 49.86551384609969, -97.30219708942498 49.8652147923155, -97.30027333422294 49.86440577992168, -97.29934333457996 49.864117922369175, -97.29852975950676 49.86394447369475, -97.29783096864023 49.863880764578674, -97.29631138501573 49.86395139246952, -97.29534482294773 49.86393718084765, -97.29403924294436 49.863851741695264, -97.29173655800176 49.86385384608939, -97.2907467335238 49.86378580440366, -97.29056138564061 49.863744178512775, -97.29038763089129 49.86370515590415, -97.29032739171261 49.86418196389131, -97.29028120061518 49.86454757079936, -97.29024991071418 49.86479523099184, -97.29022737656335 49.864973587508814, -97.29018494770156 49.865309405536955)))", "lon": -97.301322749823967, "lat": 49.873268603965201 }, "geometry": { "type": "Polygon", "coordinates": [ [ [ -97.289319, 49.8726021 ], [ -97.2903876, 49.8637052 ], [ -97.297831, 49.8638808 ], [ -97.311916599999989, 49.8670694 ], [ -97.3127936, 49.8701869 ], [ -97.311989400000016, 49.8702456 ], [ -97.3107864, 49.8823026 ], [ -97.302700500000014, 49.8832198 ], [ -97.29317, 49.8817288 ], [ -97.293946, 49.8734314 ], [ -97.293282499999989, 49.8724237 ], [ -97.289319, 49.8726021 ] ] ] } },
{ "type": "Feature", "properties": { "ID": 30, "Name": "Whyte Ridge", "Cluster": "Fort Garry North", "Location": "MULTIPOLYGON (((-97.20113682529819 49.82123631399276, -97.20705958204637 49.81921970239965, -97.20957997778102 49.818381292330784, -97.2108988272483 49.81793488862818, -97.21952870280684 49.81501327301301, -97.22107968905185 49.8143691678078, -97.21965197612376 49.81436605038951, -97.21966810681661 49.81229133198631, -97.21966787601947 49.806977861202625, -97.21966811504298 49.806352297189136, -97.21966904935188 49.805006895926695, -97.2196725001 49.802952359838486, -97.21967308600735 49.80248564282985, -97.21967262904039 49.79978758799499, -97.19159178950503 49.809367059093255, -97.20113682529819 49.82123631399276)))", "lon": -97.207876363492346, "lat": 49.810877332011636 }, "geometry": { "type": "Polygon", "coordinates": [ [ [ -97.2011368, 49.8212363 ], [ -97.1915918, 49.8093671 ], [ -97.2196726, 49.7997876 ], [ -97.219652, 49.8143661 ], [ -97.2210797, 49.8143692 ], [ -97.2011368, 49.8212363 ] ] ] } },
{ "type": "Feature", "properties": { "ID": 1364, "Name": "Wildwood", "Cluster": "Fort Garry North", "Location": "MULTIPOLYGON (((-97.12390444524371 49.84153296400388, -97.1230820917824 49.84152474667252, -97.12247423653777 49.84157694168203, -97.12185373059606 49.8417181669499, -97.12133480325038 49.841917128500384, -97.12089315856286 49.84215643591596, -97.12042089398568 49.84250743053198, -97.12004450395055 49.842825983038644, -97.11972480110039 49.843241491733394, -97.11949114115811 49.843720437841284, -97.11941026644807 49.84417891598518, -97.11943344268602 49.84466542923782, -97.11959919624987 49.845135558505476, -97.11993976509751 49.845673115394284, -97.12029216858714 49.84611949714864, -97.12063793082915 49.84651308262888, -97.12095263671752 49.846836894588044, -97.12130908610261 49.847135035818276, -97.12166800571862 49.84740346982269, -97.12207369230984 49.84765226320715, -97.12427206304572 49.84888791054595, -97.12556099916746 49.84964731950186, -97.12778536164926 49.850861222241626, -97.12868868065217 49.851329652631215, -97.12965480713481 49.851771893111454, -97.13047387841247 49.85207407132705, -97.13123758077346 49.85227846361077, -97.13191205239872 49.85241087178691, -97.13252684871236 49.852488771464, -97.1331009193405 49.852532016294944, -97.13368132545064 49.852547314004326, -97.13429831281714 49.8525343015441, -97.13491401326178 49.8524864196883, -97.13559810818923 49.85236909421716, -97.1363381438437 49.85216427601569, -97.13727305255445 49.85181385519242, -97.14010426843133 49.850652487455214, -97.14061961045893 49.85047888110718, -97.14114543518635 49.85034028601267, -97.14183532630904 49.85020771886969, -97.14273037364964 49.85010648201844, -97.14305368090085 49.85010741358384, -97.14332487721096 49.85013538937131, -97.1435697940037 49.84952908832184, -97.14448162127483 49.84922087961392, -97.1444167995061 49.84914056431876, -97.14418131862483 49.84884879691824, -97.1441619091977 49.848824742410486, -97.14471816861608 49.84863676217473, -97.14447920201579 49.84834108518583, -97.14440033693622 49.84824351786486, -97.14375841274192 49.84845248320491, -97.14199482210392 49.84774550037275, -97.13965686031885 49.84757884911023, -97.13874875490552 49.84645529377652, -97.13868392418428 49.84637507960018, -97.13973959671422 49.84601793681904, -97.13812555145468 49.84573586882861, -97.13707615240708 49.844487448822484, -97.13721109026214 49.8444401818409, -97.1371305051816 49.84434397653677, -97.1365572430435 49.843659583549496, -97.13613146244181 49.843151248287114, -97.13587424368717 49.843266982897454, -97.13469847178052 49.84356252206148, -97.13427950433918 49.84362376855475, -97.13365898965971 49.843663070160375, -97.13270699406472 49.84364178477984, -97.13170593759637 49.84356360792112, -97.130740933307 49.843436710362404, -97.12990227826388 49.84323705354333, -97.12921522792371 49.84302539006833, -97.12830335852058 49.842646062795644, -97.12725379644502 49.842259403771955, -97.12665184508886 49.842056749189595, -97.12589896106299 49.84184910090968, -97.12516410820831 49.84168508381576, -97.12446461946398 49.84159217528123, -97.12390444524371 49.84153296400388)))", "lon": -97.130824232020913, "lat": 49.847106757358205 }, "geometry": { "type": "Polygon", "coordinates": [ [ [ -97.1239044, 49.841533 ], [ -97.1307409, 49.8434367 ], [ -97.1361315, 49.8431512 ], [ -97.1381256, 49.8457359 ], [ -97.1397396, 49.8460179 ], [ -97.1386839, 49.8463751 ], [ -97.1396569, 49.8475788 ], [ -97.1447182, 49.8486368 ], [ -97.1433249, 49.8501354 ], [ -97.1355981, 49.8523691 ], [ -97.1304739, 49.8520741 ], [ -97.121668, 49.8474035 ], [ -97.1195992, 49.8451356 ], [ -97.1194911, 49.8437204 ], [ -97.1204209, 49.8425074 ], [ -97.1239044, 49.841533 ] ] ] } },
{ "type": "Feature", "properties": { "ID": 93, "Name": "Wilkes South", "Cluster": "Assiniboine South", "Location": "MULTIPOLYGON (((-97.32838934473146 49.80896446548466, -97.32628268802597 49.80895780713753, -97.31610678250632 49.80893426818208, -97.31318164205314 49.808928796655955, -97.30437007712361 49.80891277764151, -97.2993626940467 49.80890286142046, -97.29937696483556 49.810705819085584, -97.27653285516256 49.81065410715881, -97.27653493367588 49.81246437947176, -97.25369581585798 49.812401091804695, -97.25369981996246 49.814441632950754, -97.23450303042293 49.814397691724714, -97.23441521532915 49.81439743761267, -97.23437005304686 49.81439734446522, -97.23086258127111 49.814390055916505, -97.23086244761049 49.81466132763198, -97.2303788906876 49.820613884301345, -97.23025964342075 49.82198137007243, -97.23018791535442 49.82280388736055, -97.23011621111132 49.82362609924144, -97.2300445040745 49.824448310939765, -97.2299727942438 49.825270522455476, -97.22990108161902 49.826092733788606, -97.2298293662 49.82691494493913, -97.22975764798655 49.827737155907066, -97.22974284907583 49.82790681349481, -97.22968592697849 49.828559366692396, -97.22966810570458 49.8287636650639, -97.22961420309814 49.82938157729232, -97.22958117001077 49.829760242911284, -97.22950956731408 49.83058101706847, -97.2294379618319 49.83140179104365, -97.22936635356405 49.832222564836776, -97.22929474251038 49.833043338448014, -97.22922312867068 49.83386411187725, -97.2291515120448 49.83468488512441, -97.22907989263253 49.835505658189675, -97.2290082704337 49.836326431072926, -97.22893664544816 49.8371472037742, -97.22886501767569 49.83796797629336, -97.22879338711614 49.83878874863062, -97.2287060482969 49.839789472154365, -97.22865303614205 49.84039685930646, -97.22861674518164 49.84081265127197, -97.22858304267683 49.84119877283663, -97.2285493413018 49.84158489332035, -97.22848234891053 49.842350899493645, -97.22841546359896 49.84311565338966, -97.2282805354766 49.844658310956966, -97.22826535685195 49.844832447054905, -97.22820122516326 49.84551620935397, -97.22818766305151 49.84566080369317, -97.23168585709794 49.84533320872601, -97.24543909403891 49.84404725728139, -97.25199680650837 49.84343169315049, -97.28331744355862 49.84048509619297, -97.2876418470261 49.84034638864228, -97.32527148602969 49.83913124657142, -97.32528570419908 49.838994947419664, -97.32537877803603 49.838102711818074, -97.32567141083605 49.83527480043069, -97.32587767641037 49.83329850016187, -97.32838731193263 49.809235824577954, -97.32838934473146 49.80896446548466)))", "lon": -97.278297499283823, "lat": 49.82653296406879 }, "geometry": { "type": "Polygon", "coordinates": [ [ [ -97.3283893, 49.808964499999988 ], [ -97.325271500000014, 49.8391312 ], [ -97.2833174, 49.8404851 ], [ -97.2281877, 49.8456608 ], [ -97.2308626, 49.8143901 ], [ -97.2536998, 49.8144416 ], [ -97.2536958, 49.8124011 ], [ -97.2765349, 49.8124644 ], [ -97.2765329, 49.8106541 ], [ -97.299377, 49.8107058 ], [ -97.299362699999989, 49.8089029 ], [ -97.3283893, 49.808964499999988 ] ] ] } },
{ "type": "Feature", "properties": { "ID": 83, "Name": "William Whyte", "Cluster": "Point Douglas South", "Location": "MULTIPOLYGON (((-97.15647370648344 49.919356944378855, -97.15673916175739 49.91901358115787, -97.1566137671733 49.918973276319036, -97.15435526546528 49.918247780413225, -97.15410448386804 49.91816716551345, -97.15184630072666 49.9174416986483, -97.1515955138659 49.91736109167831, -97.14933481274112 49.91663473293227, -97.14908402294651 49.91655410963699, -97.14682633683123 49.915828686022714, -97.14657554856393 49.91574803883407, -97.14431793874962 49.91502256712571, -97.14406716662404 49.9149419327075, -97.14181047884388 49.91421678851324, -97.14168506341 49.91417651583741, -97.14143137270557 49.91450625803251, -97.13266814894658 49.91169294041151, -97.13202412191353 49.914181497388135, -97.1315436763074 49.91642438529373, -97.13123271049609 49.91703981171527, -97.13102378695088 49.91730057313718, -97.13675964947338 49.919150970776485, -97.14514429985779 49.921856649473995, -97.15266384083085 49.924280119503536, -97.15621191009531 49.919699024190926, -97.15647370648344 49.919356944378855)))", "lon": -97.143540504316775, "lat": 49.918069727225514 }, "geometry": { "type": "Polygon", "coordinates": [ [ [ -97.1564737, 49.9193569 ], [ -97.1526638, 49.9242801 ], [ -97.1310238, 49.9173006 ], [ -97.132668099999989, 49.9116929 ], [ -97.1564737, 49.9193569 ] ] ] } },
{ "type": "Feature", "properties": { "ID": 131, "Name": "Windsor Park", "Cluster": "St. Boniface East", "Location": "MULTIPOLYGON (((-97.04956490896836 49.856032553908456, -97.04959346089531 49.85656004310428, -97.0496987052192 49.85759056027537, -97.04992325862871 49.85805155943264, -97.05030732441122 49.85849185916752, -97.05105438603634 49.85894995401114, -97.05172113970329 49.85925992296355, -97.05240941719023 49.85953130868704, -97.0530201826484 49.859704620028346, -97.05659327176227 49.86020490570556, -97.06240251998958 49.86397252303808, -97.07132069413032 49.8709975466824, -97.09319213196396 49.87098784079466, -97.09120994317931 49.86723878551246, -97.08943142302373 49.866188613591724, -97.08414816666252 49.85588997336022, -97.08393928586366 49.855893581235314, -97.0652566795854 49.85591346262292, -97.06090580544073 49.856031451555936, -97.04977600769861 49.85603250924973, -97.04956490896836 49.856032553908456)))", "lon": -97.0737150928029, "lat": 49.862800795448365 }, "geometry": { "type": "Polygon", "coordinates": [ [ [ -97.0495649, 49.8560326 ], [ -97.0841482, 49.85589 ], [ -97.0894314, 49.8661886 ], [ -97.0912099, 49.8672388 ], [ -97.0931921, 49.8709878 ], [ -97.0713207, 49.8709975 ], [ -97.056593299999989, 49.8602049 ], [ -97.0503073, 49.8584919 ], [ -97.0495649, 49.8560326 ] ] ] } },
{ "type": "Feature", "properties": { "ID": 1484, "Name": "Wolseley", "Cluster": "Downtown West", "Location": "MULTIPOLYGON (((-97.19436448352575 49.87836246683016, -97.19367972069146 49.87833217043951, -97.19281689618278 49.87822925187202, -97.1910347879792 49.87809106867789, -97.19026488742733 49.878099965458766, -97.18974017780047 49.878139411329826, -97.18924493048614 49.87820836357247, -97.18883519972633 49.878298402949405, -97.18829448905417 49.87847702496141, -97.18751504516376 49.878692579516105, -97.18467450086158 49.87930462297361, -97.18401978760915 49.87940591356331, -97.18333197377044 49.87947879513424, -97.18282775309672 49.879498777931374, -97.18231375896112 49.87947328962503, -97.18162473053016 49.8793869562872, -97.18106289412745 49.87926543281067, -97.18048185347264 49.879080860379446, -97.17998102177563 49.87886733403724, -97.17954435671683 49.878621117045334, -97.17808578689693 49.87767445729638, -97.17751111666743 49.87732148853731, -97.17676955335953 49.87691244250592, -97.17610751425023 49.876635942353175, -97.17544916886791 49.87645245179067, -97.17477654243478 49.87631404827413, -97.17410435899889 49.87621166798523, -97.17281360079627 49.87615879313849, -97.17203483401524 49.87616510499597, -97.17132511476717 49.87620877642805, -97.17024311948754 49.876379680039676, -97.16992882737729 49.87646534954171, -97.16928406376663 49.87668407005879, -97.16802659568422 49.87717661835187, -97.16604268290045 49.878001595967056, -97.16550478411975 49.87819874754552, -97.16487343737148 49.87839441716598, -97.16427246711912 49.87854757261345, -97.16374075767865 49.87862861988853, -97.16349259541194 49.878629335947075, -97.16310410074284 49.878584835759725, -97.16262068493073 49.87848305640962, -97.16212907992018 49.87836023022568, -97.1616965245316 49.8781976705045, -97.16116825687315 49.878853221062165, -97.16106578367778 49.880322288552144, -97.16067562027871 49.885832585846856, -97.16052319541133 49.887991613787776, -97.17133760765726 49.88508058343963, -97.17488324870624 49.884630239562576, -97.18473697818072 49.88337817089892, -97.1941068896176 49.88156743795225, -97.19436448352575 49.87836246683016)))", "lon": -97.174501517067355, "lat": 49.881346494116691 }, "geometry": { "type": "Polygon", "coordinates": [ [ [ -97.1943645, 49.8783625 ], [ -97.1941069, 49.8815674 ], [ -97.1713376, 49.8850806 ], [ -97.1605232, 49.8879916 ], [ -97.1616965, 49.8781977 ], [ -97.1642725, 49.8785476 ], [ -97.1728136, 49.8761588 ], [ -97.1761075, 49.8766359 ], [ -97.182313799999989, 49.8794733 ], [ -97.1897402, 49.8781394 ], [ -97.1943645, 49.8783625 ] ] ] } },
{ "type": "Feature", "properties": { "ID": 45, "Name": "Woodhaven", "Cluster": "St. James-Assiniboia East", "Location": "MULTIPOLYGON (((-97.2790572844978 49.879475332512136, -97.27916098196947 49.879499714485995, -97.27918185871042 49.87931560536298, -97.27921913814653 49.87898745811717, -97.27922236936328 49.8789590182552, -97.27922560057581 49.878930578392804, -97.27923498255839 49.878847994932094, -97.27925051527305 49.8787112669696, -97.27926449422192 49.87858821161214, -97.27926604789023 49.87857453900102, -97.27928158040993 49.87843781102631, -97.27928561965214 49.87840226187183, -97.27929711283215 49.87830108304551, -97.27930643337724 49.87821904555139, -97.27931264658008 49.87816435418023, -97.27932724689536 49.87803583011911, -97.27932817880738 49.87802762618722, -97.27934371093717 49.87789089818809, -97.27934806023846 49.87785261467593, -97.27935924296955 49.87775417018287, -97.27936887343849 49.87766939832262, -97.27937477490441 49.87761744217155, -97.27938254130876 49.877549078186085, -97.27938968643157 49.877486182857446, -97.27939030674185 49.87748071415411, -97.279405839873 49.87734398615124, -97.27941049924962 49.8773029673814, -97.27942137154743 49.87720725722258, -97.2794313118927 49.877119751894206, -97.27943690309246 49.877070529186824, -97.2794521243927 49.87693653549714, -97.27945243454003 49.876933801144986, -97.27946796589015 49.87679707309703, -97.27947293668575 49.87675331998811, -97.27948349714278 49.87666034504297, -97.2794937488038 49.876570104468136, -97.27949747704164 49.876537284919976, -97.27949902968912 49.87652361700347, -97.27951378450932 49.87639372199803, -97.27951456077881 49.87638688803818, -97.27953009173909 49.876250159965906, -97.2795456226019 49.87611343188735, -97.27954717609377 49.876099759265166, -97.27956115336727 49.87597670380286, -97.27957668403518 49.87583997571219, -97.27958289655967 49.875785284298445, -97.27893125735396 49.87575436902025, -97.27850811413946 49.87573429256047, -97.2782330729948 49.8757212421509, -97.27795803065574 49.87570819017051, -97.27790725355449 49.87570578072327, -97.27768298844946 49.875695138437976, -97.27757784749257 49.87569061841047, -97.27761377984883 49.87552011440309, -97.27767691803679 49.87534644201077, -97.27774653673102 49.87518311387802, -97.27777983544664 49.875031754854795, -97.27817295713403 49.87156157421738, -97.27827883791227 49.87156637828648, -97.27837610564384 49.87157087325156, -97.2783916766516 49.87143423036796, -97.28006638649552 49.87151161345554, -97.28029615762877 49.86949465367747, -97.2795552732404 49.86929299262103, -97.27921888821098 49.86959569055394, -97.27879503958654 49.86983688861188, -97.27856638911025 49.869900987597084, -97.27818491852776 49.87000792618471, -97.27752840761273 49.87006788771084, -97.27702208381501 49.87004990489871, -97.27643071329643 49.86999695923277, -97.27509994806583 49.869706432814056, -97.27425927063125 49.8695870213437, -97.27338921880241 49.8695856832268, -97.27282262990663 49.86964463371367, -97.27175248850504 49.86985990666755, -97.27079100133577 49.87015347832856, -97.27005269199843 49.87048987892209, -97.26908274283483 49.87096921930002, -97.26803306961156 49.87136486317777, -97.26691275262715 49.871724583375155, -97.26620896463758 49.87189880527793, -97.2657954466846 49.871958846691875, -97.2659708063104 49.87240091889354, -97.26624135497654 49.87270310202664, -97.26639163682172 49.87276884121822, -97.26665268596489 49.87281159558284, -97.2678765634137 49.87282989138608, -97.26857377059098 49.87292464518264, -97.26911109025869 49.873107019194016, -97.26975774301597 49.87348607876973, -97.270480353721 49.87422697554185, -97.27081867519567 49.87470793351696, -97.27120092721299 49.876092134006065, -97.27178747808517 49.87661508254982, -97.27212690447037 49.876796337961174, -97.27234907871316 49.876888760658034, -97.2729426375523 49.87709726941217, -97.27324093038354 49.87715915090054, -97.27359590136554 49.877128066278246, -97.27382241553144 49.87711678611345, -97.27404905238002 49.877216717083755, -97.2744612271447 49.87759579584849, -97.27474925414867 49.87782709769864, -97.27494197797506 49.878119888148625, -97.27506639953126 49.8785380434241, -97.2790572844978 49.879475332512136)))", "lon": -97.27444192248457, "lat": 49.873688585234738 }, "geometry": { "type": "Polygon", "coordinates": [ [ [ -97.2790573, 49.8794753 ], [ -97.2750664, 49.878538 ], [ -97.2740491, 49.8772167 ], [ -97.2712009, 49.8760921 ], [ -97.2697577, 49.8734861 ], [ -97.2663916, 49.872768799999989 ], [ -97.2657954, 49.8719588 ], [ -97.2728226, 49.8696446 ], [ -97.2775284, 49.8700679 ], [ -97.2802962, 49.8694947 ], [ -97.28006640000001, 49.8715116 ], [ -97.278173, 49.8715616 ], [ -97.277577799999989, 49.8756906 ], [ -97.2795829, 49.8757853 ], [ -97.2790573, 49.8794753 ] ] ] } },
{ "type": "Feature", "properties": { "ID": 43, "Name": "Worthington", "Cluster": "St. Vital North", "Location": "MULTIPOLYGON (((-97.09287300637726 49.83825656290441, -97.09504648547978 49.842512752834715, -97.09778447350816 49.84685815933517, -97.11239657280079 49.84182642203331, -97.11215647401067 49.83989974953518, -97.11248006394563 49.837002791601, -97.11304639208852 49.83580566457516, -97.11513146479909 49.83138023984784, -97.11504590377434 49.830709022948554, -97.10889241217397 49.83280430690621, -97.09287300637726 49.83825656290441)))", "lon": -97.104168468977733, "lat": 49.839143325745489 }, "geometry": { "type": "Polygon", "coordinates": [ [ [ -97.092873, 49.8382566 ], [ -97.1088924, 49.8328043 ], [ -97.1150459, 49.830709 ], [ -97.1124801, 49.8370028 ], [ -97.1123966, 49.8418264 ], [ -97.0977845, 49.8468582 ], [ -97.092873, 49.8382566 ] ] ] } },
{ "type": "Feature", "properties": { "ID": 1901, "Name": "Airport", "Cluster": "St. James-Assiniboia West", "Location": "MULTIPOLYGON ( ((-97.29819 49.88251, -97.3027 49.88322, -97.31079 49.8823, -97.31673 49.88159, -97.31496 49.8992, -97.30732 49.89969, -97.2973 49.90037, -97.29553 49.90049, -97.28785 49.90099, -97.28447 49.90115, -97.27703 49.90164, -97.27774 49.89386, -97.27829 49.88793, -97.27896 49.88051, -97.27906 49.87948, -97.27916 49.8795, -97.27965 49.87961, -97.29317 49.88173, -97.29819 49.88251)))", "lon": -97.296016133369193, "lat": 49.891072513068295 }, "geometry": { "type": "Polygon", "coordinates": [ [ [ -97.2790573, 49.8794753 ], [ -97.302700500000014, 49.8832198 ], [ -97.3167272, 49.8815876 ], [ -97.3149611, 49.899201899999987 ], [ -97.27703240000001, 49.901639 ], [ -97.2790573, 49.8794753 ] ] ] } }
]
}
